,mouse_id,region,treatment,sex,time,density
0,0,CH,morphine,M,1h,1029.2280121816507
1,1,CH,morphine,M,4h,404.22292808389483
2,2,CH,saline,M,1h,828.7314968385649
3,3,CH,saline,M,4h,474.3381642980004
4,4,CH,morphine,F,4h,373.25071330707146
5,5,CH,saline,F,4h,80.07680529260631
6,6,CH,morphine,M,1h,392.12259417412935
7,7,CH,morphine,M,4h,186.3009169037083
8,8,CH,saline,M,4h,119.85420612899242
9,9,CH,morphine,F,4h,131.61016265067292
10,10,CH,saline,F,1h,386.1014274203485
11,11,CH,saline,M,1h,93.46402312626839
12,12,CH,morphine,M,1h,175.9732202862961
13,13,CH,saline,M,4h,34.95611740319614
14,14,CH,morphine,M,1h,460.6536944030439
15,15,CH,morphine,F,4h,165.4280221606197
16,16,CH,saline,F,4h,53.070368016467015
17,17,CH,morphine,M,1h,172.3010698217687
18,18,CH,saline,M,1h,35.405620520275505
19,19,CH,morphine,F,1h,317.3709508088584
20,20,CH,morphine,F,1h,321.57597996863313
21,21,CH,morphine,F,1h,147.9300258207641
22,22,CH,morphine,M,4h,460.63919430249297
23,23,CH,morphine,M,4h,390.91908582840074
24,24,CH,saline,F,1h,231.54848067293926
25,25,CH,saline,F,4h,109.2292574502858
26,26,CH,saline,F,4h,34.013610867384564
27,0,CTX,morphine,M,1h,1257.303927620028
28,1,CTX,morphine,M,4h,499.77532071124506
29,2,CTX,saline,M,1h,1026.6616593889428
30,3,CTX,saline,M,4h,587.5588648993245
31,4,CTX,morphine,F,4h,388.4242399259547
32,5,CTX,saline,F,4h,86.06822836602608
33,6,CTX,morphine,M,1h,420.9836426219292
34,7,CTX,morphine,M,4h,214.91553053625992
35,8,CTX,saline,M,4h,133.77206417512892
36,9,CTX,morphine,F,4h,161.23968727300843
37,10,CTX,saline,F,1h,380.5653850675474
38,11,CTX,saline,M,1h,111.10732537899858
39,12,CTX,morphine,M,1h,206.81743426056627
40,13,CTX,saline,M,4h,38.23348687576655
41,14,CTX,morphine,M,1h,521.7990730686081
42,15,CTX,morphine,F,4h,192.16051196002152
43,16,CTX,saline,F,4h,56.25784497434222
44,17,CTX,morphine,M,1h,186.84754690066174
45,18,CTX,saline,M,1h,42.06134955234862
46,19,CTX,morphine,F,1h,364.5632940433925
47,20,CTX,morphine,F,1h,380.9535881220121
48,21,CTX,morphine,F,1h,175.90563755156398
49,22,CTX,morphine,M,4h,528.2992172363889
50,23,CTX,morphine,M,4h,445.81509614065317
51,24,CTX,saline,F,1h,253.78548986178834
52,25,CTX,saline,F,4h,122.30653210140434
53,26,CTX,saline,F,4h,39.289760303030945
54,0,CTXpl,morphine,M,1h,1295.060145284638
55,1,CTXpl,morphine,M,4h,520.5769016217357
56,2,CTXpl,saline,M,1h,1069.18899143521
57,3,CTXpl,saline,M,4h,611.3373548551148
58,4,CTXpl,morphine,F,4h,379.7143078403628
59,5,CTXpl,saline,F,4h,77.56355035365772
60,6,CTXpl,morphine,M,1h,413.0640007555815
61,7,CTXpl,morphine,M,4h,204.3826829807727
62,8,CTXpl,saline,M,4h,126.31590076391821
63,9,CTXpl,morphine,F,4h,165.77962566190158
64,10,CTXpl,saline,F,1h,353.81432774106656
65,11,CTXpl,saline,M,1h,114.9390981744507
66,12,CTXpl,morphine,M,1h,191.60435613679454
67,13,CTXpl,saline,M,4h,34.14922017450332
68,14,CTXpl,morphine,M,1h,493.19544454200036
69,15,CTXpl,morphine,F,4h,177.89481519082605
70,16,CTXpl,saline,F,4h,48.59714805992876
71,17,CTXpl,morphine,M,1h,172.072375502624
72,18,CTXpl,saline,M,1h,42.76530216867631
73,19,CTXpl,morphine,F,1h,358.50802306321975
74,20,CTXpl,morphine,F,1h,374.0564767055429
75,21,CTXpl,morphine,F,1h,176.3945258042861
76,22,CTXpl,morphine,M,4h,528.5627680115314
77,23,CTXpl,morphine,M,4h,452.48539773983805
78,24,CTXpl,saline,F,1h,253.39840707644458
79,25,CTXpl,saline,F,4h,119.66101210575512
80,26,CTXpl,saline,F,4h,39.727098583394785
81,0,Isocortex,morphine,M,1h,1608.3531771679357
82,1,Isocortex,morphine,M,4h,605.6895739013472
83,2,Isocortex,saline,M,1h,1397.634106165683
84,3,Isocortex,saline,M,4h,676.6647017506701
85,4,Isocortex,morphine,F,4h,325.83667265226285
86,5,Isocortex,saline,F,4h,46.251449028210175
87,6,Isocortex,morphine,M,1h,398.82343841091506
88,7,Isocortex,morphine,M,4h,185.3545881697002
89,8,Isocortex,saline,M,4h,94.80654792032979
90,9,Isocortex,morphine,F,4h,228.78325497030303
91,10,Isocortex,saline,F,1h,292.5878670460486
92,11,Isocortex,saline,M,1h,119.327440661873
93,12,Isocortex,morphine,M,1h,174.12023936155026
94,13,Isocortex,saline,M,4h,15.557748024571573
95,14,Isocortex,morphine,M,1h,415.77635466292475
96,15,Isocortex,morphine,F,4h,157.76756990506627
97,16,Isocortex,saline,F,4h,27.497792389623374
98,17,Isocortex,morphine,M,1h,178.50041868025133
99,18,Isocortex,saline,M,1h,32.90812499253747
100,19,Isocortex,morphine,F,1h,315.29179651464915
101,20,Isocortex,morphine,F,1h,302.037698353987
102,21,Isocortex,morphine,F,1h,192.87389600013705
103,22,Isocortex,morphine,M,4h,551.2050100426155
104,23,Isocortex,morphine,M,4h,627.9879312108087
105,24,Isocortex,saline,F,1h,225.13310553805215
106,25,Isocortex,saline,F,4h,112.513828388338
107,26,Isocortex,saline,F,4h,40.216535300222034
108,0,FRP,morphine,M,1h,1291.745561036518
109,1,FRP,morphine,M,4h,719.8041639798085
110,2,FRP,saline,M,1h,2752.9172091724204
111,3,FRP,saline,M,4h,427.15910444450833
112,4,FRP,morphine,F,4h,47.23393943376775
113,5,FRP,saline,F,4h,6.160948621795794
114,6,FRP,morphine,M,1h,118.08484858441938
115,7,FRP,morphine,M,4h,69.82408438035233
116,8,FRP,saline,M,4h,10.268247702992989
117,9,FRP,morphine,F,4h,45.18028989316915
118,10,FRP,saline,F,1h,46.20711466346845
119,11,FRP,saline,M,1h,56.47536236646144
120,12,FRP,morphine,M,1h,20.536495405985978
121,13,FRP,saline,M,4h,12.321897243591588
122,14,FRP,morphine,M,1h,66.74361006945443
123,15,FRP,morphine,F,4h,34.912042190176166
124,16,FRP,saline,F,4h,0.0
125,17,FRP,morphine,M,1h,25.670619257482475
126,18,FRP,saline,M,1h,19.50967063568668
127,19,FRP,morphine,F,1h,108.84342565172568
128,20,FRP,morphine,F,1h,62.636310988257236
129,21,FRP,morphine,F,1h,31.831567879278268
130,22,FRP,morphine,M,4h,979.5908308655312
131,23,FRP,morphine,M,4h,72.90455869125023
132,24,FRP,saline,F,1h,632.5240585043681
133,25,FRP,saline,F,4h,50.31441374466565
134,26,FRP,saline,F,4h,14.375546784190185
135,0,FRP1,morphine,M,1h,810.8529549352878
136,1,FRP1,morphine,M,4h,1251.3644160299393
137,2,FRP1,saline,M,1h,2518.3221581163266
138,3,FRP1,saline,M,4h,771.8696397941682
139,4,FRP1,morphine,F,4h,19.491657570559802
140,5,FRP1,saline,F,4h,3.8983315141119603
141,6,FRP1,morphine,M,1h,3.8983315141119603
142,7,FRP1,morphine,M,4h,23.389989084671765
143,8,FRP1,saline,M,4h,15.593326056447841
144,9,FRP1,morphine,F,4h,23.389989084671765
145,10,FRP1,saline,F,1h,58.474972711679406
146,11,FRP1,saline,M,1h,35.084983627007645
147,12,FRP1,morphine,M,1h,7.796663028223921
148,13,FRP1,saline,M,4h,15.593326056447841
149,14,FRP1,morphine,M,1h,0.0
150,15,FRP1,morphine,F,4h,7.796663028223921
151,16,FRP1,saline,F,4h,0.0
152,17,FRP1,morphine,M,1h,7.796663028223921
153,18,FRP1,saline,M,1h,35.084983627007645
154,19,FRP1,morphine,F,1h,27.288320598783724
155,20,FRP1,morphine,F,1h,7.796663028223921
156,21,FRP1,morphine,F,1h,3.8983315141119603
157,22,FRP1,morphine,M,4h,584.7497271167941
158,23,FRP1,morphine,M,4h,0.0
159,24,FRP1,saline,F,1h,93.55995633868706
160,25,FRP1,saline,F,4h,15.593326056447841
161,26,FRP1,saline,F,4h,15.593326056447841
162,0,FRP2/3,morphine,M,1h,1504.6773971660477
163,1,FRP2/3,morphine,M,4h,997.3861604072088
164,2,FRP2/3,saline,M,1h,5739.269500619068
165,3,FRP2/3,saline,M,4h,464.30045398266617
166,4,FRP2/3,morphine,F,4h,21.495391388086396
167,5,FRP2/3,saline,F,4h,8.598156555234558
168,6,FRP2/3,morphine,M,1h,4.299078277617279
169,7,FRP2/3,morphine,M,4h,193.45852249277758
170,8,FRP2/3,saline,M,4h,0.0
171,9,FRP2/3,morphine,F,4h,8.598156555234558
172,10,FRP2/3,saline,F,1h,4.299078277617279
173,11,FRP2/3,saline,M,1h,17.196313110469116
174,12,FRP2/3,morphine,M,1h,4.299078277617279
175,13,FRP2/3,saline,M,4h,25.794469665703676
176,14,FRP2/3,morphine,M,1h,21.495391388086396
177,15,FRP2/3,morphine,F,4h,68.78525244187647
178,16,FRP2/3,saline,F,4h,0.0
179,17,FRP2/3,morphine,M,1h,4.299078277617279
180,18,FRP2/3,saline,M,1h,21.495391388086396
181,19,FRP2/3,morphine,F,1h,30.093547943320953
182,20,FRP2/3,morphine,F,1h,17.196313110469116
183,21,FRP2/3,morphine,F,1h,25.794469665703676
184,22,FRP2/3,morphine,M,4h,1564.8644930526896
185,23,FRP2/3,morphine,M,4h,0.0
186,24,FRP2/3,saline,F,1h,756.6377768606411
187,25,FRP2/3,saline,F,4h,51.58893933140735
188,26,FRP2/3,saline,F,4h,21.495391388086396
189,0,FRP5,morphine,M,1h,1757.3415432311403
190,1,FRP5,morphine,M,4h,387.5301412332071
191,2,FRP5,saline,M,1h,1816.547537030658
192,3,FRP5,saline,M,4h,282.57406131588016
193,4,FRP5,morphine,F,4h,75.35308301756804
194,5,FRP5,saline,F,4h,5.3823630726834315
195,6,FRP5,morphine,M,1h,142.63262142611094
196,7,FRP5,morphine,M,4h,32.29417843610059
197,8,FRP5,saline,M,4h,16.147089218050294
198,9,FRP5,morphine,F,4h,69.9707199448846
199,10,FRP5,saline,F,1h,34.9853599724423
200,11,FRP5,saline,M,1h,67.27953840854289
201,12,FRP5,morphine,M,1h,29.60299689975887
202,13,FRP5,saline,M,4h,5.3823630726834315
203,14,FRP5,morphine,M,1h,78.04426455390976
204,15,FRP5,morphine,F,4h,26.91181536341716
205,16,FRP5,saline,F,4h,0.0
206,17,FRP5,morphine,M,1h,10.764726145366863
207,18,FRP5,saline,M,1h,13.45590768170858
208,19,FRP5,morphine,F,1h,196.45625215294524
209,20,FRP5,morphine,F,1h,118.41198759903548
210,21,FRP5,morphine,F,1h,43.05890458146745
211,22,FRP5,morphine,M,4h,993.0459869100931
212,23,FRP5,morphine,M,4h,24.220633827075442
213,24,FRP5,saline,F,1h,974.2077161557011
214,25,FRP5,saline,F,4h,64.58835687220117
215,26,FRP5,saline,F,4h,10.764726145366863
216,0,FRP6a,morphine,M,1h,418.8127105202189
217,1,FRP6a,morphine,M,4h,35.64363493789097
218,2,FRP6a,saline,M,1h,222.77271836181856
219,3,FRP6a,saline,M,4h,44.554543672363714
220,4,FRP6a,morphine,F,4h,71.28726987578194
221,5,FRP6a,saline,F,4h,8.910908734472743
222,6,FRP6a,morphine,M,1h,534.6545240683646
223,7,FRP6a,morphine,M,4h,44.554543672363714
224,8,FRP6a,saline,M,4h,0.0
225,9,FRP6a,morphine,F,4h,80.19817861025469
226,10,FRP6a,saline,F,1h,142.5745397515639
227,11,FRP6a,saline,M,1h,151.48544848603663
228,12,FRP6a,morphine,M,1h,53.465452406836455
229,13,FRP6a,saline,M,4h,0.0
230,14,FRP6a,morphine,M,1h,276.23817076865504
231,15,FRP6a,morphine,F,4h,53.465452406836455
232,16,FRP6a,saline,F,4h,0.0
233,17,FRP6a,morphine,M,1h,151.48544848603663
234,18,FRP6a,saline,M,1h,0.0
235,19,FRP6a,morphine,F,1h,169.3072659549821
236,20,FRP6a,morphine,F,1h,98.01999607920017
237,21,FRP6a,morphine,F,1h,71.28726987578194
238,22,FRP6a,morphine,M,4h,632.6745201475647
239,23,FRP6a,morphine,M,4h,534.6545240683646
240,24,FRP6a,saline,F,1h,481.1890716615281
241,25,FRP6a,saline,F,4h,80.19817861025469
242,26,FRP6a,saline,F,4h,8.910908734472743
243,0,FRP6b,morphine,M,1h,0.0
244,1,FRP6b,morphine,M,4h,0.0
245,2,FRP6b,saline,M,1h,0.0
246,3,FRP6b,saline,M,4h,0.0
247,4,FRP6b,morphine,F,4h,0.0
248,5,FRP6b,saline,F,4h,0.0
249,6,FRP6b,morphine,M,1h,0.0
250,7,FRP6b,morphine,M,4h,0.0
251,8,FRP6b,saline,M,4h,0.0
252,9,FRP6b,morphine,F,4h,1061.571125265393
253,10,FRP6b,saline,F,1h,0.0
254,11,FRP6b,saline,M,1h,0.0
255,12,FRP6b,morphine,M,1h,0.0
256,13,FRP6b,saline,M,4h,0.0
257,14,FRP6b,morphine,M,1h,0.0
258,15,FRP6b,morphine,F,4h,0.0
259,16,FRP6b,saline,F,4h,0.0
260,17,FRP6b,morphine,M,1h,1061.571125265393
261,18,FRP6b,saline,M,1h,0.0
262,19,FRP6b,morphine,F,1h,0.0
263,20,FRP6b,morphine,F,1h,0.0
264,21,FRP6b,morphine,F,1h,0.0
265,22,FRP6b,morphine,M,4h,0.0
266,23,FRP6b,morphine,M,4h,2123.142250530786
267,24,FRP6b,saline,F,1h,0.0
268,25,FRP6b,saline,F,4h,0.0
269,26,FRP6b,saline,F,4h,0.0
270,0,MO,morphine,M,1h,772.3812023723821
271,1,MO,morphine,M,4h,476.63915978012926
272,2,MO,saline,M,1h,1138.9197427833585
273,3,MO,saline,M,4h,312.59250885528814
274,4,MO,morphine,F,4h,156.80749430212936
275,5,MO,saline,F,4h,27.034364562782343
276,6,MO,morphine,M,1h,180.56992366820583
277,7,MO,morphine,M,4h,43.148645406558806
278,8,MO,saline,M,4h,56.84987404276469
279,9,MO,morphine,F,4h,87.76966165163526
280,10,MO,saline,F,1h,88.99663735039996
281,11,MO,saline,M,1h,46.911370882770576
282,12,MO,morphine,M,1h,58.36314407124116
283,13,MO,saline,M,4h,4.089918995882352
284,14,MO,morphine,M,1h,171.20400916763523
285,15,MO,morphine,F,4h,29.324719200476462
286,16,MO,saline,F,4h,5.93038254402941
287,17,MO,morphine,M,1h,88.05595598134703
288,18,MO,saline,M,1h,14.151119725752936
289,19,MO,morphine,F,1h,71.28728809822938
290,20,MO,morphine,F,1h,96.27669316307056
291,21,MO,morphine,F,1h,26.748070233070578
292,22,MO,morphine,M,4h,265.1903476930117
293,23,MO,morphine,M,4h,601.2589915846645
294,24,MO,saline,F,1h,135.62171390345878
295,25,MO,saline,F,4h,26.62537266319411
296,26,MO,saline,F,4h,10.429293439499997
297,0,MOp,morphine,M,1h,462.4126115926111
298,1,MOp,morphine,M,4h,352.1172049029656
299,2,MOp,saline,M,1h,724.4082501668967
300,3,MOp,saline,M,4h,210.63603625794116
301,4,MOp,morphine,F,4h,142.45021774533285
302,5,MOp,saline,F,4h,32.595287919463914
303,6,MOp,morphine,M,1h,207.8169843297713
304,7,MOp,morphine,M,4h,38.23339177580362
305,8,MOp,saline,M,4h,64.92628972066191
306,9,MOp,morphine,F,4h,70.03582134046977
307,10,MOp,saline,F,1h,72.15011028659715
308,11,MOp,saline,M,1h,31.09766658262368
309,12,MOp,morphine,M,1h,39.46672699437793
310,13,MOp,saline,M,4h,2.378575064393313
311,14,MOp,morphine,M,1h,142.1859316270669
312,15,MOp,morphine,F,4h,15.328594859423571
313,16,MOp,saline,F,4h,2.819051928169852
314,17,MOp,morphine,M,1h,56.82151542717359
315,18,MOp,saline,M,1h,13.74287814982803
316,19,MOp,morphine,F,1h,36.8238658117187
317,20,MOp,morphine,F,1h,58.31913676401382
318,21,MOp,morphine,F,1h,8.016678920733018
319,22,MOp,morphine,M,4h,283.40281415382543
320,23,MOp,morphine,M,4h,634.2866838382167
321,24,MOp,saline,F,1h,25.01908586250744
322,25,MOp,saline,F,4h,19.99764961545489
323,26,MOp,saline,F,4h,9.426204884817944
324,0,MOp1,morphine,M,1h,671.942885607179
325,1,MOp1,morphine,M,4h,1483.090064425252
326,2,MOp1,saline,M,1h,1340.1234930194692
327,3,MOp1,saline,M,4h,546.2827938978858
328,4,MOp1,morphine,F,4h,20.31630225240071
329,5,MOp1,saline,F,4h,9.02946766773365
330,6,MOp1,morphine,M,1h,5.2671894728446285
331,7,MOp1,morphine,M,4h,3.7622781948890207
332,8,MOp1,saline,M,4h,12.79174586262267
333,9,MOp1,morphine,F,4h,9.781923306711453
334,10,MOp1,saline,F,1h,12.79174586262267
335,11,MOp1,saline,M,1h,4.514733833866825
336,12,MOp1,morphine,M,1h,7.524556389778041
337,13,MOp1,saline,M,4h,1.5049112779556082
338,14,MOp1,morphine,M,1h,27.840858642178752
339,15,MOp1,morphine,F,4h,5.2671894728446285
340,16,MOp1,saline,F,4h,3.7622781948890207
341,17,MOp1,morphine,M,1h,0.0
342,18,MOp1,saline,M,1h,27.840858642178752
343,19,MOp1,morphine,F,1h,38.375237587868014
344,20,MOp1,morphine,F,1h,0.7524556389778041
345,21,MOp1,morphine,F,1h,0.7524556389778041
346,22,MOp1,morphine,M,4h,71.4832857028914
347,23,MOp1,morphine,M,4h,0.0
348,24,MOp1,saline,F,1h,60.94890675720213
349,25,MOp1,saline,F,4h,12.039290223644866
350,26,MOp1,saline,F,4h,0.0
351,0,MOp2/3,morphine,M,1h,838.3722405274508
352,1,MOp2/3,morphine,M,4h,496.84329676263087
353,2,MOp2/3,saline,M,1h,1510.8589940834177
354,3,MOp2/3,saline,M,4h,376.22394757584925
355,4,MOp2/3,morphine,F,4h,134.7141944850123
356,5,MOp2/3,saline,F,4h,48.247739674712655
357,6,MOp2/3,morphine,M,1h,141.2195076995803
358,7,MOp2/3,morphine,M,4h,43.91086419833399
359,8,MOp2/3,saline,M,4h,99.7481359567093
360,9,MOp2/3,morphine,F,4h,76.97953970572131
361,10,MOp2/3,saline,F,1h,73.72688309843731
362,11,MOp2/3,saline,M,1h,35.50816796285032
363,12,MOp2/3,morphine,M,1h,59.36098308293298
364,13,MOp2/3,saline,M,4h,3.5237113245576657
365,14,MOp2/3,morphine,M,1h,184.3172077460933
366,15,MOp2/3,morphine,F,4h,12.197462277314997
367,16,MOp2/3,saline,F,4h,4.336875476378665
368,17,MOp2/3,morphine,M,1h,16.534337753693663
369,18,MOp2/3,saline,M,1h,14.36590001550433
370,19,MOp2/3,morphine,F,1h,26.834417010092995
371,20,MOp2/3,morphine,F,1h,62.07153025566965
372,21,MOp2/3,morphine,F,1h,6.776367931841665
373,22,MOp2/3,morphine,M,4h,418.2374287532676
374,23,MOp2/3,morphine,M,4h,86.46645481029965
375,24,MOp2/3,saline,F,1h,36.32133211467132
376,25,MOp2/3,saline,F,4h,31.713401921018992
377,26,MOp2/3,saline,F,4h,18.702775491882996
378,0,MOp5,morphine,M,1h,299.7393092979684
379,1,MOp5,morphine,M,4h,37.88753756671568
380,2,MOp5,saline,M,1h,189.4376878335784
381,3,MOp5,saline,M,4h,76.99725376461573
382,4,MOp5,morphine,F,4h,200.74284017203388
383,5,MOp5,saline,F,4h,46.13724332721022
384,6,MOp5,morphine,M,1h,222.1309662177605
385,7,MOp5,morphine,M,4h,60.49784224362665
386,8,MOp5,saline,M,4h,87.69131678747904
387,9,MOp5,morphine,F,4h,105.71845159744859
388,10,MOp5,saline,F,1h,90.44121870764388
389,11,MOp5,saline,M,1h,36.9709035933274
390,12,MOp5,morphine,M,1h,55.30358306109305
391,13,MOp5,saline,M,4h,2.138812604572659
392,14,MOp5,morphine,M,1h,159.49431136956116
393,15,MOp5,morphine,F,4h,22.915849334707065
394,16,MOp5,saline,F,4h,2.4443572623687535
395,17,MOp5,morphine,M,1h,106.32954091304077
396,18,MOp5,saline,M,1h,11.916241654047674
397,19,MOp5,morphine,F,1h,65.08101211056807
398,20,MOp5,morphine,F,1h,78.83052171139231
399,21,MOp5,morphine,F,1h,15.888322205396898
400,22,MOp5,morphine,M,4h,330.5993197353739
401,23,MOp5,morphine,M,4h,1103.6273039594923
402,24,MOp5,saline,F,1h,18.33267946776565
403,25,MOp5,saline,F,4h,14.055054258620332
404,26,MOp5,saline,F,4h,7.3330717871062605
405,0,MOp6a,morphine,M,1h,94.90938066240491
406,1,MOp6a,morphine,M,4h,23.64043181334628
407,2,MOp6a,saline,M,1h,81.35089771063278
408,3,MOp6a,saline,M,4h,8.691335225494955
409,4,MOp6a,morphine,F,4h,142.19024428909745
410,5,MOp6a,saline,F,4h,10.081948861574148
411,6,MOp6a,morphine,M,1h,366.7743465158871
412,7,MOp6a,morphine,M,4h,21.902164768247285
413,8,MOp6a,saline,M,4h,22.597471586286883
414,9,MOp6a,morphine,F,4h,51.105051125910336
415,10,MOp6a,saline,F,1h,79.26497725651399
416,11,MOp6a,saline,M,1h,31.28880681178184
417,12,MOp6a,morphine,M,1h,13.21082954275233
418,13,MOp6a,saline,M,4h,1.738267045098991
419,14,MOp6a,morphine,M,1h,128.63176133732534
420,15,MOp6a,morphine,F,4h,15.992056814910717
421,16,MOp6a,saline,F,4h,1.0429602270593945
422,17,MOp6a,morphine,M,1h,81.69855111965258
423,18,MOp6a,saline,M,1h,8.343681816475156
424,19,MOp6a,morphine,F,1h,17.730323860009708
425,20,MOp6a,morphine,F,1h,59.44873294238549
426,21,MOp6a,morphine,F,1h,4.171840908237578
427,22,MOp6a,morphine,M,4h,165.83067610244373
428,23,MOp6a,morphine,M,4h,1108.3190679551167
429,24,MOp6a,saline,F,1h,3.1288806811781837
430,25,MOp6a,saline,F,4h,15.992056814910717
431,26,MOp6a,saline,F,4h,4.171840908237578
432,0,MOp6b,morphine,M,1h,48.96946481816006
433,1,MOp6b,morphine,M,4h,5.4410516464622285
434,2,MOp6b,saline,M,1h,76.1747230504712
435,3,MOp6b,saline,M,4h,0.0
436,4,MOp6b,morphine,F,4h,146.90839445448017
437,5,MOp6b,saline,F,4h,0.0
438,6,MOp6b,morphine,M,1h,266.61153067664924
439,7,MOp6b,morphine,M,4h,32.64630987877337
440,8,MOp6b,saline,M,4h,0.0
441,9,MOp6b,morphine,F,4h,27.205258232311145
442,10,MOp6b,saline,F,1h,32.64630987877337
443,11,MOp6b,saline,M,1h,27.205258232311145
444,12,MOp6b,morphine,M,1h,0.0
445,13,MOp6b,saline,M,4h,0.0
446,14,MOp6b,morphine,M,1h,27.205258232311145
447,15,MOp6b,morphine,F,4h,5.4410516464622285
448,16,MOp6b,saline,F,4h,0.0
449,17,MOp6b,morphine,M,1h,5.4410516464622285
450,18,MOp6b,saline,M,1h,16.323154939386686
451,19,MOp6b,morphine,F,1h,21.764206585848914
452,20,MOp6b,morphine,F,1h,16.323154939386686
453,21,MOp6b,morphine,F,1h,5.4410516464622285
454,22,MOp6b,morphine,M,4h,108.82103292924458
455,23,MOp6b,morphine,M,4h,440.7251833634405
456,24,MOp6b,saline,F,1h,0.0
457,25,MOp6b,saline,F,4h,10.882103292924457
458,26,MOp6b,saline,F,4h,10.882103292924457
459,0,MOs,morphine,M,1h,1040.9932706457305
460,1,MOs,morphine,M,4h,584.547189302901
461,2,MOs,saline,M,1h,1498.1264258691563
462,3,MOs,saline,M,4h,400.94578009910356
463,4,MOs,morphine,F,4h,169.24919925356295
464,5,MOs,saline,F,4h,22.215388805948045
465,6,MOs,morphine,M,1h,156.95821094511746
466,7,MOs,morphine,M,4h,47.40809776114686
467,8,MOs,saline,M,4h,49.85102711437826
468,9,MOs,morphine,F,4h,103.13742363173819
469,10,MOs,saline,F,1h,103.59547288546906
470,11,MOs,saline,M,1h,60.61518457705412
471,12,MOs,morphine,M,1h,74.73836990042315
472,13,MOs,saline,M,4h,5.572932587059132
473,14,MOs,morphine,M,1h,196.3504467659738
474,15,MOs,morphine,F,4h,41.453457462645325
475,16,MOs,saline,F,4h,8.626594278598382
476,17,MOs,morphine,M,1h,115.12304577102974
477,18,MOs,saline,M,1h,14.50489303481144
478,19,MOs,morphine,F,1h,101.15254353223767
479,20,MOs,morphine,F,1h,129.16988955211028
480,21,MOs,morphine,F,1h,42.98028830841495
481,22,MOs,morphine,M,4h,249.40781865646827
482,23,MOs,morphine,M,4h,572.6379087058979
483,24,MOs,saline,F,1h,231.46755621867518
484,25,MOs,saline,F,4h,32.36881393031605
485,26,MOs,saline,F,4h,11.298548258695225
486,0,MOs1,morphine,M,1h,941.6374407113177
487,1,MOs1,morphine,M,4h,1899.220229388914
488,2,MOs1,saline,M,1h,1188.1439011629761
489,3,MOs1,saline,M,4h,788.2173359546911
490,4,MOs1,morphine,F,4h,15.945347966278607
491,5,MOs1,saline,F,4h,2.585732102639774
492,6,MOs1,morphine,M,1h,8.188151658359285
493,7,MOs1,morphine,M,4h,9.481017709679172
494,8,MOs1,saline,M,4h,13.359615863638833
495,9,MOs1,morphine,F,4h,26.288276376837704
496,10,MOs1,saline,F,1h,6.464330256599435
497,11,MOs1,saline,M,1h,9.05006235923921
498,12,MOs1,morphine,M,1h,7.32624095747936
499,13,MOs1,saline,M,4h,2.154776752199812
500,14,MOs1,morphine,M,1h,84.03629333579265
501,15,MOs1,morphine,F,4h,17.669169368038457
502,16,MOs1,saline,F,4h,0.0
503,17,MOs1,morphine,M,1h,0.0
504,18,MOs1,saline,M,1h,4.740508854839586
505,19,MOs1,morphine,F,1h,25.85732102639774
506,20,MOs1,morphine,F,1h,6.464330256599435
507,21,MOs1,morphine,F,1h,10.342928410559097
508,22,MOs1,morphine,M,4h,92.6554003445919
509,23,MOs1,morphine,M,4h,0.0
510,24,MOs1,saline,F,1h,125.83896232846901
511,25,MOs1,saline,F,4h,8.619107008799247
512,26,MOs1,saline,F,4h,2.585732102639774
513,0,MOs2/3,morphine,M,1h,1807.197878573126
514,1,MOs2/3,morphine,M,4h,725.2449377430189
515,2,MOs2/3,saline,M,1h,3095.4999589930376
516,3,MOs2/3,saline,M,4h,615.630171871747
517,4,MOs2/3,morphine,F,4h,101.20308120009506
518,5,MOs2/3,saline,F,4h,17.086234488327737
519,6,MOs2/3,morphine,M,1h,64.13909561772257
520,7,MOs2/3,morphine,M,4h,34.69819926860402
521,8,MOs2/3,saline,M,4h,41.006962771986565
522,9,MOs2/3,morphine,F,4h,57.30460182239149
523,10,MOs2/3,saline,F,1h,39.955502188089476
524,11,MOs2/3,saline,M,1h,19.977751094044738
525,12,MOs2/3,morphine,M,1h,57.041736676417216
526,13,MOs2/3,saline,M,4h,1.84005602181991
527,14,MOs2/3,morphine,M,1h,180.06262499237693
528,15,MOs2/3,morphine,F,4h,32.85814324678411
529,16,MOs2/3,saline,F,4h,9.988875547022369
530,17,MOs2/3,morphine,M,1h,1.3143257298713644
531,18,MOs2/3,saline,M,1h,8.937414963125278
532,19,MOs2/3,morphine,F,1h,50.47010802706039
533,20,MOs2/3,morphine,F,1h,75.7051620405906
534,21,MOs2/3,morphine,F,1h,13.406122444687917
535,22,MOs2/3,morphine,M,4h,297.3004800969026
536,23,MOs2/3,morphine,M,4h,26.54937974340156
537,24,MOs2/3,saline,F,1h,272.85402152129524
538,25,MOs2/3,saline,F,4h,41.006962771986565
539,26,MOs2/3,saline,F,4h,24.183593429633106
540,0,MOs5,morphine,M,1h,884.5793130040013
541,1,MOs5,morphine,M,4h,99.0481210261916
542,2,MOs5,saline,M,1h,1013.9167031832916
543,3,MOs5,saline,M,4h,225.95352609099956
544,4,MOs5,morphine,F,4h,272.82451193375095
545,5,MOs5,saline,F,4h,40.90156783447644
546,6,MOs5,morphine,M,1h,186.59958514755738
547,7,MOs5,morphine,M,4h,81.58204611309084
548,8,MOs5,saline,M,4h,86.22492678619358
549,9,MOs5,morphine,F,4h,163.38518178204373
550,10,MOs5,saline,F,1h,99.26921058205363
551,11,MOs5,saline,M,1h,76.49698632826404
552,12,MOs5,morphine,M,1h,101.48010614067398
553,13,MOs5,saline,M,4h,12.823194239998019
554,14,MOs5,morphine,M,1h,180.18798802755836
555,15,MOs5,morphine,F,4h,48.63970228964766
556,16,MOs5,saline,F,4h,13.265373351722088
557,17,MOs5,morphine,M,1h,204.28674961652015
558,18,MOs5,saline,M,1h,14.591910686894296
559,19,MOs5,morphine,F,1h,166.9226146758363
560,20,MOs5,morphine,F,1h,221.0895558620348
561,21,MOs5,morphine,F,1h,77.38134455171217
562,22,MOs5,morphine,M,4h,236.3447352165152
563,23,MOs5,morphine,M,4h,780.8883113047069
564,24,MOs5,saline,F,1h,326.5492740082254
565,25,MOs5,saline,F,4h,44.66009028413103
566,26,MOs5,saline,F,4h,9.064671790343427
567,0,MOs6a,morphine,M,1h,240.56558145794523
568,1,MOs6a,morphine,M,4h,17.243337132475094
569,2,MOs6a,saline,M,1h,206.07890719299502
570,3,MOs6a,saline,M,4h,24.813582702830015
571,4,MOs6a,morphine,F,4h,230.89248989582504
572,5,MOs6a,saline,F,4h,14.299352744003736
573,6,MOs6a,morphine,M,1h,391.9704928650436
574,7,MOs6a,morphine,M,4h,40.3746430418929
575,8,MOs6a,saline,M,4h,31.963259074831882
576,9,MOs6a,morphine,F,4h,140.04954305156602
577,10,MOs6a,saline,F,1h,310.80063758290476
578,11,MOs6a,saline,M,1h,147.61978862192092
579,12,MOs6a,morphine,M,1h,119.86222153061955
580,13,MOs6a,saline,M,4h,1.2617075950591532
581,14,MOs6a,morphine,M,1h,353.69869581491594
582,15,MOs6a,morphine,F,4h,66.02936414142901
583,16,MOs6a,saline,F,4h,6.308537975295766
584,17,MOs6a,morphine,M,1h,242.66842744971046
585,18,MOs6a,saline,M,1h,32.80439747153798
586,19,MOs6a,morphine,F,1h,132.4792974812111
587,20,MOs6a,morphine,F,1h,163.1808489609838
588,21,MOs6a,morphine,F,1h,57.617980174368
589,22,MOs6a,morphine,M,4h,355.38097260832814
590,23,MOs6a,morphine,M,4h,1599.8452305350063
591,24,MOs6a,saline,F,1h,94.6280696294365
592,25,MOs6a,saline,F,4h,18.925613925887298
593,26,MOs6a,saline,F,4h,3.78512278517746
594,0,MOs6b,morphine,M,1h,40.7686244666105
595,1,MOs6b,morphine,M,4h,27.179082977740332
596,2,MOs6b,saline,M,1h,203.8431223330525
597,3,MOs6b,saline,M,4h,0.0
598,4,MOs6b,morphine,F,4h,163.074497866442
599,5,MOs6b,saline,F,4h,13.589541488870166
600,6,MOs6b,morphine,M,1h,231.02220531079283
601,7,MOs6b,morphine,M,4h,27.179082977740332
602,8,MOs6b,saline,M,4h,0.0
603,9,MOs6b,morphine,F,4h,0.0
604,10,MOs6b,saline,F,1h,27.179082977740332
605,11,MOs6b,saline,M,1h,0.0
606,12,MOs6b,morphine,M,1h,13.589541488870166
607,13,MOs6b,saline,M,4h,0.0
608,14,MOs6b,morphine,M,1h,489.223493599326
609,15,MOs6b,morphine,F,4h,0.0
610,16,MOs6b,saline,F,4h,0.0
611,17,MOs6b,morphine,M,1h,27.179082977740332
612,18,MOs6b,saline,M,1h,13.589541488870166
613,19,MOs6b,morphine,F,1h,40.7686244666105
614,20,MOs6b,morphine,F,1h,13.589541488870166
615,21,MOs6b,morphine,F,1h,13.589541488870166
616,22,MOs6b,morphine,M,4h,95.12679042209116
617,23,MOs6b,morphine,M,4h,869.7306552876906
618,24,MOs6b,saline,F,1h,0.0
619,25,MOs6b,saline,F,4h,13.589541488870166
620,26,MOs6b,saline,F,4h,0.0
621,0,SS,morphine,M,1h,511.0704418272847
622,1,SS,morphine,M,4h,460.8007260447548
623,2,SS,saline,M,1h,983.9959232010796
624,3,SS,saline,M,4h,329.2891472035333
625,4,SS,morphine,F,4h,158.0719958367672
626,5,SS,saline,F,4h,17.58689758123136
627,6,SS,morphine,M,1h,190.72480226744932
628,7,SS,morphine,M,4h,46.69831507917406
629,8,SS,saline,M,4h,35.56394818047639
630,9,SS,morphine,F,4h,80.94174535252726
631,10,SS,saline,F,1h,80.79168649944509
632,11,SS,saline,M,1h,54.98156376931033
633,12,SS,morphine,M,1h,51.95037493705031
634,13,SS,saline,M,4h,6.272460058835075
635,14,SS,morphine,M,1h,159.06238426710956
636,15,SS,morphine,F,4h,34.60357152075044
637,16,SS,saline,F,4h,5.132012775410517
638,17,SS,morphine,M,1h,63.41487131252878
639,18,SS,saline,M,1h,8.343272231369143
640,19,SS,morphine,F,1h,56.81228177691291
641,20,SS,morphine,F,1h,71.54806114958288
642,21,SS,morphine,F,1h,16.38642675657393
643,22,SS,morphine,M,4h,278.6592901736061
644,23,SS,morphine,M,4h,412.9619636821562
645,24,SS,saline,F,1h,53.54099877972141
646,25,SS,saline,F,4h,16.626520921505417
647,26,SS,saline,F,4h,11.824637622875693
648,0,SSp,morphine,M,1h,434.81842596470483
649,1,SSp,morphine,M,4h,448.85013631333396
650,2,SSp,saline,M,1h,943.3341927927376
651,3,SSp,saline,M,4h,270.38817800833493
652,4,SSp,morphine,F,4h,134.14479688132278
653,5,SSp,saline,F,4h,19.545637582401323
654,6,SSp,morphine,M,1h,166.61112962345888
655,7,SSp,morphine,M,4h,38.268300950806804
656,8,SSp,saline,M,4h,39.543910982500364
657,9,SSp,morphine,F,4h,81.55674460698826
658,10,SSp,saline,F,1h,73.28585375633001
659,11,SSp,saline,M,1h,51.106698689141986
660,12,SSp,morphine,M,1h,34.523768277125704
661,13,SSp,saline,M,4h,3.3741942773829656
662,14,SSp,morphine,M,1h,131.92276650353398
663,15,SSp,morphine,F,4h,19.751381135900285
664,16,SSp,saline,F,4h,3.2507481452835885
665,17,SSp,morphine,M,1h,44.60520239857481
666,18,SSp,saline,M,1h,8.805824089755545
667,19,SSp,morphine,F,1h,41.14871069979226
668,20,SSp,morphine,F,1h,62.58718897438403
669,21,SSp,morphine,F,1h,10.081434121449105
670,22,SSp,morphine,M,4h,135.66729917721509
671,23,SSp,morphine,M,4h,433.70741077581044
672,24,SSp,saline,F,1h,64.10969127027634
673,25,SSp,saline,F,4h,13.620223241631239
674,26,SSp,saline,F,4h,10.287177674948065
675,0,SSp-n,morphine,M,1h,216.62228228466952
676,1,SSp-n,morphine,M,4h,476.9664931038595
677,2,SSp-n,saline,M,1h,741.9478781615592
678,3,SSp-n,saline,M,4h,272.59959987810856
679,4,SSp-n,morphine,F,4h,119.24162327596487
680,5,SSp-n,saline,F,4h,11.924162327596488
681,6,SSp-n,morphine,M,1h,119.90407673860912
682,7,SSp-n,morphine,M,4h,35.441260251467334
683,8,SSp-n,saline,M,4h,27.16059196841422
684,9,SSp-n,morphine,F,4h,56.63977105608331
685,10,SSp-n,saline,F,1h,67.90147992103556
686,11,SSp-n,saline,M,1h,53.32750374286207
687,12,SSp-n,morphine,M,1h,5.2996277011539945
688,13,SSp-n,saline,M,4h,4.637174238509745
689,14,SSp-n,morphine,M,1h,63.92675914517006
690,15,SSp-n,morphine,F,4h,8.611895014375241
691,16,SSp-n,saline,F,4h,2.3185871192548726
692,17,SSp-n,morphine,M,1h,15.898883103461984
693,18,SSp-n,saline,M,1h,6.624534626442493
694,19,SSp-n,morphine,F,1h,14.573976178173485
695,20,SSp-n,morphine,F,1h,10.268028670985863
696,21,SSp-n,morphine,F,1h,2.6498138505769973
697,22,SSp-n,morphine,M,4h,90.42489765094003
698,23,SSp-n,morphine,M,4h,152.69552313949947
699,24,SSp-n,saline,F,1h,51.34014335492932
700,25,SSp-n,saline,F,4h,15.898883103461984
701,26,SSp-n,saline,F,4h,13.249069252884986
702,0,SSp-n1,morphine,M,1h,539.1688884711842
703,1,SSp-n1,morphine,M,4h,1211.8933731691754
704,2,SSp-n1,saline,M,1h,1926.6631381607913
705,3,SSp-n1,saline,M,4h,524.3293777793167
706,4,SSp-n1,morphine,F,4h,24.73251781977909
707,5,SSp-n1,saline,F,4h,0.0
708,6,SSp-n1,morphine,M,1h,4.946503563955818
709,7,SSp-n1,morphine,M,4h,2.473251781977909
710,8,SSp-n1,saline,M,4h,2.473251781977909
711,9,SSp-n1,morphine,F,4h,2.473251781977909
712,10,SSp-n1,saline,F,1h,0.0
713,11,SSp-n1,saline,M,1h,7.419755345933727
714,12,SSp-n1,morphine,M,1h,2.473251781977909
715,13,SSp-n1,saline,M,4h,0.0
716,14,SSp-n1,morphine,M,1h,2.473251781977909
717,15,SSp-n1,morphine,F,4h,4.946503563955818
718,16,SSp-n1,saline,F,4h,0.0
719,17,SSp-n1,morphine,M,1h,0.0
720,18,SSp-n1,saline,M,1h,4.946503563955818
721,19,SSp-n1,morphine,F,1h,14.839510691867455
722,20,SSp-n1,morphine,F,1h,17.312762473845364
723,21,SSp-n1,morphine,F,1h,2.473251781977909
724,22,SSp-n1,morphine,M,4h,252.27168176174672
725,23,SSp-n1,morphine,M,4h,0.0
726,24,SSp-n1,saline,F,1h,291.8437102733933
727,25,SSp-n1,saline,F,4h,4.946503563955818
728,26,SSp-n1,saline,F,4h,7.419755345933727
729,0,SSp-n2/3,morphine,M,1h,379.1330179612317
730,1,SSp-n2/3,morphine,M,4h,1143.6399266073367
731,2,SSp-n2/3,saline,M,1h,1993.958835203515
732,3,SSp-n2/3,saline,M,4h,686.4959996005842
733,4,SSp-n2/3,morphine,F,4h,174.74443626196688
734,5,SSp-n2/3,saline,F,4h,14.041963628193768
735,6,SSp-n2/3,morphine,M,1h,152.90138172922101
736,7,SSp-n2/3,morphine,M,4h,49.92698178913339
737,8,SSp-n2/3,saline,M,4h,42.1258908845813
738,9,SSp-n2/3,morphine,F,4h,59.28829087459591
739,10,SSp-n2/3,saline,F,1h,63.96894541732716
740,11,SSp-n2/3,saline,M,1h,45.24632724640214
741,12,SSp-n2/3,morphine,M,1h,0.0
742,13,SSp-n2/3,saline,M,4h,0.0
743,14,SSp-n2/3,morphine,M,1h,57.72807269368549
744,15,SSp-n2/3,morphine,F,4h,18.722618170925024
745,16,SSp-n2/3,saline,F,4h,7.801090904552093
746,17,SSp-n2/3,morphine,M,1h,26.523709075477118
747,18,SSp-n2/3,saline,M,1h,6.240872723641674
748,19,SSp-n2/3,morphine,F,1h,0.0
749,20,SSp-n2/3,morphine,F,1h,14.041963628193768
750,21,SSp-n2/3,morphine,F,1h,0.0
751,22,SSp-n2/3,morphine,M,4h,101.41418175917721
752,23,SSp-n2/3,morphine,M,4h,162.26269081468354
753,24,SSp-n2/3,saline,F,1h,34.32479998002921
754,25,SSp-n2/3,saline,F,4h,48.366763608222975
755,26,SSp-n2/3,saline,F,4h,23.40327271365628
756,0,SSp-n4,morphine,M,1h,147.7757020258042
757,1,SSp-n4,morphine,M,4h,322.91727479712773
758,2,SSp-n4,saline,M,1h,255.41479362484677
759,3,SSp-n4,saline,M,4h,211.6294004320159
760,4,SSp-n4,morphine,F,4h,182.439138303462
761,5,SSp-n4,saline,F,4h,29.19026212855392
762,6,SSp-n4,morphine,M,1h,213.45379181505052
763,7,SSp-n4,morphine,M,4h,76.62443808745404
764,8,SSp-n4,saline,M,4h,67.50248117228094
765,9,SSp-n4,morphine,F,4h,71.15126393835017
766,10,SSp-n4,saline,F,1h,109.4634829820772
767,11,SSp-n4,saline,M,1h,63.85369840621169
768,12,SSp-n4,morphine,M,1h,0.0
769,13,SSp-n4,saline,M,4h,10.946348298207718
770,14,SSp-n4,morphine,M,1h,43.785393192830874
771,15,SSp-n4,morphine,F,4h,3.64878276606924
772,16,SSp-n4,saline,F,4h,1.82439138303462
773,17,SSp-n4,morphine,M,1h,12.770739681242338
774,18,SSp-n4,saline,M,1h,3.64878276606924
775,19,SSp-n4,morphine,F,1h,5.473174149103859
776,20,SSp-n4,morphine,F,1h,14.59513106427696
777,21,SSp-n4,morphine,F,1h,9.121956915173099
778,22,SSp-n4,morphine,M,4h,116.76104851421567
779,23,SSp-n4,morphine,M,4h,275.4830988382276
780,24,SSp-n4,saline,F,1h,25.541479362484676
781,25,SSp-n4,saline,F,4h,16.41952244731158
782,26,SSp-n4,saline,F,4h,10.946348298207718
783,0,SSp-n5,morphine,M,1h,91.65159702907825
784,1,SSp-n5,morphine,M,4h,61.688574923418045
785,2,SSp-n5,saline,M,1h,47.58832922663678
786,3,SSp-n5,saline,M,4h,79.31388204439463
787,4,SSp-n5,morphine,F,4h,167.44041764927755
788,5,SSp-n5,saline,F,4h,19.387837833074244
789,6,SSp-n5,morphine,M,1h,202.69103189123072
790,7,SSp-n5,morphine,M,4h,40.538206378246144
791,8,SSp-n5,saline,M,4h,28.200491393562537
792,9,SSp-n5,morphine,F,4h,89.88906631698059
793,10,SSp-n5,saline,F,1h,81.07641275649229
794,11,SSp-n5,saline,M,1h,116.32702699844546
795,12,SSp-n5,morphine,M,1h,12.33771498468361
796,13,SSp-n5,saline,M,4h,14.100245696781268
797,14,SSp-n5,morphine,M,1h,79.31388204439463
798,15,SSp-n5,morphine,F,4h,5.287592136292975
799,16,SSp-n5,saline,F,4h,0.0
800,17,SSp-n5,morphine,M,1h,37.01314495405083
801,18,SSp-n5,saline,M,1h,8.812653560488293
802,19,SSp-n5,morphine,F,1h,33.488083529855516
803,20,SSp-n5,morphine,F,1h,12.33771498468361
804,21,SSp-n5,morphine,F,1h,1.7625307120976585
805,22,SSp-n5,morphine,M,4h,74.02628990810166
806,23,SSp-n5,morphine,M,4h,139.23992625571503
807,24,SSp-n5,saline,F,1h,1.7625307120976585
808,25,SSp-n5,saline,F,4h,1.7625307120976585
809,26,SSp-n5,saline,F,4h,17.625307120976586
810,0,SSp-n6a,morphine,M,1h,64.61168378047932
811,1,SSp-n6a,morphine,M,4h,6.212661901969166
812,2,SSp-n6a,saline,M,1h,14.910388564725997
813,3,SSp-n6a,saline,M,4h,12.425323803938332
814,4,SSp-n6a,morphine,F,4h,45.97369807457183
815,5,SSp-n6a,saline,F,4h,0.0
816,6,SSp-n6a,morphine,M,1h,36.03343903142116
817,7,SSp-n6a,morphine,M,4h,11.182791423544497
818,8,SSp-n6a,saline,M,4h,1.242532380393833
819,9,SSp-n6a,morphine,F,4h,52.18635997654099
820,10,SSp-n6a,saline,F,1h,69.58181330205466
821,11,SSp-n6a,saline,M,1h,33.548374270633495
822,12,SSp-n6a,morphine,M,1h,9.940259043150665
823,13,SSp-n6a,saline,M,4h,0.0
824,14,SSp-n6a,morphine,M,1h,101.88765519229432
825,15,SSp-n6a,morphine,F,4h,8.697726662756832
826,16,SSp-n6a,saline,F,4h,1.242532380393833
827,17,SSp-n6a,morphine,M,1h,3.727597141181499
828,18,SSp-n6a,saline,M,1h,7.455194282362998
829,19,SSp-n6a,morphine,F,1h,18.637985705907496
830,20,SSp-n6a,morphine,F,1h,0.0
831,21,SSp-n6a,morphine,F,1h,0.0
832,22,SSp-n6a,morphine,M,4h,0.0
833,23,SSp-n6a,morphine,M,4h,147.86135326686613
834,24,SSp-n6a,saline,F,1h,0.0
835,25,SSp-n6a,saline,F,4h,6.212661901969166
836,26,SSp-n6a,saline,F,4h,7.455194282362998
837,0,SSp-n6b,morphine,M,1h,149.48800358771211
838,1,SSp-n6b,morphine,M,4h,0.0
839,2,SSp-n6b,saline,M,1h,74.74400179385606
840,3,SSp-n6b,saline,M,4h,0.0
841,4,SSp-n6b,morphine,F,4h,112.11600269078407
842,5,SSp-n6b,saline,F,4h,0.0
843,6,SSp-n6b,morphine,M,1h,18.686000448464014
844,7,SSp-n6b,morphine,M,4h,0.0
845,8,SSp-n6b,saline,M,4h,0.0
846,9,SSp-n6b,morphine,F,4h,0.0
847,10,SSp-n6b,saline,F,1h,37.37200089692803
848,11,SSp-n6b,saline,M,1h,18.686000448464014
849,12,SSp-n6b,morphine,M,1h,0.0
850,13,SSp-n6b,saline,M,4h,0.0
851,14,SSp-n6b,morphine,M,1h,74.74400179385606
852,15,SSp-n6b,morphine,F,4h,0.0
853,16,SSp-n6b,saline,F,4h,0.0
854,17,SSp-n6b,morphine,M,1h,0.0
855,18,SSp-n6b,saline,M,1h,18.686000448464014
856,19,SSp-n6b,morphine,F,1h,18.686000448464014
857,20,SSp-n6b,morphine,F,1h,0.0
858,21,SSp-n6b,morphine,F,1h,18.686000448464014
859,22,SSp-n6b,morphine,M,4h,0.0
860,23,SSp-n6b,morphine,M,4h,149.48800358771211
861,24,SSp-n6b,saline,F,1h,0.0
862,25,SSp-n6b,saline,F,4h,0.0
863,26,SSp-n6b,saline,F,4h,0.0
864,0,SSp-bfd,morphine,M,1h,560.7702559567924
865,1,SSp-bfd,morphine,M,4h,533.2565706815442
866,2,SSp-bfd,saline,M,1h,1385.2265823549808
867,3,SSp-bfd,saline,M,4h,346.86328083997853
868,4,SSp-bfd,morphine,F,4h,149.8144019033745
869,5,SSp-bfd,saline,F,4h,15.426748391324125
870,6,SSp-bfd,morphine,M,1h,167.14961401321293
871,7,SSp-bfd,morphine,M,4h,44.053704169038994
872,8,SSp-bfd,saline,M,4h,34.51138557646737
873,9,SSp-bfd,morphine,F,4h,86.51702190598272
874,10,SSp-bfd,saline,F,1h,105.60165909112597
875,11,SSp-bfd,saline,M,1h,102.898002156564
876,12,SSp-bfd,morphine,M,1h,60.75276170603934
877,13,SSp-bfd,saline,M,4h,1.2723091456762166
878,14,SSp-bfd,morphine,M,1h,218.0419798402616
879,15,SSp-bfd,morphine,F,4h,40.07773808880082
880,16,SSp-bfd,saline,F,4h,2.862695577771487
881,17,SSp-bfd,morphine,M,1h,80.4735534640207
882,18,SSp-bfd,saline,M,1h,9.383279949362096
883,19,SSp-bfd,morphine,F,1h,83.4952876850017
884,20,SSp-bfd,morphine,F,1h,113.07647532197373
885,21,SSp-bfd,morphine,F,1h,17.81232803946703
886,22,SSp-bfd,morphine,M,4h,204.20561788103274
887,23,SSp-bfd,morphine,M,4h,351.63444013626435
888,24,SSp-bfd,saline,F,1h,138.68169687870758
889,25,SSp-bfd,saline,F,4h,12.245975527133583
890,26,SSp-bfd,saline,F,4h,12.564052813552637
891,0,SSp-bfd1,morphine,M,1h,1120.9053007742705
892,1,SSp-bfd1,morphine,M,4h,1770.101250744491
893,2,SSp-bfd1,saline,M,1h,1086.360929124479
894,3,SSp-bfd1,saline,M,4h,838.5944014294224
895,4,SSp-bfd1,morphine,F,4h,60.750446694461
896,5,SSp-bfd1,saline,F,4h,8.338296605122098
897,6,SSp-bfd1,morphine,M,1h,3.57355568790947
898,7,SSp-bfd1,morphine,M,4h,17.86777843954735
899,8,SSp-bfd1,saline,M,4h,10.720667063728412
900,9,SSp-bfd1,morphine,F,4h,10.720667063728412
901,10,SSp-bfd1,saline,F,1h,14.29422275163788
902,11,SSp-bfd1,saline,M,1h,7.14711137581894
903,12,SSp-bfd1,morphine,M,1h,38.11792733770102
904,13,SSp-bfd1,saline,M,4h,0.0
905,14,SSp-bfd1,morphine,M,1h,13.103037522334725
906,15,SSp-bfd1,morphine,F,4h,46.456223942823115
907,16,SSp-bfd1,saline,F,4h,0.0
908,17,SSp-bfd1,morphine,M,1h,0.0
909,18,SSp-bfd1,saline,M,1h,0.0
910,19,SSp-bfd1,morphine,F,1h,84.57415128052413
911,20,SSp-bfd1,morphine,F,1h,52.4121500893389
912,21,SSp-bfd1,morphine,F,1h,0.0
913,22,SSp-bfd1,morphine,M,4h,179.86896962477667
914,23,SSp-bfd1,morphine,M,4h,0.0
915,24,SSp-bfd1,saline,F,1h,344.2525312686123
916,25,SSp-bfd1,saline,F,4h,7.14711137581894
917,26,SSp-bfd1,saline,F,4h,1.1911852293031568
918,0,SSp-bfd2/3,morphine,M,1h,1050.7638320888632
919,1,SSp-bfd2/3,morphine,M,4h,1044.1677000606846
920,2,SSp-bfd2/3,saline,M,1h,4332.339516107755
921,3,SSp-bfd2/3,saline,M,4h,724.2552966940187
922,4,SSp-bfd2/3,morphine,F,4h,120.04960291285192
923,5,SSp-bfd2/3,saline,F,4h,19.128782881718163
924,6,SSp-bfd2/3,morphine,M,1h,60.68441465924383
925,7,SSp-bfd2/3,morphine,M,4h,56.06712223951875
926,8,SSp-bfd2/3,saline,M,4h,69.25938629587611
927,9,SSp-bfd2/3,morphine,F,4h,73.21706551278331
928,10,SSp-bfd2/3,saline,F,1h,53.42866942824728
929,11,SSp-bfd2/3,saline,M,1h,66.62093348460463
930,12,SSp-bfd2/3,morphine,M,1h,48.81137700852221
931,13,SSp-bfd2/3,saline,M,4h,0.0
932,14,SSp-bfd2/3,morphine,M,1h,122.68805572412339
933,15,SSp-bfd2/3,morphine,F,4h,43.534471385979266
934,16,SSp-bfd2/3,saline,F,4h,2.638452811271471
935,17,SSp-bfd2/3,morphine,M,1h,5.276905622542942
936,18,SSp-bfd2/3,saline,M,1h,1.978839608453603
937,19,SSp-bfd2/3,morphine,F,1h,27.703754518350443
938,20,SSp-bfd2/3,morphine,F,1h,118.73037650721618
939,21,SSp-bfd2/3,morphine,F,1h,2.638452811271471
940,22,SSp-bfd2/3,morphine,M,4h,156.9879422706525
941,23,SSp-bfd2/3,morphine,M,4h,75.85551832405478
942,24,SSp-bfd2/3,saline,F,1h,230.8646209862537
943,25,SSp-bfd2/3,saline,F,4h,22.426848895807503
944,26,SSp-bfd2/3,saline,F,4h,30.342207329621914
945,0,SSp-bfd4,morphine,M,1h,351.9027718390392
946,1,SSp-bfd4,morphine,M,4h,164.63743870961702
947,2,SSp-bfd4,saline,M,1h,839.5729101969096
948,3,SSp-bfd4,saline,M,4h,181.80342757981404
949,4,SSp-bfd4,morphine,F,4h,186.4850609080496
950,5,SSp-bfd4,saline,F,4h,24.188438862550367
951,6,SSp-bfd4,morphine,M,1h,154.49389983177332
952,7,SSp-bfd4,morphine,M,4h,66.32313881667037
953,8,SSp-bfd4,saline,M,4h,46.03606106098296
954,9,SSp-bfd4,morphine,F,4h,109.23811099216294
955,10,SSp-bfd4,saline,F,1h,119.38164987000665
956,11,SSp-bfd4,saline,M,1h,88.17076101510295
957,12,SSp-bfd4,morphine,M,1h,104.5564776639274
958,13,SSp-bfd4,saline,M,4h,3.9013611068629626
959,14,SSp-bfd4,morphine,M,1h,202.09050533550146
960,15,SSp-bfd4,morphine,F,4h,19.50680553431481
961,16,SSp-bfd4,saline,F,4h,3.12108888549037
962,17,SSp-bfd4,morphine,M,1h,53.83878327470888
963,18,SSp-bfd4,saline,M,1h,3.9013611068629626
964,19,SSp-bfd4,morphine,F,1h,69.44422770216073
965,20,SSp-bfd4,morphine,F,1h,163.85716648824442
966,21,SSp-bfd4,morphine,F,1h,29.650344412158514
967,22,SSp-bfd4,morphine,M,4h,277.7769108086429
968,23,SSp-bfd4,morphine,M,4h,727.2137103192562
969,24,SSp-bfd4,saline,F,1h,65.54286659529777
970,25,SSp-bfd4,saline,F,4h,12.48435554196148
971,26,SSp-bfd4,saline,F,4h,13.264627763334072
972,0,SSp-bfd5,morphine,M,1h,254.9588671879527
973,1,SSp-bfd5,morphine,M,4h,44.70058061087482
974,2,SSp-bfd5,saline,M,1h,85.26221857259458
975,3,SSp-bfd5,saline,M,4h,80.29548739360848
976,4,SSp-bfd5,morphine,F,4h,287.2426198513623
977,5,SSp-bfd5,saline,F,4h,8.277885298310153
978,6,SSp-bfd5,morphine,M,1h,285.5870427917003
979,7,SSp-bfd5,morphine,M,4h,59.6007741478331
980,8,SSp-bfd5,saline,M,4h,27.317021484423506
981,9,SSp-bfd5,morphine,F,4h,163.07434037671
982,10,SSp-bfd5,saline,F,1h,136.58510742211752
983,11,SSp-bfd5,saline,M,1h,275.6535804337281
984,12,SSp-bfd5,morphine,M,1h,106.78472034820098
985,13,SSp-bfd5,saline,M,4h,2.483365589493046
986,14,SSp-bfd5,morphine,M,1h,554.6183149867802
987,15,SSp-bfd5,morphine,F,4h,37.25048384239569
988,16,SSp-bfd5,saline,F,4h,2.483365589493046
989,17,SSp-bfd5,morphine,M,1h,147.34635830992073
990,18,SSp-bfd5,saline,M,1h,6.622308238648122
991,19,SSp-bfd5,morphine,F,1h,193.70251598045758
992,20,SSp-bfd5,morphine,F,1h,223.50290305437412
993,21,SSp-bfd5,morphine,F,1h,21.522501775606397
994,22,SSp-bfd5,morphine,M,4h,361.74358753615365
995,23,SSp-bfd5,morphine,M,4h,542.201487039315
996,24,SSp-bfd5,saline,F,1h,57.11740855834005
997,25,SSp-bfd5,saline,F,4h,12.41682794746523
998,26,SSp-bfd5,saline,F,4h,5.794519708817107
999,0,SSp-bfd6a,morphine,M,1h,168.97574465064457
1000,1,SSp-bfd6a,morphine,M,4h,13.88841736854613
1001,2,SSp-bfd6a,saline,M,1h,32.4063071932743
1002,3,SSp-bfd6a,saline,M,4h,32.4063071932743
1003,4,SSp-bfd6a,morphine,F,4h,77.92945301239773
1004,5,SSp-bfd6a,saline,F,4h,13.116838625849123
1005,6,SSp-bfd6a,morphine,M,1h,312.4893907922879
1006,7,SSp-bfd6a,morphine,M,4h,8.48736616966708
1007,8,SSp-bfd6a,saline,M,4h,6.944208684273065
1008,9,SSp-bfd6a,morphine,F,4h,67.12735061463962
1009,10,SSp-bfd6a,saline,F,1h,190.57994944616078
1010,11,SSp-bfd6a,saline,M,1h,70.21366558542766
1011,12,SSp-bfd6a,morphine,M,1h,9.258944912364086
1012,13,SSp-bfd6a,saline,M,4h,0.0
1013,14,SSp-bfd6a,morphine,M,1h,175.91995333491764
1014,15,SSp-bfd6a,morphine,F,4h,59.41156318766956
1015,16,SSp-bfd6a,saline,F,4h,5.401051198879051
1016,17,SSp-bfd6a,morphine,M,1h,168.97574465064457
1017,18,SSp-bfd6a,saline,M,1h,27.005255994395252
1018,19,SSp-bfd6a,morphine,F,1h,59.41156318766956
1019,20,SSp-bfd6a,morphine,F,1h,3.086314970788029
1020,21,SSp-bfd6a,morphine,F,1h,30.09157096518328
1021,22,SSp-bfd6a,morphine,M,4h,70.98524432812467
1022,23,SSp-bfd6a,morphine,M,4h,363.4135878102904
1023,24,SSp-bfd6a,saline,F,1h,56.325248216881526
1024,25,SSp-bfd6a,saline,F,4h,4.629472456182043
1025,26,SSp-bfd6a,saline,F,4h,4.629472456182043
1026,0,SSp-bfd6b,morphine,M,1h,95.52792827217272
1027,1,SSp-bfd6b,morphine,M,4h,6.8234234480123375
1028,2,SSp-bfd6b,saline,M,1h,61.410811032111035
1029,3,SSp-bfd6b,saline,M,4h,47.76396413608636
1030,4,SSp-bfd6b,morphine,F,4h,150.11531585627142
1031,5,SSp-bfd6b,saline,F,4h,20.47027034403701
1032,6,SSp-bfd6b,morphine,M,1h,54.5873875840987
1033,7,SSp-bfd6b,morphine,M,4h,61.410811032111035
1034,8,SSp-bfd6b,saline,M,4h,13.646846896024675
1035,9,SSp-bfd6b,morphine,F,4h,0.0
1036,10,SSp-bfd6b,saline,F,1h,40.94054068807402
1037,11,SSp-bfd6b,saline,M,1h,20.47027034403701
1038,12,SSp-bfd6b,morphine,M,1h,6.8234234480123375
1039,13,SSp-bfd6b,saline,M,4h,0.0
1040,14,SSp-bfd6b,morphine,M,1h,115.99819861620973
1041,15,SSp-bfd6b,morphine,F,4h,0.0
1042,16,SSp-bfd6b,saline,F,4h,0.0
1043,17,SSp-bfd6b,morphine,M,1h,218.3495503363948
1044,18,SSp-bfd6b,saline,M,1h,54.5873875840987
1045,19,SSp-bfd6b,morphine,F,1h,81.88108137614805
1046,20,SSp-bfd6b,morphine,F,1h,20.47027034403701
1047,21,SSp-bfd6b,morphine,F,1h,34.11711724006169
1048,22,SSp-bfd6b,morphine,M,4h,68.23423448012338
1049,23,SSp-bfd6b,morphine,M,4h,259.29009102446884
1050,24,SSp-bfd6b,saline,F,1h,47.76396413608636
1051,25,SSp-bfd6b,saline,F,4h,0.0
1052,26,SSp-bfd6b,saline,F,4h,13.646846896024675
1053,0,SSp-ll,morphine,M,1h,835.8395766213206
1054,1,SSp-ll,morphine,M,4h,406.0156641268368
1055,2,SSp-ll,saline,M,1h,1335.3876450496275
1056,3,SSp-ll,saline,M,4h,254.23808078308733
1057,4,SSp-ll,morphine,F,4h,181.96304109558758
1058,5,SSp-ll,saline,F,4h,21.257364613970513
1059,6,SSp-ll,morphine,M,1h,256.7889645367638
1060,7,SSp-ll,morphine,M,4h,29.760310459558717
1061,8,SSp-ll,saline,M,4h,74.8259234411762
1062,9,SSp-ll,morphine,F,4h,145.82552125183773
1063,10,SSp-ll,saline,F,1h,77.80195448713208
1064,11,SSp-ll,saline,M,1h,29.760310459558717
1065,12,SSp-ll,morphine,M,1h,32.311194213235176
1066,13,SSp-ll,saline,M,4h,2.125736461397051
1067,14,SSp-ll,morphine,M,1h,212.1484988474257
1068,15,SSp-ll,morphine,F,4h,22.532806490808742
1069,16,SSp-ll,saline,F,4h,4.251472922794102
1070,17,SSp-ll,morphine,M,1h,84.17916387132323
1071,18,SSp-ll,saline,M,1h,12.754418768382308
1072,19,SSp-ll,morphine,F,1h,55.26914799632333
1073,20,SSp-ll,morphine,F,1h,136.04713352941127
1074,21,SSp-ll,morphine,F,1h,17.43103898345582
1075,22,SSp-ll,morphine,M,4h,39.11355088970574
1076,23,SSp-ll,morphine,M,4h,1033.5330675312464
1077,24,SSp-ll,saline,F,1h,53.993706119485104
1078,25,SSp-ll,saline,F,4h,11.904124183823487
1079,26,SSp-ll,saline,F,4h,4.251472922794102
1080,0,SSp-ll1,morphine,M,1h,874.5810689917615
1081,1,SSp-ll1,morphine,M,4h,1682.4002243200298
1082,2,SSp-ll1,saline,M,1h,1879.347869627335
1083,3,SSp-ll1,saline,M,4h,761.085815763823
1084,4,SSp-ll1,morphine,F,4h,26.7047654653973
1085,5,SSp-ll1,saline,F,4h,10.014287049523988
1086,6,SSp-ll1,morphine,M,1h,0.0
1087,7,SSp-ll1,morphine,M,4h,3.3380956831746627
1088,8,SSp-ll1,saline,M,4h,20.028574099047976
1089,9,SSp-ll1,morphine,F,4h,66.76191366349325
1090,10,SSp-ll1,saline,F,1h,6.676191366349325
1091,11,SSp-ll1,saline,M,1h,26.7047654653973
1092,12,SSp-ll1,morphine,M,1h,13.35238273269865
1093,13,SSp-ll1,saline,M,4h,10.014287049523988
1094,14,SSp-ll1,morphine,M,1h,43.39524388127061
1095,15,SSp-ll1,morphine,F,4h,13.35238273269865
1096,16,SSp-ll1,saline,F,4h,10.014287049523988
1097,17,SSp-ll1,morphine,M,1h,0.0
1098,18,SSp-ll1,saline,M,1h,20.028574099047976
1099,19,SSp-ll1,morphine,F,1h,90.12858344571589
1100,20,SSp-ll1,morphine,F,1h,23.366669782222637
1101,21,SSp-ll1,morphine,F,1h,0.0
1102,22,SSp-ll1,morphine,M,4h,0.0
1103,23,SSp-ll1,morphine,M,4h,0.0
1104,24,SSp-ll1,saline,F,1h,60.085722297143924
1105,25,SSp-ll1,saline,F,4h,0.0
1106,26,SSp-ll1,saline,F,4h,0.0
1107,0,SSp-ll2/3,morphine,M,1h,2179.1849940919187
1108,1,SSp-ll2/3,morphine,M,4h,592.3547570881511
1109,2,SSp-ll2/3,saline,M,1h,3775.2949400840125
1110,3,SSp-ll2/3,saline,M,4h,476.3583947340745
1111,4,SSp-ll2/3,morphine,F,4h,111.35650785991352
1112,5,SSp-ll2/3,saline,F,4h,46.39854494163063
1113,6,SSp-ll2/3,morphine,M,1h,20.106036141373277
1114,7,SSp-ll2/3,morphine,M,4h,58.7714902593988
1115,8,SSp-ll2/3,saline,M,4h,160.84828913098622
1116,9,SSp-ll2/3,morphine,F,4h,216.52654306094297
1117,10,SSp-ll2/3,saline,F,1h,66.50458108300391
1118,11,SSp-ll2/3,saline,M,1h,29.3857451296994
1119,12,SSp-ll2/3,morphine,M,1h,51.0383994357937
1120,13,SSp-ll2/3,saline,M,4h,1.546618164721021
1121,14,SSp-ll2/3,morphine,M,1h,338.7093780739036
1122,15,SSp-ll2/3,morphine,F,4h,15.466181647210211
1123,16,SSp-ll2/3,saline,F,4h,4.639854494163064
1124,17,SSp-ll2/3,morphine,M,1h,0.0
1125,18,SSp-ll2/3,saline,M,1h,12.372945317768169
1126,19,SSp-ll2/3,morphine,F,1h,29.3857451296994
1127,20,SSp-ll2/3,morphine,F,1h,128.36930767184475
1128,21,SSp-ll2/3,morphine,F,1h,7.733090823605106
1129,22,SSp-ll2/3,morphine,M,4h,0.0
1130,23,SSp-ll2/3,morphine,M,4h,20.106036141373277
1131,24,SSp-ll2/3,saline,F,1h,92.79708988326126
1132,25,SSp-ll2/3,saline,F,4h,24.745890635536337
1133,26,SSp-ll2/3,saline,F,4h,10.82632715304715
1134,0,SSp-ll4,morphine,M,1h,461.83620209365745
1135,1,SSp-ll4,morphine,M,4h,84.3034337155089
1136,2,SSp-ll4,saline,M,1h,241.91420109667771
1137,3,SSp-ll4,saline,M,4h,95.29953376535788
1138,4,SSp-ll4,morphine,F,4h,234.58346773011172
1139,5,SSp-ll4,saline,F,4h,7.330733366565991
1140,6,SSp-ll4,morphine,M,1h,58.64586693252793
1141,7,SSp-ll4,morphine,M,4h,32.98830014954696
1142,8,SSp-ll4,saline,M,4h,128.28783391490484
1143,9,SSp-ll4,morphine,F,4h,124.62246723162184
1144,10,SSp-ll4,saline,F,1h,69.64196698237691
1145,11,SSp-ll4,saline,M,1h,25.657566782980968
1146,12,SSp-ll4,morphine,M,1h,43.98440019939594
1147,13,SSp-ll4,saline,M,4h,0.0
1148,14,SSp-ll4,morphine,M,1h,183.26833416414976
1149,15,SSp-ll4,morphine,F,4h,3.6653666832829956
1150,16,SSp-ll4,saline,F,4h,0.0
1151,17,SSp-ll4,morphine,M,1h,91.63416708207488
1152,18,SSp-ll4,saline,M,1h,7.330733366565991
1153,19,SSp-ll4,morphine,F,1h,69.64196698237691
1154,20,SSp-ll4,morphine,F,1h,227.25273436354573
1155,21,SSp-ll4,morphine,F,1h,25.657566782980968
1156,22,SSp-ll4,morphine,M,4h,0.0
1157,23,SSp-ll4,morphine,M,4h,982.3182711198427
1158,24,SSp-ll4,saline,F,1h,25.657566782980968
1159,25,SSp-ll4,saline,F,4h,7.330733366565991
1160,26,SSp-ll4,saline,F,4h,0.0
1161,0,SSp-ll5,morphine,M,1h,192.70251773943738
1162,1,SSp-ll5,morphine,M,4h,59.43161762057415
1163,2,SSp-ll5,saline,M,1h,77.44119871771782
1164,3,SSp-ll5,saline,M,4h,57.63065951085978
1165,4,SSp-ll5,morphine,F,4h,369.19641249144547
1166,5,SSp-ll5,saline,F,4h,7.203832438857472
1167,6,SSp-ll5,morphine,M,1h,169.2900623131506
1168,7,SSp-ll5,morphine,M,4h,34.218204084572996
1169,8,SSp-ll5,saline,M,4h,50.426827072002304
1170,9,SSp-ll5,morphine,F,4h,225.11976371429603
1171,10,SSp-ll5,saline,F,1h,95.4507798148615
1172,11,SSp-ll5,saline,M,1h,34.218204084572996
1173,12,SSp-ll5,morphine,M,1h,46.82491085257357
1174,13,SSp-ll5,saline,M,4h,1.800958109714368
1175,14,SSp-ll5,morphine,M,1h,311.56575298058567
1176,15,SSp-ll5,morphine,F,4h,48.62586896228794
1177,16,SSp-ll5,saline,F,4h,3.601916219428736
1178,17,SSp-ll5,morphine,M,1h,219.7168893851529
1179,18,SSp-ll5,saline,M,1h,21.611497316572418
1180,19,SSp-ll5,morphine,F,1h,90.0479054857184
1181,20,SSp-ll5,morphine,F,1h,264.7408421280121
1182,21,SSp-ll5,morphine,F,1h,7.203832438857472
1183,22,SSp-ll5,morphine,M,4h,16.20862298742931
1184,23,SSp-ll5,morphine,M,4h,2532.1471022584014
1185,24,SSp-ll5,saline,F,1h,41.422036523430464
1186,25,SSp-ll5,saline,F,4h,9.00479054857184
1187,26,SSp-ll5,saline,F,4h,3.601916219428736
1188,0,SSp-ll6a,morphine,M,1h,111.72676556694707
1189,1,SSp-ll6a,morphine,M,4h,18.9367399266012
1190,2,SSp-ll6a,saline,M,1h,51.12919780182324
1191,3,SSp-ll6a,saline,M,4h,7.574695970640479
1192,4,SSp-ll6a,morphine,F,4h,147.70657142748934
1193,5,SSp-ll6a,saline,F,4h,18.9367399266012
1194,6,SSp-ll6a,morphine,M,1h,903.2824944988772
1195,7,SSp-ll6a,morphine,M,4h,5.681021977980359
1196,8,SSp-ll6a,saline,M,4h,5.681021977980359
1197,9,SSp-ll6a,morphine,F,4h,45.448175823842874
1198,10,SSp-ll6a,saline,F,1h,124.9824835155679
1199,11,SSp-ll6a,saline,M,1h,32.19245787522204
1200,12,SSp-ll6a,morphine,M,1h,1.8936739926601198
1201,13,SSp-ll6a,saline,M,4h,0.0
1202,14,SSp-ll6a,morphine,M,1h,73.85328571374467
1203,15,SSp-ll6a,morphine,F,4h,20.830413919261318
1204,16,SSp-ll6a,saline,F,4h,3.7873479853202396
1205,17,SSp-ll6a,morphine,M,1h,96.57737362566611
1206,18,SSp-ll6a,saline,M,1h,3.7873479853202396
1207,19,SSp-ll6a,morphine,F,1h,22.724087911921437
1208,20,SSp-ll6a,morphine,F,1h,39.76715384586252
1209,21,SSp-ll6a,morphine,F,1h,43.554501831182755
1210,22,SSp-ll6a,morphine,M,4h,134.4508534788685
1211,23,SSp-ll6a,morphine,M,4h,1344.508534788685
1212,24,SSp-ll6a,saline,F,1h,35.97980586054228
1213,25,SSp-ll6a,saline,F,4h,9.4683699633006
1214,26,SSp-ll6a,saline,F,4h,1.8936739926601198
1215,0,SSp-ll6b,morphine,M,1h,60.21194605009634
1216,1,SSp-ll6b,morphine,M,4h,40.141297366730896
1217,2,SSp-ll6b,saline,M,1h,20.070648683365448
1218,3,SSp-ll6b,saline,M,4h,0.0
1219,4,SSp-ll6b,morphine,F,4h,20.070648683365448
1220,5,SSp-ll6b,saline,F,4h,20.070648683365448
1221,6,SSp-ll6b,morphine,M,1h,80.28259473346179
1222,7,SSp-ll6b,morphine,M,4h,0.0
1223,8,SSp-ll6b,saline,M,4h,0.0
1224,9,SSp-ll6b,morphine,F,4h,0.0
1225,10,SSp-ll6b,saline,F,1h,0.0
1226,11,SSp-ll6b,saline,M,1h,0.0
1227,12,SSp-ll6b,morphine,M,1h,0.0
1228,13,SSp-ll6b,saline,M,4h,0.0
1229,14,SSp-ll6b,morphine,M,1h,100.35324341682723
1230,15,SSp-ll6b,morphine,F,4h,0.0
1231,16,SSp-ll6b,saline,F,4h,0.0
1232,17,SSp-ll6b,morphine,M,1h,0.0
1233,18,SSp-ll6b,saline,M,1h,0.0
1234,19,SSp-ll6b,morphine,F,1h,60.21194605009634
1235,20,SSp-ll6b,morphine,F,1h,0.0
1236,21,SSp-ll6b,morphine,F,1h,40.141297366730896
1237,22,SSp-ll6b,morphine,M,4h,240.84778420038535
1238,23,SSp-ll6b,morphine,M,4h,682.4020552344251
1239,24,SSp-ll6b,saline,F,1h,0.0
1240,25,SSp-ll6b,saline,F,4h,0.0
1241,26,SSp-ll6b,saline,F,4h,0.0
1242,0,SSp-m,morphine,M,1h,245.74772691404627
1243,1,SSp-m,morphine,M,4h,411.1362692080997
1244,2,SSp-m,saline,M,1h,527.2464337592316
1245,3,SSp-m,saline,M,4h,242.04379656082014
1246,4,SSp-m,morphine,F,4h,103.87109034047172
1247,5,SSp-m,saline,F,4h,19.96901581739301
1248,6,SSp-m,morphine,M,1h,168.12622994643795
1249,7,SSp-m,morphine,M,4h,42.997800187451084
1250,8,SSp-m,saline,M,4h,23.995027070899667
1251,9,SSp-m,morphine,F,4h,42.19259793674975
1252,10,SSp-m,saline,F,1h,38.48866758352363
1253,11,SSp-m,saline,M,1h,25.766472022442596
1254,12,SSp-m,morphine,M,1h,4.187051703646922
1255,13,SSp-m,saline,M,4h,7.407860706452246
1256,14,SSp-m,morphine,M,1h,11.272831509818635
1257,15,SSp-m,morphine,F,4h,7.890982056873045
1258,16,SSp-m,saline,F,4h,4.8312135042079865
1259,17,SSp-m,morphine,M,1h,9.34034610813544
1260,18,SSp-m,saline,M,1h,4.509132603927454
1261,19,SSp-m,morphine,F,1h,5.797456205049584
1262,20,SSp-m,morphine,F,1h,5.797456205049584
1263,21,SSp-m,morphine,F,1h,2.5766472022442595
1264,22,SSp-m,morphine,M,4h,150.08969953072813
1265,23,SSp-m,morphine,M,4h,232.2203291022639
1266,24,SSp-m,saline,F,1h,12.561155110940765
1267,25,SSp-m,saline,F,4h,15.298842763325291
1268,26,SSp-m,saline,F,4h,10.467629259117304
1269,0,SSp-m1,morphine,M,1h,415.0589537439855
1270,1,SSp-m1,morphine,M,4h,1405.3076304233089
1271,2,SSp-m1,saline,M,1h,1689.6998765071507
1272,3,SSp-m1,saline,M,4h,567.503446014153
1273,4,SSp-m1,morphine,F,4h,16.653599995900652
1274,5,SSp-m1,saline,F,4h,1.2810461535308195
1275,6,SSp-m1,morphine,M,1h,3.8431384605924586
1276,7,SSp-m1,morphine,M,4h,1.2810461535308195
1277,8,SSp-m1,saline,M,4h,5.124184614123278
1278,9,SSp-m1,morphine,F,4h,7.686276921184917
1279,10,SSp-m1,saline,F,1h,17.934646149431472
1280,11,SSp-m1,saline,M,1h,3.8431384605924586
1281,12,SSp-m1,morphine,M,1h,1.2810461535308195
1282,13,SSp-m1,saline,M,4h,0.0
1283,14,SSp-m1,morphine,M,1h,2.562092307061639
1284,15,SSp-m1,morphine,F,4h,19.215692302962292
1285,16,SSp-m1,saline,F,4h,3.8431384605924586
1286,17,SSp-m1,morphine,M,1h,0.0
1287,18,SSp-m1,saline,M,1h,6.405230767654097
1288,19,SSp-m1,morphine,F,1h,15.372553842369834
1289,20,SSp-m1,morphine,F,1h,0.0
1290,21,SSp-m1,morphine,F,1h,6.405230767654097
1291,22,SSp-m1,morphine,M,4h,169.09809226606816
1292,23,SSp-m1,morphine,M,4h,16.653599995900652
1293,24,SSp-m1,saline,F,1h,43.555569220047865
1294,25,SSp-m1,saline,F,4h,12.810461535308194
1295,26,SSp-m1,saline,F,4h,7.686276921184917
1296,0,SSp-m2/3,morphine,M,1h,400.7362861363946
1297,1,SSp-m2/3,morphine,M,4h,839.5425194557466
1298,2,SSp-m2/3,saline,M,1h,1157.459973123953
1299,3,SSp-m2/3,saline,M,4h,532.3113667511775
1300,4,SSp-m2/3,morphine,F,4h,133.57876204546486
1301,5,SSp-m2/3,saline,F,4h,22.040495737501704
1302,6,SSp-m2/3,morphine,M,1h,210.38655022160717
1303,7,SSp-m2/3,morphine,M,4h,37.402053372730165
1304,8,SSp-m2/3,saline,M,4h,33.394690511366214
1305,9,SSp-m2/3,morphine,F,4h,25.379964788638326
1306,10,SSp-m2/3,saline,F,1h,58.77465530000454
1307,11,SSp-m2/3,saline,M,1h,28.05154002954762
1308,12,SSp-m2/3,morphine,M,1h,6.011044292045919
1309,13,SSp-m2/3,saline,M,4h,4.675256671591271
1310,14,SSp-m2/3,morphine,M,1h,14.693663825001135
1311,15,SSp-m2/3,morphine,F,4h,18.033132876137756
1312,16,SSp-m2/3,saline,F,4h,5.343150481818594
1313,17,SSp-m2/3,morphine,M,1h,10.018407153409864
1314,18,SSp-m2/3,saline,M,1h,6.678938102273244
1315,19,SSp-m2/3,morphine,F,1h,2.003681430681973
1316,20,SSp-m2/3,morphine,F,1h,16.697345255683107
1317,21,SSp-m2/3,morphine,F,1h,3.339469051136622
1318,22,SSp-m2/3,morphine,M,4h,260.4785859886565
1319,23,SSp-m2/3,morphine,M,4h,156.2871515931939
1320,24,SSp-m2/3,saline,F,1h,23.37628335795635
1321,25,SSp-m2/3,saline,F,4h,28.719433839774947
1322,26,SSp-m2/3,saline,F,4h,25.379964788638326
1323,0,SSp-m4,morphine,M,1h,170.7509881422925
1324,1,SSp-m4,morphine,M,4h,169.6969696969697
1325,2,SSp-m4,saline,M,1h,132.80632411067194
1326,3,SSp-m4,saline,M,4h,173.91304347826087
1327,4,SSp-m4,morphine,F,4h,138.0764163372859
1328,5,SSp-m4,saline,F,4h,34.78260869565217
1329,6,SSp-m4,morphine,M,1h,284.5849802371541
1330,7,SSp-m4,morphine,M,4h,102.23978919631094
1331,8,SSp-m4,saline,M,4h,47.430830039525695
1332,9,SSp-m4,morphine,F,4h,60.07905138339921
1333,10,SSp-m4,saline,F,1h,66.40316205533597
1334,11,SSp-m4,saline,M,1h,41.10671936758894
1335,12,SSp-m4,morphine,M,1h,1.0540184453227932
1336,13,SSp-m4,saline,M,4h,31.620553359683797
1337,14,SSp-m4,morphine,M,1h,12.648221343873518
1338,15,SSp-m4,morphine,F,4h,0.0
1339,16,SSp-m4,saline,F,4h,14.756258234519104
1340,17,SSp-m4,morphine,M,1h,24.242424242424242
1341,18,SSp-m4,saline,M,1h,3.1620553359683794
1342,19,SSp-m4,morphine,F,1h,8.432147562582346
1343,20,SSp-m4,morphine,F,1h,9.486166007905139
1344,21,SSp-m4,morphine,F,1h,5.270092226613966
1345,22,SSp-m4,morphine,M,4h,267.72068511198944
1346,23,SSp-m4,morphine,M,4h,287.74703557312256
1347,24,SSp-m4,saline,F,1h,7.378129117259552
1348,25,SSp-m4,saline,F,4h,30.566534914361
1349,26,SSp-m4,saline,F,4h,4.216073781291173
1350,0,SSp-m5,morphine,M,1h,176.65231537778948
1351,1,SSp-m5,morphine,M,4h,24.64916028527295
1352,2,SSp-m5,saline,M,1h,42.72521116113978
1353,3,SSp-m5,saline,M,4h,60.80126203700661
1354,4,SSp-m5,morphine,F,4h,120.78088539783745
1355,5,SSp-m5,saline,F,4h,32.04390837085484
1356,6,SSp-m5,morphine,M,1h,184.8687021395471
1357,7,SSp-m5,morphine,M,4h,63.26617806553391
1358,8,SSp-m5,saline,M,4h,27.114076313800243
1359,9,SSp-m5,morphine,F,4h,76.41239688434614
1360,10,SSp-m5,saline,F,1h,46.833404542018606
1361,11,SSp-m5,saline,M,1h,46.01176586584284
1362,12,SSp-m5,morphine,M,1h,0.821638676175765
1363,13,SSp-m5,saline,M,4h,2.464916028527295
1364,14,SSp-m5,morphine,M,1h,10.681302790284946
1365,15,SSp-m5,morphine,F,4h,2.464916028527295
1366,16,SSp-m5,saline,F,4h,0.821638676175765
1367,17,SSp-m5,morphine,M,1h,9.85966411410918
1368,18,SSp-m5,saline,M,1h,3.28655470470306
1369,19,SSp-m5,morphine,F,1h,7.394748085581885
1370,20,SSp-m5,morphine,F,1h,1.64327735235153
1371,21,SSp-m5,morphine,F,1h,0.0
1372,22,SSp-m5,morphine,M,4h,128.17563348341935
1373,23,SSp-m5,morphine,M,4h,371.3806816314458
1374,24,SSp-m5,saline,F,1h,1.64327735235153
1375,25,SSp-m5,saline,F,4h,8.21638676175765
1376,26,SSp-m5,saline,F,4h,9.038025437933415
1377,0,SSp-m6a,morphine,M,1h,126.53782815073139
1378,1,SSp-m6a,morphine,M,4h,4.843553230650006
1379,2,SSp-m6a,saline,M,1h,25.42865446091253
1380,3,SSp-m6a,saline,M,4h,12.108883076625013
1381,4,SSp-m6a,morphine,F,4h,89.6057347670251
1382,5,SSp-m6a,saline,F,4h,10.897994768962512
1383,6,SSp-m6a,morphine,M,1h,135.0140463043689
1384,7,SSp-m6a,morphine,M,4h,21.795989537925024
1385,8,SSp-m6a,saline,M,4h,9.687106461300012
1386,9,SSp-m6a,morphine,F,4h,40.5647583066938
1387,10,SSp-m6a,saline,F,1h,9.687106461300012
1388,11,SSp-m6a,saline,M,1h,10.292550615131262
1389,12,SSp-m6a,morphine,M,1h,8.47621815363751
1390,13,SSp-m6a,saline,M,4h,3.632664922987504
1391,14,SSp-m6a,morphine,M,1h,12.714327230456265
1392,15,SSp-m6a,morphine,F,4h,2.421776615325003
1393,16,SSp-m6a,saline,F,4h,2.421776615325003
1394,17,SSp-m6a,morphine,M,1h,4.843553230650006
1395,18,SSp-m6a,saline,M,1h,3.027220769156253
1396,19,SSp-m6a,morphine,F,1h,2.421776615325003
1397,20,SSp-m6a,morphine,F,1h,0.0
1398,21,SSp-m6a,morphine,F,1h,0.6054441538312507
1399,22,SSp-m6a,morphine,M,4h,0.0
1400,23,SSp-m6a,morphine,M,4h,272.4498692240628
1401,24,SSp-m6a,saline,F,1h,0.0
1402,25,SSp-m6a,saline,F,4h,1.2108883076625014
1403,26,SSp-m6a,saline,F,4h,3.632664922987504
1404,0,SSp-m6b,morphine,M,1h,140.03886078386753
1405,1,SSp-m6b,morphine,M,4h,0.0
1406,2,SSp-m6b,saline,M,1h,17.50485759798344
1407,3,SSp-m6b,saline,M,4h,35.00971519596688
1408,4,SSp-m6b,morphine,F,4h,52.51457279395032
1409,5,SSp-m6b,saline,F,4h,0.0
1410,6,SSp-m6b,morphine,M,1h,70.01943039193377
1411,7,SSp-m6b,morphine,M,4h,0.0
1412,8,SSp-m6b,saline,M,4h,8.75242879899172
1413,9,SSp-m6b,morphine,F,4h,8.75242879899172
1414,10,SSp-m6b,saline,F,1h,8.75242879899172
1415,11,SSp-m6b,saline,M,1h,26.25728639697516
1416,12,SSp-m6b,morphine,M,1h,0.0
1417,13,SSp-m6b,saline,M,4h,0.0
1418,14,SSp-m6b,morphine,M,1h,0.0
1419,15,SSp-m6b,morphine,F,4h,0.0
1420,16,SSp-m6b,saline,F,4h,0.0
1421,17,SSp-m6b,morphine,M,1h,0.0
1422,18,SSp-m6b,saline,M,1h,8.75242879899172
1423,19,SSp-m6b,morphine,F,1h,0.0
1424,20,SSp-m6b,morphine,F,1h,0.0
1425,21,SSp-m6b,morphine,F,1h,0.0
1426,22,SSp-m6b,morphine,M,4h,0.0
1427,23,SSp-m6b,morphine,M,4h,175.04857597983442
1428,24,SSp-m6b,saline,F,1h,0.0
1429,25,SSp-m6b,saline,F,4h,8.75242879899172
1430,26,SSp-m6b,saline,F,4h,0.0
1431,0,SSp-ul,morphine,M,1h,345.67267159079995
1432,1,SSp-ul,morphine,M,4h,377.242163470543
1433,2,SSp-ul,saline,M,1h,693.9982416588892
1434,3,SSp-ul,saline,M,4h,180.6623863034035
1435,4,SSp-ul,morphine,F,4h,131.8490543212798
1436,5,SSp-ul,saline,F,4h,26.794274620622254
1437,6,SSp-ul,morphine,M,1h,142.46064823043713
1438,7,SSp-ul,morphine,M,4h,24.93724568651972
1439,8,SSp-ul,saline,M,4h,52.79267969805771
1440,9,SSp-ul,morphine,F,4h,80.64811370959569
1441,10,SSp-ul,saline,F,1h,73.4852878209145
1442,11,SSp-ul,saline,M,1h,24.406665991061857
1443,12,SSp-ul,morphine,M,1h,25.202535534248653
1444,13,SSp-ul,saline,M,4h,2.387608629560399
1445,14,SSp-ul,morphine,M,1h,161.29622741919138
1446,15,SSp-ul,morphine,F,4h,12.733912690988793
1447,16,SSp-ul,saline,F,4h,1.5917390863735992
1448,17,SSp-ul,morphine,M,1h,23.345506600146123
1449,18,SSp-ul,saline,M,1h,11.938043147801995
1450,19,SSp-ul,morphine,F,1h,26.52898477289332
1451,20,SSp-ul,morphine,F,1h,49.87449137303944
1452,21,SSp-ul,morphine,F,1h,6.101666497765464
1453,22,SSp-ul,morphine,M,4h,149.88876396684725
1454,23,SSp-ul,morphine,M,4h,655.531213738194
1455,24,SSp-ul,saline,F,1h,44.03811472300291
1456,25,SSp-ul,saline,F,4h,13.26449238644666
1457,26,SSp-ul,saline,F,4h,9.815724365970528
1458,0,SSp-ul1,morphine,M,1h,813.3617502500979
1459,1,SSp-ul1,morphine,M,4h,1759.3841068244096
1460,2,SSp-ul1,saline,M,1h,1261.3631420990823
1461,3,SSp-ul1,saline,M,4h,561.0891218302814
1462,4,SSp-ul1,morphine,F,4h,30.446696533426124
1463,5,SSp-ul1,saline,F,4h,15.223348266713062
1464,6,SSp-ul1,morphine,M,1h,6.524292114305598
1465,7,SSp-ul1,morphine,M,4h,4.349528076203732
1466,8,SSp-ul1,saline,M,4h,21.74764038101866
1467,9,SSp-ul1,morphine,F,4h,28.271932495324258
1468,10,SSp-ul1,saline,F,1h,0.0
1469,11,SSp-ul1,saline,M,1h,17.398112304814926
1470,12,SSp-ul1,morphine,M,1h,15.223348266713062
1471,13,SSp-ul1,saline,M,4h,0.0
1472,14,SSp-ul1,morphine,M,1h,17.398112304814926
1473,15,SSp-ul1,morphine,F,4h,32.62146057152799
1474,16,SSp-ul1,saline,F,4h,0.0
1475,17,SSp-ul1,morphine,M,1h,0.0
1476,18,SSp-ul1,saline,M,1h,28.271932495324258
1477,19,SSp-ul1,morphine,F,1h,63.06815710495411
1478,20,SSp-ul1,morphine,F,1h,4.349528076203732
1479,21,SSp-ul1,morphine,F,1h,0.0
1480,22,SSp-ul1,morphine,M,4h,8.699056152407463
1481,23,SSp-ul1,morphine,M,4h,0.0
1482,24,SSp-ul1,saline,F,1h,160.93253881953808
1483,25,SSp-ul1,saline,F,4h,2.174764038101866
1484,26,SSp-ul1,saline,F,4h,4.349528076203732
1485,0,SSp-ul2/3,morphine,M,1h,804.9391392462992
1486,1,SSp-ul2/3,morphine,M,4h,578.1669451946768
1487,2,SSp-ul2/3,saline,M,1h,1977.6169715492833
1488,3,SSp-ul2/3,saline,M,4h,335.05080922942403
1489,4,SSp-ul2/3,morphine,F,4h,133.81602441784923
1490,5,SSp-ul2/3,saline,F,4h,54.139307588900834
1491,6,SSp-ul2/3,morphine,M,1h,44.94584026248371
1492,7,SSp-ul2/3,morphine,M,4h,54.139307588900834
1493,8,SSp-ul2/3,saline,M,4h,112.36460065620928
1494,9,SSp-ul2/3,morphine,F,4h,99.08514785138455
1495,10,SSp-ul2/3,saline,F,1h,70.48324950253128
1496,11,SSp-ul2/3,saline,M,1h,19.408431022436147
1497,12,SSp-ul2/3,morphine,M,1h,35.752372936066585
1498,13,SSp-ul2/3,saline,M,4h,5.107481848009512
1499,14,SSp-ul2/3,morphine,M,1h,221.66471220361285
1500,15,SSp-ul2/3,morphine,F,4h,14.300949174426634
1501,16,SSp-ul2/3,saline,F,4h,4.08598547840761
1502,17,SSp-ul2/3,morphine,M,1h,1.0214963696019026
1503,18,SSp-ul2/3,saline,M,1h,6.128978217611415
1504,19,SSp-ul2/3,morphine,F,1h,6.128978217611415
1505,20,SSp-ul2/3,morphine,F,1h,70.48324950253128
1506,21,SSp-ul2/3,morphine,F,1h,4.08598547840761
1507,22,SSp-ul2/3,morphine,M,4h,41.881351153678004
1508,23,SSp-ul2/3,morphine,M,4h,6.128978217611415
1509,24,SSp-ul2/3,saline,F,1h,66.39726402412366
1510,25,SSp-ul2/3,saline,F,4h,22.472920131241857
1511,26,SSp-ul2/3,saline,F,4h,30.644891088057076
1512,0,SSp-ul4,morphine,M,1h,112.78267352283372
1513,1,SSp-ul4,morphine,M,4h,47.78926844187869
1514,2,SSp-ul4,saline,M,1h,118.51738573585916
1515,3,SSp-ul4,saline,M,4h,89.84382467073195
1516,4,SSp-ul4,morphine,F,4h,177.77607860378873
1517,5,SSp-ul4,saline,F,4h,32.496702540477514
1518,6,SSp-ul4,morphine,M,1h,66.90497581863018
1519,7,SSp-ul4,morphine,M,4h,40.1429854911781
1520,8,SSp-ul4,saline,M,4h,49.70083917955384
1521,9,SSp-ul4,morphine,F,4h,107.04796130980827
1522,10,SSp-ul4,saline,F,1h,114.69424426050887
1523,11,SSp-ul4,saline,M,1h,19.115707376751477
1524,12,SSp-ul4,morphine,M,1h,19.115707376751477
1525,13,SSp-ul4,saline,M,4h,5.7347122130254435
1526,14,SSp-ul4,morphine,M,1h,187.3339322921645
1527,15,SSp-ul4,morphine,F,4h,0.0
1528,16,SSp-ul4,saline,F,4h,0.0
1529,17,SSp-ul4,morphine,M,1h,11.469424426050887
1530,18,SSp-ul4,saline,M,1h,3.8231414753502952
1531,19,SSp-ul4,morphine,F,1h,13.380995163726034
1532,20,SSp-ul4,morphine,F,1h,91.7553954084071
1533,21,SSp-ul4,morphine,F,1h,11.469424426050887
1534,22,SSp-ul4,morphine,M,4h,223.65377630799227
1535,23,SSp-ul4,morphine,M,4h,584.9406457285952
1536,24,SSp-ul4,saline,F,1h,9.557853688375738
1537,25,SSp-ul4,saline,F,4h,11.469424426050887
1538,26,SSp-ul4,saline,F,4h,0.0
1539,0,SSp-ul5,morphine,M,1h,54.27250857631851
1540,1,SSp-ul5,morphine,M,4h,18.93227043359948
1541,2,SSp-ul5,saline,M,1h,23.980875882559342
1542,3,SSp-ul5,saline,M,4h,39.12669222943892
1543,4,SSp-ul5,morphine,F,4h,220.87648839199395
1544,5,SSp-ul5,saline,F,4h,16.40796770911955
1545,6,SSp-ul5,morphine,M,1h,119.90437941279671
1546,7,SSp-ul5,morphine,M,4h,17.670119071359515
1547,8,SSp-ul5,saline,M,4h,42.91314631615882
1548,9,SSp-ul5,morphine,F,4h,104.75856306591713
1549,10,SSp-ul5,saline,F,1h,90.87489808127751
1550,11,SSp-ul5,saline,M,1h,39.12669222943892
1551,12,SSp-ul5,morphine,M,1h,54.27250857631851
1552,13,SSp-ul5,saline,M,4h,1.2621513622399654
1553,14,SSp-ul5,morphine,M,1h,276.4111483305524
1554,15,SSp-ul5,morphine,F,4h,17.670119071359515
1555,16,SSp-ul5,saline,F,4h,2.5243027244799308
1556,17,SSp-ul5,morphine,M,1h,45.437449040638754
1557,18,SSp-ul5,saline,M,1h,13.88366498463962
1558,19,SSp-ul5,morphine,F,1h,60.58326538751834
1559,20,SSp-ul5,morphine,F,1h,85.82629263231765
1560,21,SSp-ul5,morphine,F,1h,2.5243027244799308
1561,22,SSp-ul5,morphine,M,4h,280.1976024172723
1562,23,SSp-ul5,morphine,M,4h,1708.952944472913
1563,24,SSp-ul5,saline,F,1h,18.93227043359948
1564,25,SSp-ul5,saline,F,4h,5.0486054489598615
1565,26,SSp-ul5,saline,F,4h,2.5243027244799308
1566,0,SSp-ul6a,morphine,M,1h,33.96977114989799
1567,1,SSp-ul6a,morphine,M,4h,7.430887439040185
1568,2,SSp-ul6a,saline,M,1h,20.16955162025193
1569,3,SSp-ul6a,saline,M,4h,18.046440923383305
1570,4,SSp-ul6a,morphine,F,4h,82.80131717787634
1571,5,SSp-ul6a,saline,F,4h,10.61555348434312
1572,6,SSp-ul6a,morphine,M,1h,376.8521486941808
1573,7,SSp-ul6a,morphine,M,4h,4.246221393737248
1574,8,SSp-ul6a,saline,M,4h,19.10799627181762
1575,9,SSp-ul6a,morphine,F,4h,58.38554416388717
1576,10,SSp-ul6a,saline,F,1h,77.49354043570479
1577,11,SSp-ul6a,saline,M,1h,24.415773013989178
1578,12,SSp-ul6a,morphine,M,1h,0.0
1579,13,SSp-ul6a,saline,M,4h,0.0
1580,14,SSp-ul6a,morphine,M,1h,70.0626529966646
1581,15,SSp-ul6a,morphine,F,4h,5.30777674217156
1582,16,SSp-ul6a,saline,F,4h,0.0
1583,17,SSp-ul6a,morphine,M,1h,44.58532463424111
1584,18,SSp-ul6a,saline,M,1h,13.800219529646057
1585,19,SSp-ul6a,morphine,F,1h,9.55399813590881
1586,20,SSp-ul6a,morphine,F,1h,0.0
1587,21,SSp-ul6a,morphine,F,1h,11.677108832777433
1588,22,SSp-ul6a,morphine,M,4h,190.01840736974188
1589,23,SSp-ul6a,morphine,M,4h,836.5056145662379
1590,24,SSp-ul6a,saline,F,1h,7.430887439040185
1591,25,SSp-ul6a,saline,F,4h,14.86177487808037
1592,26,SSp-ul6a,saline,F,4h,3.1846660453029365
1593,0,SSp-ul6b,morphine,M,1h,95.57096827043853
1594,1,SSp-ul6b,morphine,M,4h,0.0
1595,2,SSp-ul6b,saline,M,1h,0.0
1596,3,SSp-ul6b,saline,M,4h,0.0
1597,4,SSp-ul6b,morphine,F,4h,81.91797280323303
1598,5,SSp-ul6b,saline,F,4h,13.652995467205503
1599,6,SSp-ul6b,morphine,M,1h,68.26497733602753
1600,7,SSp-ul6b,morphine,M,4h,0.0
1601,8,SSp-ul6b,saline,M,4h,13.652995467205503
1602,9,SSp-ul6b,morphine,F,4h,0.0
1603,10,SSp-ul6b,saline,F,1h,40.958986401616514
1604,11,SSp-ul6b,saline,M,1h,13.652995467205503
1605,12,SSp-ul6b,morphine,M,1h,0.0
1606,13,SSp-ul6b,saline,M,4h,0.0
1607,14,SSp-ul6b,morphine,M,1h,0.0
1608,15,SSp-ul6b,morphine,F,4h,0.0
1609,16,SSp-ul6b,saline,F,4h,0.0
1610,17,SSp-ul6b,morphine,M,1h,40.958986401616514
1611,18,SSp-ul6b,saline,M,1h,0.0
1612,19,SSp-ul6b,morphine,F,1h,13.652995467205503
1613,20,SSp-ul6b,morphine,F,1h,13.652995467205503
1614,21,SSp-ul6b,morphine,F,1h,0.0
1615,22,SSp-ul6b,morphine,M,4h,27.305990934411007
1616,23,SSp-ul6b,morphine,M,4h,232.10092294249358
1617,24,SSp-ul6b,saline,F,1h,0.0
1618,25,SSp-ul6b,saline,F,4h,40.958986401616514
1619,26,SSp-ul6b,saline,F,4h,0.0
1620,0,SSp-tr,morphine,M,1h,848.9703202829711
1621,1,SSp-tr,morphine,M,4h,392.38124046691945
1622,2,SSp-tr,saline,M,1h,1307.6996614106606
1623,3,SSp-tr,saline,M,4h,387.3872974064314
1624,4,SSp-tr,morphine,F,4h,139.11698525645326
1625,5,SSp-tr,saline,F,4h,27.10997661407807
1626,6,SSp-tr,morphine,M,1h,111.2935882051626
1627,7,SSp-tr,morphine,M,4h,49.22601016766807
1628,8,SSp-tr,saline,M,4h,73.48230503289582
1629,9,SSp-tr,morphine,F,4h,172.64774580544454
1630,10,SSp-tr,saline,F,1h,62.78099847470711
1631,11,SSp-tr,saline,M,1h,14.981829181464196
1632,12,SSp-tr,morphine,M,1h,131.98278088432744
1633,13,SSp-tr,saline,M,4h,0.0
1634,14,SSp-tr,morphine,M,1h,150.53171225185454
1635,15,SSp-tr,morphine,F,4h,17.83551093031452
1636,16,SSp-tr,saline,F,4h,5.707363497700646
1637,17,SSp-tr,morphine,M,1h,85.6104524655097
1638,18,SSp-tr,saline,M,1h,14.268408744251616
1639,19,SSp-tr,morphine,F,1h,87.75071377714744
1640,20,SSp-tr,morphine,F,1h,89.89097508878518
1641,21,SSp-tr,morphine,F,1h,16.40867005588936
1642,22,SSp-tr,morphine,M,4h,0.0
1643,23,SSp-tr,morphine,M,4h,665.6212679193379
1644,24,SSp-tr,saline,F,1h,31.390499237353556
1645,25,SSp-tr,saline,F,4h,6.420783934913227
1646,26,SSp-tr,saline,F,4h,7.134204372125808
1647,0,SSp-tr1,morphine,M,1h,496.01244893989497
1648,1,SSp-tr1,morphine,M,4h,1609.609025481424
1649,2,SSp-tr1,saline,M,1h,1706.866368410815
1650,3,SSp-tr1,saline,M,4h,1026.0649679050769
1651,4,SSp-tr1,morphine,F,4h,29.17720287881735
1652,5,SSp-tr1,saline,F,4h,9.725734292939118
1653,6,SSp-tr1,morphine,M,1h,0.0
1654,7,SSp-tr1,morphine,M,4h,9.725734292939118
1655,8,SSp-tr1,saline,M,4h,24.314335732347793
1656,9,SSp-tr1,morphine,F,4h,53.49153861116515
1657,10,SSp-tr1,saline,F,1h,0.0
1658,11,SSp-tr1,saline,M,1h,0.0
1659,12,SSp-tr1,morphine,M,1h,29.17720287881735
1660,13,SSp-tr1,saline,M,4h,0.0
1661,14,SSp-tr1,morphine,M,1h,24.314335732347793
1662,15,SSp-tr1,morphine,F,4h,0.0
1663,16,SSp-tr1,saline,F,4h,0.0
1664,17,SSp-tr1,morphine,M,1h,0.0
1665,18,SSp-tr1,saline,M,1h,9.725734292939118
1666,19,SSp-tr1,morphine,F,1h,97.25734292939117
1667,20,SSp-tr1,morphine,F,1h,0.0
1668,21,SSp-tr1,morphine,F,1h,4.862867146469559
1669,22,SSp-tr1,morphine,M,4h,0.0
1670,23,SSp-tr1,morphine,M,4h,0.0
1671,24,SSp-tr1,saline,F,1h,0.0
1672,25,SSp-tr1,saline,F,4h,0.0
1673,26,SSp-tr1,saline,F,4h,0.0
1674,0,SSp-tr2/3,morphine,M,1h,1755.8185087814525
1675,1,SSp-tr2/3,morphine,M,4h,450.75448276513094
1676,2,SSp-tr2/3,saline,M,1h,3256.76013725592
1677,3,SSp-tr2/3,saline,M,4h,700.9114208442089
1678,4,SSp-tr2/3,morphine,F,4h,129.79841126744608
1679,5,SSp-tr2/3,saline,F,4h,63.71922007674626
1680,6,SSp-tr2/3,morphine,M,1h,0.0
1681,7,SSp-tr2/3,morphine,M,4h,80.23901787442122
1682,8,SSp-tr2/3,saline,M,4h,167.55794909070312
1683,9,SSp-tr2/3,morphine,F,4h,205.31748691396018
1684,10,SSp-tr2/3,saline,F,1h,49.55939339302487
1685,11,SSp-tr2/3,saline,M,1h,23.599711139535653
1686,12,SSp-tr2/3,morphine,M,1h,292.6364181302421
1687,13,SSp-tr2/3,saline,M,4h,0.0
1688,14,SSp-tr2/3,morphine,M,1h,212.39740025582086
1689,15,SSp-tr2/3,morphine,F,4h,23.599711139535653
1690,16,SSp-tr2/3,saline,F,4h,2.359971113953565
1691,17,SSp-tr2/3,morphine,M,1h,0.0
1692,18,SSp-tr2/3,saline,M,1h,11.799855569767827
1693,19,SSp-tr2/3,morphine,F,1h,94.39884455814261
1694,20,SSp-tr2/3,morphine,F,1h,25.959682253489216
1695,21,SSp-tr2/3,morphine,F,1h,18.87976891162852
1696,22,SSp-tr2/3,morphine,M,4h,0.0
1697,23,SSp-tr2/3,morphine,M,4h,14.159826683721391
1698,24,SSp-tr2/3,saline,F,1h,4.71994222790713
1699,25,SSp-tr2/3,saline,F,4h,2.359971113953565
1700,26,SSp-tr2/3,saline,F,4h,23.599711139535653
1701,0,SSp-tr4,morphine,M,1h,824.898851688424
1702,1,SSp-tr4,morphine,M,4h,104.74906053186336
1703,2,SSp-tr4,saline,M,1h,301.1535490291072
1704,3,SSp-tr4,saline,M,4h,124.38950938158774
1705,4,SSp-tr4,morphine,F,4h,274.9662838961413
1706,5,SSp-tr4,saline,F,4h,19.64044884972438
1707,6,SSp-tr4,morphine,M,1h,13.09363256648292
1708,7,SSp-tr4,morphine,M,4h,85.10861168213899
1709,8,SSp-tr4,saline,M,4h,78.56179539889752
1710,9,SSp-tr4,morphine,F,4h,196.4044884972438
1711,10,SSp-tr4,saline,F,1h,124.38950938158774
1712,11,SSp-tr4,saline,M,1h,19.64044884972438
1713,12,SSp-tr4,morphine,M,1h,150.5767745145536
1714,13,SSp-tr4,saline,M,4h,0.0
1715,14,SSp-tr4,morphine,M,1h,104.74906053186336
1716,15,SSp-tr4,morphine,F,4h,6.54681628324146
1717,16,SSp-tr4,saline,F,4h,6.54681628324146
1718,17,SSp-tr4,morphine,M,1h,72.01497911565606
1719,18,SSp-tr4,saline,M,1h,0.0
1720,19,SSp-tr4,morphine,F,1h,130.9363256648292
1721,20,SSp-tr4,morphine,F,1h,72.01497911565606
1722,21,SSp-tr4,morphine,F,1h,45.82771398269022
1723,22,SSp-tr4,morphine,M,4h,0.0
1724,23,SSp-tr4,morphine,M,4h,576.1198329252485
1725,24,SSp-tr4,saline,F,1h,45.82771398269022
1726,25,SSp-tr4,saline,F,4h,19.64044884972438
1727,26,SSp-tr4,saline,F,4h,0.0
1728,0,SSp-tr5,morphine,M,1h,509.90634720089747
1729,1,SSp-tr5,morphine,M,4h,25.495317360044872
1730,2,SSp-tr5,saline,M,1h,113.31252160019943
1731,3,SSp-tr5,saline,M,4h,39.6593825600698
1732,4,SSp-tr5,morphine,F,4h,195.46409976034403
1733,5,SSp-tr5,saline,F,4h,5.665626080009972
1734,6,SSp-tr5,morphine,M,1h,70.82032600012465
1735,7,SSp-tr5,morphine,M,4h,33.99375648005983
1736,8,SSp-tr5,saline,M,4h,39.6593825600698
1737,9,SSp-tr5,morphine,F,4h,294.6125561605185
1738,10,SSp-tr5,saline,F,1h,76.48595208013462
1739,11,SSp-tr5,saline,M,1h,19.8296912800349
1740,12,SSp-tr5,morphine,M,1h,84.98439120014957
1741,13,SSp-tr5,saline,M,4h,0.0
1742,14,SSp-tr5,morphine,M,1h,209.62816496036896
1743,15,SSp-tr5,morphine,F,4h,33.99375648005983
1744,16,SSp-tr5,saline,F,4h,14.164065200024929
1745,17,SSp-tr5,morphine,M,1h,178.4672215203141
1746,18,SSp-tr5,saline,M,1h,25.495317360044872
1747,19,SSp-tr5,morphine,F,1h,110.47970856019445
1748,20,SSp-tr5,morphine,F,1h,254.95317360044874
1749,21,SSp-tr5,morphine,F,1h,19.8296912800349
1750,22,SSp-tr5,morphine,M,4h,0.0
1751,23,SSp-tr5,morphine,M,4h,1405.075267842473
1752,24,SSp-tr5,saline,F,1h,36.826569520064815
1753,25,SSp-tr5,saline,F,4h,8.498439120014957
1754,26,SSp-tr5,saline,F,4h,0.0
1755,0,SSp-tr6a,morphine,M,1h,141.68806299537152
1756,1,SSp-tr6a,morphine,M,4h,12.88073299957923
1757,2,SSp-tr6a,saline,M,1h,64.40366499789614
1758,3,SSp-tr6a,saline,M,4h,4.29357766652641
1759,4,SSp-tr6a,morphine,F,4h,72.99082033094896
1760,5,SSp-tr6a,saline,F,4h,17.17431066610564
1761,6,SSp-tr6a,morphine,M,1h,540.9907859823277
1762,7,SSp-tr6a,morphine,M,4h,25.76146599915846
1763,8,SSp-tr6a,saline,M,4h,0.0
1764,9,SSp-tr6a,morphine,F,4h,34.34862133221128
1765,10,SSp-tr6a,saline,F,1h,90.1651309970546
1766,11,SSp-tr6a,saline,M,1h,4.29357766652641
1767,12,SSp-tr6a,morphine,M,1h,4.29357766652641
1768,13,SSp-tr6a,saline,M,4h,0.0
1769,14,SSp-tr6a,morphine,M,1h,72.99082033094896
1770,15,SSp-tr6a,morphine,F,4h,8.58715533305282
1771,16,SSp-tr6a,saline,F,4h,4.29357766652641
1772,17,SSp-tr6a,morphine,M,1h,197.50457266021485
1773,18,SSp-tr6a,saline,M,1h,17.17431066610564
1774,19,SSp-tr6a,morphine,F,1h,17.17431066610564
1775,20,SSp-tr6a,morphine,F,1h,51.52293199831692
1776,21,SSp-tr6a,morphine,F,1h,0.0
1777,22,SSp-tr6a,morphine,M,4h,0.0
1778,23,SSp-tr6a,morphine,M,4h,1318.1283436236079
1779,24,SSp-tr6a,saline,F,1h,90.1651309970546
1780,25,SSp-tr6a,saline,F,4h,4.29357766652641
1781,26,SSp-tr6a,saline,F,4h,0.0
1782,0,SSp-tr6b,morphine,M,1h,148.51779243153328
1783,1,SSp-tr6b,morphine,M,4h,0.0
1784,2,SSp-tr6b,saline,M,1h,29.703558486306658
1785,3,SSp-tr6b,saline,M,4h,29.703558486306658
1786,4,SSp-tr6b,morphine,F,4h,178.22135091783994
1787,5,SSp-tr6b,saline,F,4h,0.0
1788,6,SSp-tr6b,morphine,M,1h,89.11067545891997
1789,7,SSp-tr6b,morphine,M,4h,59.407116972613316
1790,8,SSp-tr6b,saline,M,4h,29.703558486306658
1791,9,SSp-tr6b,morphine,F,4h,59.407116972613316
1792,10,SSp-tr6b,saline,F,1h,0.0
1793,11,SSp-tr6b,saline,M,1h,0.0
1794,12,SSp-tr6b,morphine,M,1h,29.703558486306658
1795,13,SSp-tr6b,saline,M,4h,0.0
1796,14,SSp-tr6b,morphine,M,1h,267.3320263767599
1797,15,SSp-tr6b,morphine,F,4h,0.0
1798,16,SSp-tr6b,saline,F,4h,0.0
1799,17,SSp-tr6b,morphine,M,1h,0.0
1800,18,SSp-tr6b,saline,M,1h,0.0
1801,19,SSp-tr6b,morphine,F,1h,0.0
1802,20,SSp-tr6b,morphine,F,1h,59.407116972613316
1803,21,SSp-tr6b,morphine,F,1h,0.0
1804,22,SSp-tr6b,morphine,M,4h,0.0
1805,23,SSp-tr6b,morphine,M,4h,1069.3281055070397
1806,24,SSp-tr6b,saline,F,1h,29.703558486306658
1807,25,SSp-tr6b,saline,F,4h,29.703558486306658
1808,26,SSp-tr6b,saline,F,4h,0.0
1809,0,SSp-un,morphine,M,1h,318.4582185985937
1810,1,SSp-un,morphine,M,4h,503.03723584603733
1811,2,SSp-un,saline,M,1h,880.1171165747204
1812,3,SSp-un,saline,M,4h,191.7086788578599
1813,4,SSp-un,morphine,F,4h,152.89163231226016
1814,5,SSp-un,saline,F,4h,22.973354078008004
1815,6,SSp-un,morphine,M,1h,233.69446389697796
1816,7,SSp-un,morphine,M,4h,36.44049267546097
1817,8,SSp-un,saline,M,4h,27.72646181828552
1818,9,SSp-un,morphine,F,4h,91.89341631203202
1819,10,SSp-un,saline,F,1h,99.0230779224483
1820,11,SSp-un,saline,M,1h,72.08880072754236
1821,12,SSp-un,morphine,M,1h,46.73889277939559
1822,13,SSp-un,saline,M,4h,0.0
1823,14,SSp-un,morphine,M,1h,201.21489433841492
1824,15,SSp-un,morphine,F,4h,21.38898483124883
1825,16,SSp-un,saline,F,4h,0.0
1826,17,SSp-un,morphine,M,1h,52.284185143052696
1827,18,SSp-un,saline,M,1h,9.506215480555037
1828,19,SSp-un,morphine,F,1h,33.271754181942626
1829,20,SSp-un,morphine,F,1h,86.3481239483749
1830,21,SSp-un,morphine,F,1h,17.4280617143509
1831,22,SSp-un,morphine,M,4h,119.61987813031755
1832,23,SSp-un,morphine,M,4h,468.18111241733556
1833,24,SSp-un,saline,F,1h,91.89341631203202
1834,25,SSp-un,saline,F,4h,19.012430961110073
1835,26,SSp-un,saline,F,4h,7.129661610416277
1836,0,SSp-un1,morphine,M,1h,968.4793070259865
1837,1,SSp-un1,morphine,M,4h,2111.405197305101
1838,2,SSp-un1,saline,M,1h,2556.5447545717034
1839,3,SSp-un1,saline,M,4h,433.1087584215592
1840,4,SSp-un1,morphine,F,4h,24.06159769008662
1841,5,SSp-un1,saline,F,4h,18.046198267564968
1842,6,SSp-un1,morphine,M,1h,30.07699711260828
1843,7,SSp-un1,morphine,M,4h,6.015399422521655
1844,8,SSp-un1,saline,M,4h,18.046198267564968
1845,9,SSp-un1,morphine,F,4h,12.03079884504331
1846,10,SSp-un1,saline,F,1h,18.046198267564968
1847,11,SSp-un1,saline,M,1h,18.046198267564968
1848,12,SSp-un1,morphine,M,1h,30.07699711260828
1849,13,SSp-un1,saline,M,4h,0.0
1850,14,SSp-un1,morphine,M,1h,30.07699711260828
1851,15,SSp-un1,morphine,F,4h,48.12319538017324
1852,16,SSp-un1,saline,F,4h,0.0
1853,17,SSp-un1,morphine,M,1h,0.0
1854,18,SSp-un1,saline,M,1h,0.0
1855,19,SSp-un1,morphine,F,1h,36.092396535129936
1856,20,SSp-un1,morphine,F,1h,0.0
1857,21,SSp-un1,morphine,F,1h,6.015399422521655
1858,22,SSp-un1,morphine,M,4h,30.07699711260828
1859,23,SSp-un1,morphine,M,4h,0.0
1860,24,SSp-un1,saline,F,1h,378.9701636188643
1861,25,SSp-un1,saline,F,4h,0.0
1862,26,SSp-un1,saline,F,4h,6.015399422521655
1863,0,SSp-un2/3,morphine,M,1h,536.9921200931591
1864,1,SSp-un2/3,morphine,M,4h,757.2192255246232
1865,2,SSp-un2/3,saline,M,1h,1945.8422329218406
1866,3,SSp-un2/3,saline,M,4h,398.2188755747022
1867,4,SSp-un2/3,morphine,F,4h,184.02538947012755
1868,5,SSp-un2/3,saline,F,4h,27.151286971002428
1869,6,SSp-un2/3,morphine,M,1h,81.45386091300728
1870,7,SSp-un2/3,morphine,M,4h,60.33619326889428
1871,8,SSp-un2/3,saline,M,4h,36.20171596133657
1872,9,SSp-un2/3,morphine,F,4h,102.57152855712027
1873,10,SSp-un2/3,saline,F,1h,93.52109956678613
1874,11,SSp-un2/3,saline,M,1h,27.151286971002428
1875,12,SSp-un2/3,morphine,M,1h,66.36981259578371
1876,13,SSp-un2/3,saline,M,4h,0.0
1877,14,SSp-un2/3,morphine,M,1h,193.0758184604617
1878,15,SSp-un2/3,morphine,F,4h,15.08404831722357
1879,16,SSp-un2/3,saline,F,4h,0.0
1880,17,SSp-un2/3,morphine,M,1h,0.0
1881,18,SSp-un2/3,saline,M,1h,6.033619326889428
1882,19,SSp-un2/3,morphine,F,1h,3.016809663444714
1883,20,SSp-un2/3,morphine,F,1h,117.65557687434385
1884,21,SSp-un2/3,morphine,F,1h,0.0
1885,22,SSp-un2/3,morphine,M,4h,87.48748023989671
1886,23,SSp-un2/3,morphine,M,4h,9.050428990334142
1887,24,SSp-un2/3,saline,F,1h,111.62195754745441
1888,25,SSp-un2/3,saline,F,4h,42.235335288226
1889,26,SSp-un2/3,saline,F,4h,18.100857980668284
1890,0,SSp-un4,morphine,M,1h,122.38599478529241
1891,1,SSp-un4,morphine,M,4h,95.78034374501145
1892,2,SSp-un4,saline,M,1h,133.0282552014048
1893,3,SSp-un4,saline,M,4h,122.38599478529241
1894,4,SSp-un4,morphine,F,4h,180.91842707391052
1895,5,SSp-un4,saline,F,4h,58.532432288618104
1896,6,SSp-un4,morphine,M,1h,63.8535624966743
1897,7,SSp-un4,morphine,M,4h,63.8535624966743
1898,8,SSp-un4,saline,M,4h,37.24791145639334
1899,9,SSp-un4,morphine,F,4h,95.78034374501145
1900,10,SSp-un4,saline,F,1h,53.211302080561914
1901,11,SSp-un4,saline,M,1h,31.92678124833715
1902,12,SSp-un4,morphine,M,1h,37.24791145639334
1903,13,SSp-un4,saline,M,4h,0.0
1904,14,SSp-un4,morphine,M,1h,260.73538019475336
1905,15,SSp-un4,morphine,F,4h,15.963390624168575
1906,16,SSp-un4,saline,F,4h,0.0
1907,17,SSp-un4,morphine,M,1h,117.06486457723621
1908,18,SSp-un4,saline,M,1h,5.321130208056192
1909,19,SSp-un4,morphine,F,1h,21.284520832224768
1910,20,SSp-un4,morphine,F,1h,106.42260416112383
1911,21,SSp-un4,morphine,F,1h,21.284520832224768
1912,22,SSp-un4,morphine,M,4h,154.31277603362955
1913,23,SSp-un4,morphine,M,4h,835.417442664822
1914,24,SSp-un4,saline,F,1h,42.569041664449536
1915,25,SSp-un4,saline,F,4h,21.284520832224768
1916,26,SSp-un4,saline,F,4h,5.321130208056192
1917,0,SSp-un5,morphine,M,1h,42.63929482358961
1918,1,SSp-un5,morphine,M,4h,50.391893882424085
1919,2,SSp-un5,saline,M,1h,34.88669576475514
1920,3,SSp-un5,saline,M,4h,46.51559435300685
1921,4,SSp-un5,morphine,F,4h,240.33057082386873
1922,5,SSp-un5,saline,F,4h,15.50519811766895
1923,6,SSp-un5,morphine,M,1h,259.7120684709549
1924,7,SSp-un5,morphine,M,4h,42.63929482358961
1925,8,SSp-un5,saline,M,4h,11.628898588251712
1926,9,SSp-un5,morphine,F,4h,162.80458023552396
1927,10,SSp-un5,saline,F,1h,158.92828070610673
1928,11,SSp-un5,saline,M,1h,228.701672235617
1929,12,SSp-un5,morphine,M,1h,93.0311887060137
1930,13,SSp-un5,saline,M,4h,0.0
1931,14,SSp-un5,morphine,M,1h,376.001054353472
1932,15,SSp-un5,morphine,F,4h,34.88669576475514
1933,16,SSp-un5,saline,F,4h,0.0
1934,17,SSp-un5,morphine,M,1h,89.15488917659646
1935,18,SSp-un5,saline,M,1h,0.0
1936,19,SSp-un5,morphine,F,1h,96.90748823543093
1937,20,SSp-un5,morphine,F,1h,189.93867694144464
1938,21,SSp-un5,morphine,F,1h,15.50519811766895
1939,22,SSp-un5,morphine,M,4h,201.56757552969634
1940,23,SSp-un5,morphine,M,4h,845.0332974129577
1941,24,SSp-un5,saline,F,1h,7.752599058834475
1942,25,SSp-un5,saline,F,4h,7.752599058834475
1943,26,SSp-un5,saline,F,4h,0.0
1944,0,SSp-un6a,morphine,M,1h,91.79239958931402
1945,1,SSp-un6a,morphine,M,4h,6.799437006615853
1946,2,SSp-un6a,saline,M,1h,20.398311019847558
1947,3,SSp-un6a,saline,M,4h,10.199155509923779
1948,4,SSp-un6a,morphine,F,4h,101.9915550992378
1949,5,SSp-un6a,saline,F,4h,6.799437006615853
1950,6,SSp-un6a,morphine,M,1h,615.3490490987347
1951,7,SSp-un6a,morphine,M,4h,6.799437006615853
1952,8,SSp-un6a,saline,M,4h,30.59746652977134
1953,9,SSp-un6a,morphine,F,4h,67.99437006615854
1954,10,SSp-un6a,saline,F,1h,129.1893031257012
1955,11,SSp-un6a,saline,M,1h,44.196340543003046
1956,12,SSp-un6a,morphine,M,1h,3.3997185033079265
1957,13,SSp-un6a,saline,M,4h,0.0
1958,14,SSp-un6a,morphine,M,1h,125.78958462239328
1959,15,SSp-un6a,morphine,F,4h,6.799437006615853
1960,16,SSp-un6a,saline,F,4h,0.0
1961,17,SSp-un6a,morphine,M,1h,67.99437006615854
1962,18,SSp-un6a,saline,M,1h,30.59746652977134
1963,19,SSp-un6a,morphine,F,1h,13.598874013231706
1964,20,SSp-un6a,morphine,F,1h,3.3997185033079265
1965,21,SSp-un6a,morphine,F,1h,37.39690353638719
1966,22,SSp-un6a,morphine,M,4h,118.99014761577743
1967,23,SSp-un6a,morphine,M,4h,693.542574674817
1968,24,SSp-un6a,saline,F,1h,20.398311019847558
1969,25,SSp-un6a,saline,F,4h,13.598874013231706
1970,26,SSp-un6a,saline,F,4h,3.3997185033079265
1971,0,SSp-un6b,morphine,M,1h,81.41333550435562
1972,1,SSp-un6b,morphine,M,4h,0.0
1973,2,SSp-un6b,saline,M,1h,40.70666775217781
1974,3,SSp-un6b,saline,M,4h,0.0
1975,4,SSp-un6b,morphine,F,4h,81.41333550435562
1976,5,SSp-un6b,saline,F,4h,0.0
1977,6,SSp-un6b,morphine,M,1h,122.12000325653344
1978,7,SSp-un6b,morphine,M,4h,0.0
1979,8,SSp-un6b,saline,M,4h,40.70666775217781
1980,9,SSp-un6b,morphine,F,4h,0.0
1981,10,SSp-un6b,saline,F,1h,81.41333550435562
1982,11,SSp-un6b,saline,M,1h,40.70666775217781
1983,12,SSp-un6b,morphine,M,1h,0.0
1984,13,SSp-un6b,saline,M,4h,0.0
1985,14,SSp-un6b,morphine,M,1h,81.41333550435562
1986,15,SSp-un6b,morphine,F,4h,0.0
1987,16,SSp-un6b,saline,F,4h,0.0
1988,17,SSp-un6b,morphine,M,1h,40.70666775217781
1989,18,SSp-un6b,saline,M,1h,0.0
1990,19,SSp-un6b,morphine,F,1h,81.41333550435562
1991,20,SSp-un6b,morphine,F,1h,0.0
1992,21,SSp-un6b,morphine,F,1h,81.41333550435562
1993,22,SSp-un6b,morphine,M,4h,40.70666775217781
1994,23,SSp-un6b,morphine,M,4h,366.3600097696003
1995,24,SSp-un6b,saline,F,1h,0.0
1996,25,SSp-un6b,saline,F,4h,0.0
1997,26,SSp-un6b,saline,F,4h,0.0
1998,0,SSs,morphine,M,1h,716.5539940400272
1999,1,SSs,morphine,M,4h,493.0051156765647
2000,2,SSs,saline,M,1h,1093.570951597454
2001,3,SSs,saline,M,4h,488.0151853559517
2002,4,SSs,morphine,F,4h,222.55089229933992
2003,5,SSs,saline,F,4h,12.308494790845407
2004,6,SSs,morphine,M,1h,255.70620709630188
2005,7,SSs,morphine,M,4h,69.41547512674977
2006,8,SSs,saline,M,4h,24.838764262606947
2007,9,SSs,morphine,F,4h,79.28444842751772
2008,10,SSs,saline,F,1h,101.0183671572988
2009,11,SSs,saline,M,1h,65.42353087025937
2010,12,SSs,morphine,M,1h,98.91150768859552
2011,13,SSs,saline,M,4h,14.082692238174475
2012,14,SSs,morphine,M,1h,232.19809091919174
2013,15,SSs,morphine,F,4h,74.62718012827891
2014,16,SSs,saline,F,4h,10.201635322142138
2015,17,SSs,morphine,M,1h,114.10307333135067
2016,18,SSs,saline,M,1h,7.09678978931627
2017,19,SSs,morphine,F,1h,99.02239502905358
2018,20,SSs,morphine,F,1h,95.6957748153116
2019,21,SSs,morphine,F,1h,33.37708947787809
2020,22,SSs,morphine,M,4h,663.9933946629036
2021,23,SSs,morphine,M,4h,357.05723627497485
2022,24,SSs,saline,F,1h,25.06053894352308
2023,25,SSs,saline,F,4h,24.72787692214888
2024,26,SSs,saline,F,4h,15.96777702596161
2025,0,SSs1,morphine,M,1h,496.74330244640015
2026,1,SSs1,morphine,M,4h,1034.6799519249407
2027,2,SSs1,saline,M,1h,1050.0264929761304
2028,3,SSs1,saline,M,4h,1064.5653213404153
2029,4,SSs1,morphine,F,4h,21.000529859522608
2030,5,SSs1,saline,F,4h,4.038563434523579
2031,6,SSs1,morphine,M,1h,12.923402990475452
2032,7,SSs1,morphine,M,4h,4.846276121428295
2033,8,SSs1,saline,M,4h,2.4231380607141473
2034,9,SSs1,morphine,F,4h,7.269414182142442
2035,10,SSs1,saline,F,1h,1.6154253738094315
2036,11,SSs1,saline,M,1h,3.230850747618863
2037,12,SSs1,morphine,M,1h,15.346541051189599
2038,13,SSs1,saline,M,4h,0.0
2039,14,SSs1,morphine,M,1h,73.50185450832913
2040,15,SSs1,morphine,F,4h,64.61701495237726
2041,16,SSs1,saline,F,4h,7.269414182142442
2042,17,SSs1,morphine,M,1h,3.230850747618863
2043,18,SSs1,saline,M,1h,0.8077126869047158
2044,19,SSs1,morphine,F,1h,77.54041794285271
2045,20,SSs1,morphine,F,1h,77.54041794285271
2046,21,SSs1,morphine,F,1h,15.346541051189599
2047,22,SSs1,morphine,M,4h,672.0169555047235
2048,23,SSs1,morphine,M,4h,189.8124814226082
2049,24,SSs1,saline,F,1h,38.77020897142636
2050,25,SSs1,saline,F,4h,26.65451866785562
2051,26,SSs1,saline,F,4h,37.96249628452164
2052,0,SSs2/3,morphine,M,1h,1159.2398592138604
2053,1,SSs2/3,morphine,M,4h,1032.0403087454583
2054,2,SSs2/3,saline,M,1h,3325.3596765310776
2055,3,SSs2/3,saline,M,4h,1178.8090208243837
2056,4,SSs2/3,morphine,F,4h,212.46518319996798
2057,5,SSs2/3,saline,F,4h,7.454918708770806
2058,6,SSs2/3,morphine,M,1h,192.43008917014643
2059,7,SSs2/3,morphine,M,4h,47.99103918771206
2060,8,SSs2/3,saline,M,4h,11.182378063156209
2061,9,SSs2/3,morphine,F,4h,27.49001273859235
2062,10,SSs2/3,saline,F,1h,39.60425564034491
2063,11,SSs2/3,saline,M,1h,40.53612047894126
2064,12,SSs2/3,morphine,M,1h,42.39985015613396
2065,13,SSs2/3,saline,M,4h,6.05712145087628
2066,14,SSs2/3,morphine,M,1h,141.64345546664532
2067,15,SSs2/3,morphine,F,4h,90.39088934384603
2068,16,SSs2/3,saline,F,4h,10.250513224559858
2069,17,SSs2/3,morphine,M,1h,48.45697160701024
2070,18,SSs2/3,saline,M,1h,6.523053870174455
2071,19,SSs2/3,morphine,F,1h,34.94493144736315
2072,20,SSs2/3,morphine,F,1h,84.33376789296975
2073,21,SSs2/3,morphine,F,1h,37.27459354385403
2074,22,SSs2/3,morphine,M,4h,900.647366503373
2075,23,SSs2/3,morphine,M,4h,460.80716268589543
2076,24,SSs2/3,saline,F,1h,33.54713418946863
2077,25,SSs2/3,saline,F,4h,42.39985015613396
2078,26,SSs2/3,saline,F,4h,29.35374241578505
2079,0,SSs4,morphine,M,1h,801.0870794507028
2080,1,SSs4,morphine,M,4h,480.6522476704217
2081,2,SSs4,saline,M,1h,889.3351748340423
2082,3,SSs4,saline,M,4h,263.8875085249374
2083,4,SSs4,morphine,F,4h,301.5857240284999
2084,5,SSs4,saline,F,4h,42.83888125404828
2085,6,SSs4,morphine,M,1h,367.55760115973425
2086,7,SSs4,morphine,M,4h,131.9437542624687
2087,8,SSs4,saline,M,4h,29.987216877833795
2088,9,SSs4,morphine,F,4h,66.82865475631532
2089,10,SSs4,saline,F,1h,59.97443375566759
2090,11,SSs4,saline,M,1h,58.26087850550566
2091,12,SSs4,morphine,M,1h,86.53454013317753
2092,13,SSs4,saline,M,4h,29.13043925275283
2093,14,SSs4,morphine,M,1h,147.36575151392609
2094,15,SSs4,morphine,F,4h,5.997443375566759
2095,16,SSs4,saline,F,4h,16.278774876538346
2096,17,SSs4,morphine,M,1h,55.69054563026276
2097,18,SSs4,saline,M,1h,2.570332875242897
2098,19,SSs4,morphine,F,1h,71.11254288172015
2099,20,SSs4,morphine,F,1h,123.37597801165904
2100,21,SSs4,morphine,F,1h,80.53709675761077
2101,22,SSs4,morphine,M,4h,1118.0948007306602
2102,23,SSs4,morphine,M,4h,474.65480429485496
2103,24,SSs4,saline,F,1h,42.83888125404828
2104,25,SSs4,saline,F,4h,34.271105003238624
2105,26,SSs4,saline,F,4h,12.851664376214483
2106,0,SSs5,morphine,M,1h,600.7734557880153
2107,1,SSs5,morphine,M,4h,172.49930908764796
2108,2,SSs5,saline,M,1h,106.15342097701414
2109,3,SSs5,saline,M,4h,63.142983167361855
2110,4,SSs5,morphine,F,4h,349.5741966656845
2111,5,SSs5,saline,F,4h,12.811619773087912
2112,6,SSs5,morphine,M,1h,523.9037371494878
2113,7,SSs5,morphine,M,4h,132.2342183722288
2114,8,SSs5,saline,M,4h,62.22786746928415
2115,9,SSs5,morphine,F,4h,166.55105705014287
2116,10,SSs5,saline,F,1h,150.99409018282182
2117,11,SSs5,saline,M,1h,167.92373059725944
2118,12,SSs5,morphine,M,1h,215.50974689730023
2119,13,SSs5,saline,M,4h,30.656375885603218
2120,14,SSs5,morphine,M,1h,495.99270835811774
2121,15,SSs5,morphine,F,4h,78.6999500346829
2122,16,SSs5,saline,F,4h,6.86336773558281
2123,17,SSs5,morphine,M,1h,268.5864573858073
2124,18,SSs5,saline,M,1h,13.269177622126767
2125,19,SSs5,morphine,F,1h,197.20743293574608
2126,20,SSs5,morphine,F,1h,178.44756112515307
2127,21,SSs5,morphine,F,1h,42.552879960613424
2128,22,SSs5,morphine,M,4h,865.6994503815118
2129,23,SSs5,morphine,M,4h,398.075328663803
2130,24,SSs5,saline,F,1h,22.877892451942703
2131,25,SSs5,saline,F,4h,16.472082565398743
2132,26,SSs5,saline,F,4h,6.86336773558281
2133,0,SSs6a,morphine,M,1h,502.13491752638987
2134,1,SSs6a,morphine,M,4h,5.788298761111123
2135,2,SSs6a,saline,M,1h,66.56543575277792
2136,3,SSs6a,saline,M,4h,48.71818123935195
2137,4,SSs6a,morphine,F,4h,174.13132106342627
2138,5,SSs6a,saline,F,4h,5.305940531018529
2139,6,SSs6a,morphine,M,1h,140.84860318703733
2140,7,SSs6a,morphine,M,4h,34.247434336574145
2141,8,SSs6a,saline,M,4h,11.576597522222245
2142,9,SSs6a,morphine,F,4h,97.91872070879649
2143,10,SSs6a,saline,F,1h,191.97857557685222
2144,11,SSs6a,saline,M,1h,29.423852035648206
2145,12,SSs6a,morphine,M,1h,100.81287008935205
2146,13,SSs6a,saline,M,4h,5.788298761111123
2147,14,SSs6a,morphine,M,1h,206.44932247963004
2148,15,SSs6a,morphine,F,4h,104.18937770000021
2149,16,SSs6a,saline,F,4h,13.023672212500026
2150,17,SSs6a,morphine,M,1h,128.78964743472247
2151,18,SSs6a,saline,M,1h,6.75301522129631
2152,19,SSs6a,morphine,F,1h,95.98928778842611
2153,20,SSs6a,morphine,F,1h,25.082627964814865
2154,21,SSs6a,morphine,F,1h,3.376507610648155
2155,22,SSs6a,morphine,M,4h,12.541313982407432
2156,23,SSs6a,morphine,M,4h,272.05004177222276
2157,24,SSs6a,saline,F,1h,2.8941493805555614
2158,25,SSs6a,saline,F,4h,8.200089911574091
2159,26,SSs6a,saline,F,4h,1.9294329203703742
2160,0,SSs6b,morphine,M,1h,336.4802245765156
2161,1,SSs6b,morphine,M,4h,0.0
2162,2,SSs6b,saline,M,1h,81.71662596858236
2163,3,SSs6b,saline,M,4h,28.841162106558482
2164,4,SSs6b,morphine,F,4h,230.72929685246785
2165,5,SSs6b,saline,F,4h,4.80686035109308
2166,6,SSs6b,morphine,M,1h,52.87546386202388
2167,7,SSs6b,morphine,M,4h,14.420581053279241
2168,8,SSs6b,saline,M,4h,9.61372070218616
2169,9,SSs6b,morphine,F,4h,9.61372070218616
2170,10,SSs6b,saline,F,1h,124.97836912842008
2171,11,SSs6b,saline,M,1h,14.420581053279241
2172,12,SSs6b,morphine,M,1h,4.80686035109308
2173,13,SSs6b,saline,M,4h,4.80686035109308
2174,14,SSs6b,morphine,M,1h,72.1029052663962
2175,15,SSs6b,morphine,F,4h,19.22744140437232
2176,16,SSs6b,saline,F,4h,0.0
2177,17,SSs6b,morphine,M,1h,9.61372070218616
2178,18,SSs6b,saline,M,1h,14.420581053279241
2179,19,SSs6b,morphine,F,1h,43.26174315983772
2180,20,SSs6b,morphine,F,1h,0.0
2181,21,SSs6b,morphine,F,1h,38.45488280874464
2182,22,SSs6b,morphine,M,4h,0.0
2183,23,SSs6b,morphine,M,4h,38.45488280874464
2184,24,SSs6b,saline,F,1h,0.0
2185,25,SSs6b,saline,F,4h,28.841162106558482
2186,26,SSs6b,saline,F,4h,0.0
2187,0,GU,morphine,M,1h,1131.0208481072932
2188,1,GU,morphine,M,4h,407.16750531862556
2189,2,GU,saline,M,1h,542.8900070915007
2190,3,GU,saline,M,4h,645.2473938452108
2191,4,GU,morphine,F,4h,227.9007008936196
2192,5,GU,saline,F,4h,15.268781449448458
2193,6,GU,morphine,M,1h,224.5076383492977
2194,7,GU,morphine,M,4h,162.86700212745023
2195,8,GU,saline,M,4h,54.85451113320372
2196,9,GU,morphine,F,4h,79.17145936751052
2197,10,GU,saline,F,1h,132.89494965260695
2198,11,GU,saline,M,1h,39.02021925970161
2199,12,GU,morphine,M,1h,16.399802297555752
2200,13,GU,saline,M,4h,15.268781449448458
2201,14,GU,morphine,M,1h,87.65411572831522
2202,15,GU,morphine,F,4h,145.9016894058408
2203,16,GU,saline,F,4h,14.137760601341165
2204,17,GU,morphine,M,1h,66.16471961427665
2205,18,GU,saline,M,1h,15.268781449448458
2206,19,GU,morphine,F,1h,53.723490285096425
2207,20,GU,morphine,F,1h,64.46818834211571
2208,21,GU,morphine,F,1h,8.482656360804699
2209,22,GU,morphine,M,4h,661.6471961427666
2210,23,GU,morphine,M,4h,705.1914987948973
2211,24,GU,saline,F,1h,100.66085548154909
2212,25,GU,saline,F,4h,55.420021557257364
2213,26,GU,saline,F,4h,21.48939611403857
2214,0,GU1,morphine,M,1h,305.7387156935683
2215,1,GU1,morphine,M,4h,1717.2324531455417
2216,2,GU1,saline,M,1h,1319.772122743903
2217,3,GU1,saline,M,4h,1329.963413267022
2218,4,GU1,morphine,F,4h,0.0
2219,5,GU1,saline,F,4h,5.095645261559471
2220,6,GU1,morphine,M,1h,0.0
2221,7,GU1,morphine,M,4h,0.0
2222,8,GU1,saline,M,4h,0.0
2223,9,GU1,morphine,F,4h,5.095645261559471
2224,10,GU1,saline,F,1h,0.0
2225,11,GU1,saline,M,1h,5.095645261559471
2226,12,GU1,morphine,M,1h,0.0
2227,13,GU1,saline,M,4h,10.191290523118942
2228,14,GU1,morphine,M,1h,5.095645261559471
2229,15,GU1,morphine,F,4h,20.382581046237885
2230,16,GU1,saline,F,4h,0.0
2231,17,GU1,morphine,M,1h,0.0
2232,18,GU1,saline,M,1h,61.14774313871366
2233,19,GU1,morphine,F,1h,15.286935784678414
2234,20,GU1,morphine,F,1h,5.095645261559471
2235,21,GU1,morphine,F,1h,25.478226307797357
2236,22,GU1,morphine,M,4h,96.81725996962996
2237,23,GU1,morphine,M,4h,0.0
2238,24,GU1,saline,F,1h,25.478226307797357
2239,25,GU1,saline,F,4h,20.382581046237885
2240,26,GU1,saline,F,4h,0.0
2241,0,GU2/3,morphine,M,1h,741.3894334590544
2242,1,GU2/3,morphine,M,4h,833.4411416402122
2243,2,GU2/3,saline,M,1h,1388.239274732055
2244,3,GU2/3,saline,M,4h,1278.772378516624
2245,4,GU2/3,morphine,F,4h,116.93054823011933
2246,5,GU2/3,saline,F,4h,4.975768009792311
2247,6,GU2/3,morphine,M,1h,57.221332112611584
2248,7,GU2/3,morphine,M,4h,27.366724053857716
2249,8,GU2/3,saline,M,4h,0.0
2250,9,GU2/3,morphine,F,4h,0.0
2251,10,GU2/3,saline,F,1h,54.73344810771543
2252,11,GU2/3,saline,M,1h,4.975768009792311
2253,12,GU2/3,morphine,M,1h,2.4878840048961557
2254,13,GU2/3,saline,M,4h,24.87884004896156
2255,14,GU2/3,morphine,M,1h,32.34249206365003
2256,15,GU2/3,morphine,F,4h,44.78191208813081
2257,16,GU2/3,saline,F,4h,0.0
2258,17,GU2/3,morphine,M,1h,0.0
2259,18,GU2/3,saline,M,1h,29.854608058753872
2260,19,GU2/3,morphine,F,1h,37.31826007344234
2261,20,GU2/3,morphine,F,1h,42.29402808323465
2262,21,GU2/3,morphine,F,1h,4.975768009792311
2263,22,GU2/3,morphine,M,4h,621.971001224039
2264,23,GU2/3,morphine,M,4h,44.78191208813081
2265,24,GU2/3,saline,F,1h,186.5913003672117
2266,25,GU2/3,saline,F,4h,99.51536019584624
2267,26,GU2/3,saline,F,4h,32.34249206365003
2268,0,GU4,morphine,M,1h,1022.9830184818933
2269,1,GU4,morphine,M,4h,197.7767169064994
2270,2,GU4,saline,M,1h,477.3920752915502
2271,3,GU4,saline,M,4h,722.9079997272046
2272,4,GU4,morphine,F,4h,470.57218850167095
2273,5,GU4,saline,F,4h,27.279547159517154
2274,6,GU4,morphine,M,1h,204.59660369637865
2275,7,GU4,morphine,M,4h,177.31705653686151
2276,8,GU4,saline,M,4h,6.8198867898792885
2277,9,GU4,morphine,F,4h,20.459660369637866
2278,10,GU4,saline,F,1h,163.67728295710293
2279,11,GU4,saline,M,1h,6.8198867898792885
2280,12,GU4,morphine,M,1h,6.8198867898792885
2281,13,GU4,saline,M,4h,6.8198867898792885
2282,14,GU4,morphine,M,1h,20.459660369637866
2283,15,GU4,morphine,F,4h,6.8198867898792885
2284,16,GU4,saline,F,4h,20.459660369637866
2285,17,GU4,morphine,M,1h,0.0
2286,18,GU4,saline,M,1h,0.0
2287,19,GU4,morphine,F,1h,197.7767169064994
2288,20,GU4,morphine,F,1h,225.05626406601652
2289,21,GU4,morphine,F,1h,0.0
2290,22,GU4,morphine,M,4h,1745.8910182090979
2291,23,GU4,morphine,M,4h,293.25513196480944
2292,24,GU4,saline,F,1h,265.97558480529227
2293,25,GU4,saline,F,4h,143.21762258746506
2294,26,GU4,saline,F,4h,20.459660369637866
2295,0,GU5,morphine,M,1h,1611.903513179466
2296,1,GU5,morphine,M,4h,34.84205546121713
2297,2,GU5,saline,M,1h,51.34618699547787
2298,3,GU5,saline,M,4h,317.2460839363454
2299,4,GU5,morphine,F,4h,399.7667416076491
2300,5,GU5,saline,F,4h,18.337923926956382
2301,6,GU5,morphine,M,1h,386.93019485877966
2302,7,GU5,morphine,M,4h,423.60604271269244
2303,8,GU5,saline,M,4h,126.53167509599903
2304,9,GU5,morphine,F,4h,155.87235337912924
2305,10,GU5,saline,F,1h,298.908160009389
2306,11,GU5,saline,M,1h,73.35169570782553
2307,12,GU5,morphine,M,1h,27.506885890434575
2308,13,GU5,saline,M,4h,7.335169570782553
2309,14,GU5,morphine,M,1h,36.675847853912764
2310,15,GU5,morphine,F,4h,209.05233276730277
2311,16,GU5,saline,F,4h,22.00550871234766
2312,17,GU5,morphine,M,1h,29.340678283130213
2313,18,GU5,saline,M,1h,5.501377178086915
2314,19,GU5,morphine,F,1h,86.188242456695
2315,20,GU5,morphine,F,1h,115.52892073982521
2316,21,GU5,morphine,F,1h,14.670339141565107
2317,22,GU5,morphine,M,4h,1166.291961754426
2318,23,GU5,morphine,M,4h,1217.6381487499038
2319,24,GU5,saline,F,1h,108.19375116904266
2320,25,GU5,saline,F,4h,51.34618699547787
2321,26,GU5,saline,F,4h,34.84205546121713
2322,0,GU6a,morphine,M,1h,1330.8175412690166
2323,1,GU6a,morphine,M,4h,0.0
2324,2,GU6a,saline,M,1h,95.70948070770325
2325,3,GU6a,saline,M,4h,189.14016425569926
2326,4,GU6a,morphine,F,4h,145.8430182212621
2327,5,GU6a,saline,F,4h,22.7879715970722
2328,6,GU6a,morphine,M,1h,284.8496449634025
2329,7,GU6a,morphine,M,4h,41.018348874729966
2330,8,GU6a,saline,M,4h,59.248726152387725
2331,9,GU6a,morphine,F,4h,111.66106082565379
2332,10,GU6a,saline,F,1h,56.9699289926805
2333,11,GU6a,saline,M,1h,54.691131832973284
2334,12,GU6a,morphine,M,1h,27.345565916486642
2335,13,GU6a,saline,M,4h,20.509174437364983
2336,14,GU6a,morphine,M,1h,227.879715970722
2337,15,GU6a,morphine,F,4h,275.7344563245736
2338,16,GU6a,saline,F,4h,22.7879715970722
2339,17,GU6a,morphine,M,1h,198.25535289452816
2340,18,GU6a,saline,M,1h,0.0
2341,19,GU6a,morphine,F,1h,2.2787971597072203
2342,20,GU6a,morphine,F,1h,0.0
2343,21,GU6a,morphine,F,1h,0.0
2344,22,GU6a,morphine,M,4h,20.509174437364983
2345,23,GU6a,morphine,M,4h,1173.5805372492184
2346,24,GU6a,saline,F,1h,0.0
2347,25,GU6a,saline,F,4h,11.3939857985361
2348,26,GU6a,saline,F,4h,6.8363914791216605
2349,0,GU6b,morphine,M,1h,737.0882472549818
2350,1,GU6b,morphine,M,4h,0.0
2351,2,GU6b,saline,M,1h,76.25050833672225
2352,3,GU6b,saline,M,4h,101.66734444896301
2353,4,GU6b,morphine,F,4h,127.08418056120375
2354,5,GU6b,saline,F,4h,0.0
2355,6,GU6b,morphine,M,1h,203.33468889792601
2356,7,GU6b,morphine,M,4h,50.833672224481504
2357,8,GU6b,saline,M,4h,25.416836112240752
2358,9,GU6b,morphine,F,4h,50.833672224481504
2359,10,GU6b,saline,F,1h,25.416836112240752
2360,11,GU6b,saline,M,1h,25.416836112240752
2361,12,GU6b,morphine,M,1h,0.0
2362,13,GU6b,saline,M,4h,25.416836112240752
2363,14,GU6b,morphine,M,1h,457.5030500203335
2364,15,GU6b,morphine,F,4h,0.0
2365,16,GU6b,saline,F,4h,0.0
2366,17,GU6b,morphine,M,1h,355.8357055713705
2367,18,GU6b,saline,M,1h,0.0
2368,19,GU6b,morphine,F,1h,0.0
2369,20,GU6b,morphine,F,1h,0.0
2370,21,GU6b,morphine,F,1h,0.0
2371,22,GU6b,morphine,M,4h,0.0
2372,23,GU6b,morphine,M,4h,177.91785278568526
2373,24,GU6b,saline,F,1h,0.0
2374,25,GU6b,saline,F,4h,0.0
2375,26,GU6b,saline,F,4h,0.0
2376,0,VISC,morphine,M,1h,1111.2718977170193
2377,1,VISC,morphine,M,4h,389.009005941538
2378,2,VISC,saline,M,1h,1024.8727421304416
2379,3,VISC,saline,M,4h,514.1388174807198
2380,4,VISC,morphine,F,4h,301.7586271472106
2381,5,VISC,saline,F,4h,35.75137472548052
2382,6,VISC,morphine,M,1h,231.10710090399905
2383,7,VISC,morphine,M,4h,199.18623061339144
2384,8,VISC,saline,M,4h,77.03570030133302
2385,9,VISC,morphine,F,4h,110.6590170074397
2386,10,VISC,saline,F,1h,171.9470879654063
2387,11,VISC,saline,M,1h,78.73814671683209
2388,12,VISC,morphine,M,1h,75.75886548970871
2389,13,VISC,saline,M,4h,15.747629343366418
2390,14,VISC,morphine,M,1h,191.9508333475204
2391,15,VISC,morphine,F,4h,279.6268237457226
2392,16,VISC,saline,F,4h,24.259861420861778
2393,17,VISC,morphine,M,1h,179.6080968351521
2394,18,VISC,saline,M,1h,3.4048928309981443
2395,19,VISC,morphine,F,1h,134.91887842830147
2396,20,VISC,morphine,F,1h,234.5119937349972
2397,21,VISC,morphine,F,1h,34.04892830998145
2398,22,VISC,morphine,M,4h,783.1253511295732
2399,23,VISC,morphine,M,4h,640.1198522276512
2400,24,VISC,saline,F,1h,29.792812271233764
2401,25,VISC,saline,F,4h,57.88317812696846
2402,26,VISC,saline,F,4h,14.896406135616882
2403,0,VISC1,morphine,M,1h,280.5383949622467
2404,1,VISC1,morphine,M,4h,414.8386904228967
2405,2,VISC1,saline,M,1h,92.51798131733668
2406,3,VISC1,saline,M,4h,701.3459874056168
2407,4,VISC1,morphine,F,4h,0.0
2408,5,VISC1,saline,F,4h,0.0
2409,6,VISC1,morphine,M,1h,2.984451010236667
2410,7,VISC1,morphine,M,4h,2.984451010236667
2411,8,VISC1,saline,M,4h,11.937804040946668
2412,9,VISC1,morphine,F,4h,0.0
2413,10,VISC1,saline,F,1h,2.984451010236667
2414,11,VISC1,saline,M,1h,0.0
2415,12,VISC1,morphine,M,1h,0.0
2416,13,VISC1,saline,M,4h,2.984451010236667
2417,14,VISC1,morphine,M,1h,29.844510102366673
2418,15,VISC1,morphine,F,4h,23.875608081893336
2419,16,VISC1,saline,F,4h,0.0
2420,17,VISC1,morphine,M,1h,0.0
2421,18,VISC1,saline,M,1h,0.0
2422,19,VISC1,morphine,F,1h,8.953353030710002
2423,20,VISC1,morphine,F,1h,53.72011818426001
2424,21,VISC1,morphine,F,1h,26.860059092130005
2425,22,VISC1,morphine,M,4h,474.5277106276301
2426,23,VISC1,morphine,M,4h,217.8649237472767
2427,24,VISC1,saline,F,1h,35.813412122840006
2428,25,VISC1,saline,F,4h,14.922255051183337
2429,26,VISC1,saline,F,4h,17.906706061420003
2430,0,VISC2/3,morphine,M,1h,1259.6978207227703
2431,1,VISC2/3,morphine,M,4h,1017.0207405541189
2432,2,VISC2/3,saline,M,1h,3054.767215252718
2433,3,VISC2/3,saline,M,4h,1372.7001252287835
2434,4,VISC2/3,morphine,F,4h,120.41229168673539
2435,5,VISC2/3,saline,F,4h,3.704993590361089
2436,6,VISC2/3,morphine,M,1h,61.132394240957964
2437,7,VISC2/3,morphine,M,4h,7.409987180722178
2438,8,VISC2/3,saline,M,4h,11.114980771083268
2439,9,VISC2/3,morphine,F,4h,9.262483975902722
2440,10,VISC2/3,saline,F,1h,16.6724711566249
2441,11,VISC2/3,saline,M,1h,3.704993590361089
2442,12,VISC2/3,morphine,M,1h,9.262483975902722
2443,13,VISC2/3,saline,M,4h,0.0
2444,14,VISC2/3,morphine,M,1h,61.132394240957964
2445,15,VISC2/3,morphine,F,4h,90.77234296384668
2446,16,VISC2/3,saline,F,4h,5.557490385541634
2447,17,VISC2/3,morphine,M,1h,40.75492949397198
2448,18,VISC2/3,saline,M,1h,5.557490385541634
2449,19,VISC2/3,morphine,F,1h,96.32983334938831
2450,20,VISC2/3,morphine,F,1h,113.00230450601322
2451,21,VISC2/3,morphine,F,1h,18.524967951805444
2452,22,VISC2/3,morphine,M,4h,1039.2507020962855
2453,23,VISC2/3,morphine,M,4h,537.2240706023579
2454,24,VISC2/3,saline,F,1h,62.984891036138514
2455,25,VISC2/3,saline,F,4h,42.60742628915252
2456,26,VISC2/3,saline,F,4h,12.967477566263812
2457,0,VISC4,morphine,M,1h,1163.6243313296202
2458,1,VISC4,morphine,M,4h,523.9066894612033
2459,2,VISC4,saline,M,1h,2536.8113384437215
2460,3,VISC4,saline,M,4h,452.2141951138808
2461,4,VISC4,morphine,F,4h,237.1367120719131
2462,5,VISC4,saline,F,4h,38.60365080240446
2463,6,VISC4,morphine,M,1h,193.01825401202228
2464,7,VISC4,morphine,M,4h,143.38498869464513
2465,8,VISC4,saline,M,4h,0.0
2466,9,VISC4,morphine,F,4h,44.118458059890806
2467,10,VISC4,saline,F,1h,27.574036287431756
2468,11,VISC4,saline,M,1h,16.544421772459053
2469,12,VISC4,morphine,M,1h,11.029614514972701
2470,13,VISC4,saline,M,4h,22.059229029945403
2471,14,VISC4,morphine,M,1h,159.9294104671042
2472,15,VISC4,morphine,F,4h,148.89979595213148
2473,16,VISC4,saline,F,4h,0.0
2474,17,VISC4,morphine,M,1h,66.17768708983621
2475,18,VISC4,saline,M,1h,5.514807257486351
2476,19,VISC4,morphine,F,1h,248.1663265868858
2477,20,VISC4,morphine,F,1h,264.71074835934485
2478,21,VISC4,morphine,F,1h,115.81095240721338
2479,22,VISC4,morphine,M,4h,1147.079909557161
2480,23,VISC4,morphine,M,4h,562.5103402636078
2481,24,VISC4,saline,F,1h,77.20730160480892
2482,25,VISC4,saline,F,4h,170.9590249820769
2483,26,VISC4,saline,F,4h,22.059229029945403
2484,0,VISC5,morphine,M,1h,1477.8450640824196
2485,1,VISC5,morphine,M,4h,184.02285280719784
2486,2,VISC5,saline,M,1h,285.94320205426123
2487,3,VISC5,saline,M,4h,127.40043655882927
2488,4,VISC5,morphine,F,4h,629.9243807631003
2489,5,VISC5,saline,F,4h,76.44026193529757
2490,6,VISC5,morphine,M,1h,475.62829648629594
2491,7,VISC5,morphine,M,4h,549.2374376091751
2492,8,VISC5,saline,M,4h,188.2695340258255
2493,9,VISC5,morphine,F,4h,229.32078580589268
2494,10,VISC5,saline,F,1h,257.631993930077
2495,11,VISC5,saline,M,1h,213.74962133759135
2496,12,VISC5,morphine,M,1h,70.7780203104607
2497,13,VISC5,saline,M,4h,28.311208124184283
2498,14,VISC5,morphine,M,1h,310.0077289598179
2499,15,VISC5,morphine,F,4h,471.38161526766834
2500,16,VISC5,saline,F,4h,7.077802031046071
2501,17,VISC5,morphine,M,1h,253.38531271144933
2502,18,VISC5,saline,M,1h,2.8311208124184284
2503,19,VISC5,morphine,F,1h,217.99630255621898
2504,20,VISC5,morphine,F,1h,486.95277973596967
2505,21,VISC5,morphine,F,1h,41.05125178006721
2506,22,VISC5,morphine,M,4h,1225.8753117771794
2507,23,VISC5,morphine,M,4h,988.0611635340315
2508,24,VISC5,saline,F,1h,14.155604062092142
2509,25,VISC5,saline,F,4h,94.84254721601735
2510,26,VISC5,saline,F,4h,22.648966499347427
2511,0,VISC6a,morphine,M,1h,1013.5463650711727
2512,1,VISC6a,morphine,M,4h,1.8700117436737502
2513,2,VISC6a,saline,M,1h,121.55076333879377
2514,3,VISC6a,saline,M,4h,108.46068113307751
2515,4,VISC6a,morphine,F,4h,267.4116793453463
2516,5,VISC6a,saline,F,4h,35.53022312980126
2517,6,VISC6a,morphine,M,1h,246.84155016493503
2518,7,VISC6a,morphine,M,4h,87.89055195266626
2519,8,VISC6a,saline,M,4h,69.19043451592876
2520,9,VISC6a,morphine,F,4h,157.08098646859503
2521,10,VISC6a,saline,F,1h,370.26232524740254
2522,11,VISC6a,saline,M,1h,46.75029359184376
2523,12,VISC6a,morphine,M,1h,220.66138575350251
2524,13,VISC6a,saline,M,4h,22.440140924085004
2525,14,VISC6a,morphine,M,1h,269.28169108902006
2526,15,VISC6a,morphine,F,4h,446.93280673802633
2527,16,VISC6a,saline,F,4h,87.89055195266626
2528,17,VISC6a,morphine,M,1h,366.52230176005503
2529,18,VISC6a,saline,M,1h,0.0
2530,19,VISC6a,morphine,F,1h,114.07071636409877
2531,20,VISC6a,morphine,F,1h,149.60093949390003
2532,21,VISC6a,morphine,F,1h,18.700117436737504
2533,22,VISC6a,morphine,M,4h,86.02054020899251
2534,23,VISC6a,morphine,M,4h,585.3136757698838
2535,24,VISC6a,saline,F,1h,0.0
2536,25,VISC6a,saline,F,4h,16.830105693063754
2537,26,VISC6a,saline,F,4h,3.7400234873475005
2538,0,VISC6b,morphine,M,1h,766.9005713409257
2539,1,VISC6b,morphine,M,4h,0.0
2540,2,VISC6b,saline,M,1h,19.172514283523142
2541,3,VISC6b,saline,M,4h,38.345028567046285
2542,4,VISC6b,morphine,F,4h,249.24268568580086
2543,5,VISC6b,saline,F,4h,38.345028567046285
2544,6,VISC6b,morphine,M,1h,115.03508570113885
2545,7,VISC6b,morphine,M,4h,38.345028567046285
2546,8,VISC6b,saline,M,4h,19.172514283523142
2547,9,VISC6b,morphine,F,4h,19.172514283523142
2548,10,VISC6b,saline,F,1h,172.5526285517083
2549,11,VISC6b,saline,M,1h,76.69005713409257
2550,12,VISC6b,morphine,M,1h,57.51754285056943
2551,13,VISC6b,saline,M,4h,0.0
2552,14,VISC6b,morphine,M,1h,306.7602285363703
2553,15,VISC6b,morphine,F,4h,19.172514283523142
2554,16,VISC6b,saline,F,4h,38.345028567046285
2555,17,VISC6b,morphine,M,1h,249.24268568580086
2556,18,VISC6b,saline,M,1h,38.345028567046285
2557,19,VISC6b,morphine,F,1h,38.345028567046285
2558,20,VISC6b,morphine,F,1h,0.0
2559,21,VISC6b,morphine,F,1h,19.172514283523142
2560,22,VISC6b,morphine,M,4h,0.0
2561,23,VISC6b,morphine,M,4h,536.830399938648
2562,24,VISC6b,saline,F,1h,0.0
2563,25,VISC6b,saline,F,4h,19.172514283523142
2564,26,VISC6b,saline,F,4h,0.0
2565,0,AUD,morphine,M,1h,2793.2874119299004
2566,1,AUD,morphine,M,4h,751.4348712723378
2567,2,AUD,saline,M,1h,1525.996125813048
2568,3,AUD,saline,M,4h,1023.6013370501229
2569,4,AUD,morphine,F,4h,711.0499930275681
2570,5,AUD,saline,F,4h,59.88697756809857
2571,6,AUD,morphine,M,1h,701.2126508910217
2572,7,AUD,morphine,M,4h,352.7636373175605
2573,8,AUD,saline,M,4h,71.10499930275681
2574,9,AUD,morphine,F,4h,367.4333580474982
2575,10,AUD,saline,F,1h,639.7724087750473
2576,11,AUD,saline,M,1h,269.57769153132557
2577,12,AUD,morphine,M,1h,374.68192593758505
2578,13,AUD,saline,M,4h,39.694538445713754
2579,14,AUD,morphine,M,1h,946.283279555863
2580,15,AUD,morphine,F,4h,367.9511128967901
2581,16,AUD,saline,F,4h,61.785412015502274
2582,17,AUD,morphine,M,1h,339.9923510350265
2583,18,AUD,saline,M,1h,92.1603631739615
2584,19,AUD,morphine,F,1h,626.1381977436935
2585,20,AUD,morphine,F,1h,671.0102846823264
2586,21,AUD,morphine,F,1h,348.7941834729891
2587,22,AUD,morphine,M,4h,1139.4058383417487
2588,23,AUD,morphine,M,4h,948.8720538023226
2589,24,AUD,saline,F,1h,107.69300865271904
2590,25,AUD,saline,F,4h,97.51049661664464
2591,26,AUD,saline,F,4h,29.8571963091673
2592,0,AUDd,morphine,M,1h,2318.027437674202
2593,1,AUDd,morphine,M,4h,671.7011325078654
2594,2,AUDd,saline,M,1h,1459.4682695299575
2595,3,AUDd,saline,M,4h,676.6401114233644
2596,4,AUDd,morphine,F,4h,504.59901253348215
2597,5,AUDd,saline,F,4h,16.463263051663365
2598,6,AUDd,morphine,M,1h,438.7459603268287
2599,7,AUDd,morphine,M,4h,113.59651505647723
2600,8,AUDd,saline,M,4h,40.33499447657525
2601,9,AUDd,morphine,F,4h,230.48568272328714
2602,10,AUDd,saline,F,1h,352.313829305596
2603,11,AUDd,saline,M,1h,190.97385139929506
2604,12,AUDd,morphine,M,1h,265.0585351317802
2605,13,AUDd,saline,M,4h,11.524284136164356
2606,14,AUDd,morphine,M,1h,626.4271591157911
2607,15,AUDd,morphine,F,4h,201.67497238287623
2608,16,AUDd,saline,F,4h,38.688668171408914
2609,17,AUDd,morphine,M,1h,180.27273041571385
2610,18,AUDd,saline,M,1h,6.585305220665346
2611,19,AUDd,morphine,F,1h,311.9788348290208
2612,20,AUDd,morphine,F,1h,400.0572921554198
2613,21,AUDd,morphine,F,1h,214.84558282420693
2614,22,AUDd,morphine,M,4h,1230.6289131118367
2615,23,AUDd,morphine,M,4h,995.2042514730505
2616,24,AUDd,saline,F,1h,102.07223092031288
2617,25,AUDd,saline,F,4h,21.402241967162375
2618,26,AUDd,saline,F,4h,34.57285240849307
2619,0,AUDd1,morphine,M,1h,1645.5220469481662
2620,1,AUDd1,morphine,M,4h,1178.2750459628844
2621,2,AUDd1,saline,M,1h,198.07209824376073
2622,3,AUDd1,saline,M,4h,1427.1348617050453
2623,4,AUDd1,morphine,F,4h,71.10280449776026
2624,5,AUDd1,saline,F,4h,0.0
2625,6,AUDd1,morphine,M,1h,0.0
2626,7,AUDd1,morphine,M,4h,10.157543499680038
2627,8,AUDd1,saline,M,4h,10.157543499680038
2628,9,AUDd1,morphine,F,4h,5.078771749840019
2629,10,AUDd1,saline,F,1h,5.078771749840019
2630,11,AUDd1,saline,M,1h,0.0
2631,12,AUDd1,morphine,M,1h,40.63017399872015
2632,13,AUDd1,saline,M,4h,0.0
2633,14,AUDd1,morphine,M,1h,132.0480654958405
2634,15,AUDd1,morphine,F,4h,45.70894574856017
2635,16,AUDd1,saline,F,4h,0.0
2636,17,AUDd1,morphine,M,1h,0.0
2637,18,AUDd1,saline,M,1h,0.0
2638,19,AUDd1,morphine,F,1h,126.96929374600047
2639,20,AUDd1,morphine,F,1h,132.0480654958405
2640,21,AUDd1,morphine,F,1h,66.02403274792024
2641,22,AUDd1,morphine,M,4h,787.2096212252029
2642,23,AUDd1,morphine,M,4h,40.63017399872015
2643,24,AUDd1,saline,F,1h,111.73297849648041
2644,25,AUDd1,saline,F,4h,0.0
2645,26,AUDd1,saline,F,4h,30.472630499040115
2646,0,AUDd2/3,morphine,M,1h,3992.5952174391186
2647,1,AUDd2/3,morphine,M,4h,1536.5534769486433
2648,2,AUDd2/3,saline,M,1h,4157.553244785494
2649,3,AUDd2/3,saline,M,4h,1350.212001612923
2650,4,AUDd2/3,morphine,F,4h,287.14915871406055
2651,5,AUDd2/3,saline,F,4h,3.0547782841921336
2652,6,AUDd2/3,morphine,M,1h,24.43822627353707
2653,7,AUDd2/3,morphine,M,4h,42.76689597868987
2654,8,AUDd2/3,saline,M,4h,12.219113136768534
2655,9,AUDd2/3,morphine,F,4h,79.42423538899547
2656,10,AUDd2/3,saline,F,1h,61.09556568384267
2657,11,AUDd2/3,saline,M,1h,161.90324906218308
2658,12,AUDd2/3,morphine,M,1h,106.91723994672468
2659,13,AUDd2/3,saline,M,4h,0.0
2660,14,AUDd2/3,morphine,M,1h,391.0116203765931
2661,15,AUDd2/3,morphine,F,4h,189.39625361991227
2662,16,AUDd2/3,saline,F,4h,27.4930045577292
2663,17,AUDd2/3,morphine,M,1h,48.87645254707414
2664,18,AUDd2/3,saline,M,1h,0.0
2665,19,AUDd2/3,morphine,F,1h,91.64334852576401
2666,20,AUDd2/3,morphine,F,1h,363.5186158188639
2667,21,AUDd2/3,morphine,F,1h,229.10837131441002
2668,22,AUDd2/3,morphine,M,4h,1875.63386649397
2669,23,AUDd2/3,morphine,M,4h,864.5022544263738
2670,24,AUDd2/3,saline,F,1h,113.02679651510894
2671,25,AUDd2/3,saline,F,4h,24.43822627353707
2672,26,AUDd2/3,saline,F,4h,88.58857024157187
2673,0,AUDd4,morphine,M,1h,2950.7652368158906
2674,1,AUDd4,morphine,M,4h,377.3357080327226
2675,2,AUDd4,saline,M,1h,2248.9208198750266
2676,3,AUDd4,saline,M,4h,354.6955655507592
2677,4,AUDd4,morphine,F,4h,649.0174178162829
2678,5,AUDd4,saline,F,4h,60.37371328523562
2679,6,AUDd4,morphine,M,1h,181.12113985570684
2680,7,AUDd4,morphine,M,4h,90.56056992785342
2681,8,AUDd4,saline,M,4h,52.826999124581164
2682,9,AUDd4,morphine,F,4h,150.93428321308903
2683,10,AUDd4,saline,F,1h,128.29414073112568
2684,11,AUDd4,saline,M,1h,233.948138980288
2685,12,AUDd4,morphine,M,1h,181.12113985570684
2686,13,AUDd4,saline,M,4h,52.826999124581164
2687,14,AUDd4,morphine,M,1h,415.06927883599485
2688,15,AUDd4,morphine,F,4h,128.29414073112568
2689,16,AUDd4,saline,F,4h,113.20071240981677
2690,17,AUDd4,morphine,M,1h,105.65399824916233
2691,18,AUDd4,saline,M,1h,0.0
2692,19,AUDd4,morphine,F,1h,83.01385576719898
2693,20,AUDd4,morphine,F,1h,641.4707036556284
2694,21,AUDd4,morphine,F,1h,392.42913635403147
2695,22,AUDd4,morphine,M,4h,1516.8895462915448
2696,23,AUDd4,morphine,M,4h,2173.4536782684822
2697,24,AUDd4,saline,F,1h,120.74742657047123
2698,25,AUDd4,saline,F,4h,15.093428321308904
2699,26,AUDd4,saline,F,4h,37.73357080327226
2700,0,AUDd5,morphine,M,1h,1734.3601522739066
2701,1,AUDd5,morphine,M,4h,78.70205733007643
2702,2,AUDd5,saline,M,1h,189.46791579462845
2703,3,AUDd5,saline,M,4h,128.25520453790233
2704,4,AUDd5,morphine,F,4h,1031.8714183276688
2705,5,AUDd5,saline,F,4h,32.06380113447558
2706,6,AUDd5,morphine,M,1h,932.765123912017
2707,7,AUDd5,morphine,M,4h,303.1486652714055
2708,8,AUDd5,saline,M,4h,104.93607644010191
2709,9,AUDd5,morphine,F,4h,440.148542845983
2710,10,AUDd5,saline,F,1h,568.4037473838854
2711,11,AUDd5,saline,M,1h,381.85072260148195
2712,12,AUDd5,morphine,M,1h,676.2547148362123
2713,13,AUDd5,saline,M,4h,0.0
2714,14,AUDd5,morphine,M,1h,1448.7008330758513
2715,15,AUDd5,morphine,F,4h,393.51028665038217
2716,16,AUDd5,saline,F,4h,46.638256195600846
2717,17,AUDd5,morphine,M,1h,478.0421260049087
2718,18,AUDd5,saline,M,1h,11.659564048900211
2719,19,AUDd5,morphine,F,1h,795.7652463374395
2720,20,AUDd5,morphine,F,1h,699.5738429340128
2721,21,AUDd5,morphine,F,1h,317.7231203325308
2722,22,AUDd5,morphine,M,4h,1504.0837623081275
2723,23,AUDd5,morphine,M,4h,1413.7221409291508
2724,24,AUDd5,saline,F,1h,122.42542251345223
2725,25,AUDd5,saline,F,4h,29.14891012225053
2726,26,AUDd5,saline,F,4h,5.829782024450106
2727,0,AUDd6a,morphine,M,1h,1007.9224875093478
2728,1,AUDd6a,morphine,M,4h,21.675752419555867
2729,2,AUDd6a,saline,M,1h,37.93256673422277
2730,3,AUDd6a,saline,M,4h,43.35150483911173
2731,4,AUDd6a,morphine,F,4h,281.7847814542263
2732,5,AUDd6a,saline,F,4h,0.0
2733,6,AUDd6a,morphine,M,1h,932.0573540409023
2734,7,AUDd6a,morphine,M,4h,21.675752419555867
2735,8,AUDd6a,saline,M,4h,0.0
2736,9,AUDd6a,morphine,F,4h,444.3529246008953
2737,10,AUDd6a,saline,F,1h,915.8005397262353
2738,11,AUDd6a,saline,M,1h,86.70300967822347
2739,12,AUDd6a,morphine,M,1h,124.63557641244623
2740,13,AUDd6a,saline,M,4h,32.5136286293338
2741,14,AUDd6a,morphine,M,1h,292.6226576640042
2742,15,AUDd6a,morphine,F,4h,119.21663830755726
2743,16,AUDd6a,saline,F,4h,27.094690524444832
2744,17,AUDd6a,morphine,M,1h,135.47345262222416
2745,18,AUDd6a,saline,M,1h,21.675752419555867
2746,19,AUDd6a,morphine,F,1h,195.0817717760028
2747,20,AUDd6a,morphine,F,1h,81.2840715733345
2748,21,AUDd6a,morphine,F,1h,43.35150483911173
2749,22,AUDd6a,morphine,M,4h,48.7704429440007
2750,23,AUDd6a,morphine,M,4h,780.3270871040112
2751,24,AUDd6a,saline,F,1h,37.93256673422277
2752,25,AUDd6a,saline,F,4h,16.2568143146669
2753,26,AUDd6a,saline,F,4h,0.0
2754,0,AUDd6b,morphine,M,1h,426.7892317793828
2755,1,AUDd6b,morphine,M,4h,0.0
2756,2,AUDd6b,saline,M,1h,98.48982271831912
2757,3,AUDd6b,saline,M,4h,0.0
2758,4,AUDd6b,morphine,F,4h,426.7892317793828
2759,5,AUDd6b,saline,F,4h,0.0
2760,6,AUDd6b,morphine,M,1h,295.4694681549573
2761,7,AUDd6b,morphine,M,4h,65.65988181221275
2762,8,AUDd6b,saline,M,4h,0.0
2763,9,AUDd6b,morphine,F,4h,0.0
2764,10,AUDd6b,saline,F,1h,853.5784635587656
2765,11,AUDd6b,saline,M,1h,32.82994090610637
2766,12,AUDd6b,morphine,M,1h,0.0
2767,13,AUDd6b,saline,M,4h,32.82994090610637
2768,14,AUDd6b,morphine,M,1h,32.82994090610637
2769,15,AUDd6b,morphine,F,4h,0.0
2770,16,AUDd6b,saline,F,4h,65.65988181221275
2771,17,AUDd6b,morphine,M,1h,0.0
2772,18,AUDd6b,saline,M,1h,0.0
2773,19,AUDd6b,morphine,F,1h,131.3197636244255
2774,20,AUDd6b,morphine,F,1h,32.82994090610637
2775,21,AUDd6b,morphine,F,1h,131.3197636244255
2776,22,AUDd6b,morphine,M,4h,0.0
2777,23,AUDd6b,morphine,M,4h,32.82994090610637
2778,24,AUDd6b,saline,F,1h,0.0
2779,25,AUDd6b,saline,F,4h,98.48982271831912
2780,26,AUDd6b,saline,F,4h,0.0
2781,0,AUDp,morphine,M,1h,2941.838886624266
2782,1,AUDp,morphine,M,4h,880.8764651027736
2783,2,AUDp,saline,M,1h,1515.5914668989612
2784,3,AUDp,saline,M,4h,1031.1792111292903
2785,4,AUDp,morphine,F,4h,727.3163840230508
2786,5,AUDp,saline,F,4h,57.23603022062396
2787,6,AUDp,morphine,M,1h,685.4363619103991
2788,7,AUDp,morphine,M,4h,395.06820859601413
2789,8,AUDp,saline,M,4h,61.424032431889124
2790,9,AUDp,morphine,F,4h,373.66286396065885
2791,10,AUDp,saline,F,1h,815.2644304596193
2792,11,AUDp,saline,M,1h,327.594839636742
2793,12,AUDp,morphine,M,1h,377.38553259289455
2794,13,AUDp,saline,M,4h,35.830685585268654
2795,14,AUDp,morphine,M,1h,883.2031329979209
2796,15,AUDp,morphine,F,4h,301.0708256320626
2797,16,AUDp,saline,F,4h,64.2160339060659
2798,17,AUDp,morphine,M,1h,269.4281422580591
2799,18,AUDp,saline,M,1h,146.11474381525142
2800,19,AUDp,morphine,F,1h,617.9629929511269
2801,20,AUDp,morphine,F,1h,651.0016770622188
2802,21,AUDp,morphine,F,1h,320.61483595130005
2803,22,AUDp,morphine,M,4h,805.4924253000006
2804,23,AUDp,morphine,M,4h,940.4391632185449
2805,24,AUDp,saline,F,1h,74.4533726447141
2806,25,AUDp,saline,F,4h,93.53204938492208
2807,26,AUDp,saline,F,4h,20.009343898266913
2808,0,AUDp1,morphine,M,1h,1080.0345611059554
2809,1,AUDp1,morphine,M,4h,626.6867206417272
2810,2,AUDp1,saline,M,1h,24.000768024576786
2811,3,AUDp1,saline,M,4h,1106.702081133263
2812,4,AUDp1,morphine,F,4h,109.33683211196092
2813,5,AUDp1,saline,F,4h,2.666752002730754
2814,6,AUDp1,morphine,M,1h,0.0
2815,7,AUDp1,morphine,M,4h,0.0
2816,8,AUDp1,saline,M,4h,0.0
2817,9,AUDp1,morphine,F,4h,8.000256008192263
2818,10,AUDp1,saline,F,1h,13.333760013653771
2819,11,AUDp1,saline,M,1h,0.0
2820,12,AUDp1,morphine,M,1h,45.33478404642282
2821,13,AUDp1,saline,M,4h,0.0
2822,14,AUDp1,morphine,M,1h,165.33862416930677
2823,15,AUDp1,morphine,F,4h,88.00281609011489
2824,16,AUDp1,saline,F,4h,0.0
2825,17,AUDp1,morphine,M,1h,2.666752002730754
2826,18,AUDp1,saline,M,1h,0.0
2827,19,AUDp1,morphine,F,1h,189.33939219388355
2828,20,AUDp1,morphine,F,1h,280.0089602867292
2829,21,AUDp1,morphine,F,1h,133.3376001365377
2830,22,AUDp1,morphine,M,4h,424.0135684341899
2831,23,AUDp1,morphine,M,4h,130.67084813380694
2832,24,AUDp1,saline,F,1h,53.335040054615085
2833,25,AUDp1,saline,F,4h,24.000768024576786
2834,26,AUDp1,saline,F,4h,2.666752002730754
2835,0,AUDp2/3,morphine,M,1h,4546.725171958121
2836,1,AUDp2/3,morphine,M,4h,2492.545657845695
2837,2,AUDp2/3,saline,M,1h,2884.3221631145598
2838,3,AUDp2/3,saline,M,4h,3026.2087893470675
2839,4,AUDp2/3,morphine,F,4h,489.191203876258
2840,5,AUDp2/3,saline,F,4h,8.47084335716464
2841,6,AUDp2/3,morphine,M,1h,241.41903567919223
2842,7,AUDp2/3,morphine,M,4h,95.2969877681022
2843,8,AUDp2/3,saline,M,4h,36.00108426794972
2844,9,AUDp2/3,morphine,F,4h,131.29807203605193
2845,10,AUDp2/3,saline,F,1h,93.17927692881103
2846,11,AUDp2/3,saline,M,1h,76.23759021448176
2847,12,AUDp2/3,morphine,M,1h,209.65337308982484
2848,13,AUDp2/3,saline,M,4h,0.0
2849,14,AUDp2/3,morphine,M,1h,874.6145766272491
2850,15,AUDp2/3,morphine,F,4h,188.47626469691323
2851,16,AUDp2/3,saline,F,4h,31.7656625893674
2852,17,AUDp2/3,morphine,M,1h,110.12096364314031
2853,18,AUDp2/3,saline,M,1h,10.5885541964558
2854,19,AUDp2/3,morphine,F,1h,381.1879510724088
2855,20,AUDp2/3,morphine,F,1h,597.1944566801071
2856,21,AUDp2/3,morphine,F,1h,285.8909633043066
2857,22,AUDp2/3,morphine,M,4h,1217.683732592417
2858,23,AUDp2/3,morphine,M,4h,1014.3834920204656
2859,24,AUDp2/3,saline,F,1h,40.23650594653204
2860,25,AUDp2/3,saline,F,4h,84.7084335716464
2861,26,AUDp2/3,saline,F,4h,59.29590350015248
2862,0,AUDp4,morphine,M,1h,4788.741986838409
2863,1,AUDp4,morphine,M,4h,1264.22788452534
2864,2,AUDp4,saline,M,1h,5644.330555153538
2865,3,AUDp4,saline,M,4h,710.8621438240127
2866,4,AUDp4,morphine,F,4h,668.295548385449
2867,5,AUDp4,saline,F,4h,38.30993589470727
2868,6,AUDp4,morphine,M,1h,570.3923788767527
2869,7,AUDp4,morphine,M,4h,93.64650996483999
2870,8,AUDp4,saline,M,4h,4.2566595438563635
2871,9,AUDp4,morphine,F,4h,166.00972221039817
2872,10,AUDp4,saline,F,1h,127.6997863156909
2873,11,AUDp4,saline,M,1h,148.9830840349727
2874,12,AUDp4,morphine,M,1h,297.9661680699454
2875,13,AUDp4,saline,M,4h,29.796616806994543
2876,14,AUDp4,morphine,M,1h,795.99533470114
2877,15,AUDp4,morphine,F,4h,89.38985042098363
2878,16,AUDp4,saline,F,4h,59.593233613989085
2879,17,AUDp4,morphine,M,1h,336.2761039646527
2880,18,AUDp4,saline,M,1h,93.64650996483999
2881,19,AUDp4,morphine,F,1h,438.4359330172054
2882,20,AUDp4,morphine,F,1h,817.2786324204218
2883,21,AUDp4,morphine,F,1h,808.7653133327091
2884,22,AUDp4,morphine,M,4h,1285.5111822446218
2885,23,AUDp4,morphine,M,4h,2043.1965810510544
2886,24,AUDp4,saline,F,1h,72.36321224555817
2887,25,AUDp4,saline,F,4h,93.64650996483999
2888,26,AUDp4,saline,F,4h,0.0
2889,0,AUDp5,morphine,M,1h,3050.881645963255
2890,1,AUDp5,morphine,M,4h,246.5358905828893
2891,2,AUDp5,saline,M,1h,753.6153928045139
2892,3,AUDp5,saline,M,4h,266.14670006107366
2893,4,AUDp5,morphine,F,4h,1382.5620682119986
2894,5,AUDp5,saline,F,4h,120.46640108027545
2895,6,AUDp5,morphine,M,1h,1386.7643845287523
2896,7,AUDp5,morphine,M,4h,1019.7620928655875
2897,8,AUDp5,saline,M,4h,147.08107108638282
2898,9,AUDp5,morphine,F,4h,771.8254301771136
2899,10,AUDp5,saline,F,1h,1260.6948950261385
2900,11,AUDp5,saline,M,1h,815.2493654502362
2901,12,AUDp5,morphine,M,1h,757.8177091212676
2902,13,AUDp5,saline,M,4h,33.618530534030356
2903,14,AUDp5,morphine,M,1h,1657.1134009065797
2904,15,AUDp5,morphine,F,4h,684.9775596308685
2905,16,AUDp5,saline,F,4h,107.85945213001406
2906,17,AUDp5,morphine,M,1h,491.671009060194
2907,18,AUDp5,saline,M,1h,275.95210480016584
2908,19,AUDp5,morphine,F,1h,1159.8393034240473
2909,20,AUDp5,morphine,F,1h,1096.8045586727405
2910,21,AUDp5,morphine,F,1h,414.6285432530411
2911,22,AUDp5,morphine,M,4h,913.3034128411581
2912,23,AUDp5,morphine,M,4h,1284.5080208210766
2913,24,AUDp5,saline,F,1h,100.85559160209108
2914,25,AUDp5,saline,F,4h,172.2949689869056
2915,26,AUDp5,saline,F,4h,16.809265267015178
2916,0,AUDp6a,morphine,M,1h,1521.4821183867587
2917,1,AUDp6a,morphine,M,4h,26.86944138431362
2918,2,AUDp6a,saline,M,1h,67.17360346078405
2919,3,AUDp6a,saline,M,4h,36.94548190343123
2920,4,AUDp6a,morphine,F,4h,433.26974232205714
2921,5,AUDp6a,saline,F,4h,53.73888276862724
2922,6,AUDp6a,morphine,M,1h,752.3443587607813
2923,7,AUDp6a,morphine,M,4h,124.27116640245049
2924,8,AUDp6a,saline,M,4h,23.510761211274417
2925,9,AUDp6a,morphine,F,4h,490.36730526372355
2926,10,AUDp6a,saline,F,1h,2451.836526318618
2927,11,AUDp6a,saline,M,1h,164.5753284789209
2928,12,AUDp6a,morphine,M,1h,241.82497245882257
2929,13,AUDp6a,saline,M,4h,134.3472069215681
2930,14,AUDp6a,morphine,M,1h,134.3472069215681
2931,15,AUDp6a,morphine,F,4h,40.30416207647043
2932,16,AUDp6a,saline,F,4h,104.11908536421528
2933,17,AUDp6a,morphine,M,1h,261.9770534970578
2934,18,AUDp6a,saline,M,1h,241.82497245882257
2935,19,AUDp6a,morphine,F,1h,487.00862509068435
2936,20,AUDp6a,morphine,F,1h,100.76040519117608
2937,21,AUDp6a,morphine,F,1h,57.097562941666446
2938,22,AUDp6a,morphine,M,4h,137.7058870946073
2939,23,AUDp6a,morphine,M,4h,322.43329661176347
2940,24,AUDp6a,saline,F,1h,80.60832415294087
2941,25,AUDp6a,saline,F,4h,10.076040519117608
2942,26,AUDp6a,saline,F,4h,6.717360346078405
2943,0,AUDp6b,morphine,M,1h,253.41201172935598
2944,1,AUDp6b,morphine,M,4h,0.0
2945,2,AUDp6b,saline,M,1h,36.20171596133657
2946,3,AUDp6b,saline,M,4h,72.40343192267314
2947,4,AUDp6b,morphine,F,4h,325.8154436520291
2948,5,AUDp6b,saline,F,4h,126.70600586467799
2949,6,AUDp6b,morphine,M,1h,199.10943778735114
2950,7,AUDp6b,morphine,M,4h,307.71458567136085
2951,8,AUDp6b,saline,M,4h,36.20171596133657
2952,9,AUDp6b,morphine,F,4h,36.20171596133657
2953,10,AUDp6b,saline,F,1h,778.3368931687362
2954,11,AUDp6b,saline,M,1h,36.20171596133657
2955,12,AUDp6b,morphine,M,1h,217.21029576801942
2956,13,AUDp6b,saline,M,4h,108.60514788400971
2957,14,AUDp6b,morphine,M,1h,235.3111537486877
2958,15,AUDp6b,morphine,F,4h,54.302573942004855
2959,16,AUDp6b,saline,F,4h,18.100857980668284
2960,17,AUDp6b,morphine,M,1h,325.8154436520291
2961,18,AUDp6b,saline,M,1h,325.8154436520291
2962,19,AUDp6b,morphine,F,1h,18.100857980668284
2963,20,AUDp6b,morphine,F,1h,126.70600586467799
2964,21,AUDp6b,morphine,F,1h,18.100857980668284
2965,22,AUDp6b,morphine,M,4h,36.20171596133657
2966,23,AUDp6b,morphine,M,4h,0.0
2967,24,AUDp6b,saline,F,1h,144.80686384534627
2968,25,AUDp6b,saline,F,4h,72.40343192267314
2969,26,AUDp6b,saline,F,4h,0.0
2970,0,AUDpo,morphine,M,1h,3660.5445243742283
2971,1,AUDpo,morphine,M,4h,859.1907272739153
2972,2,AUDpo,saline,M,1h,1439.0627960614436
2973,3,AUDpo,saline,M,4h,1097.673324578082
2974,4,AUDpo,morphine,F,4h,596.2064932604164
2975,5,AUDpo,saline,F,4h,68.60458278613012
2976,6,AUDpo,morphine,M,1h,424.6950362950912
2977,7,AUDpo,morphine,M,4h,378.95864777100445
2978,8,AUDpo,saline,M,4h,63.70425544426368
2979,9,AUDpo,morphine,F,4h,385.4924175601597
2980,10,AUDpo,saline,F,1h,751.3835257528536
2981,11,AUDpo,saline,M,1h,231.94882751501135
2982,12,AUDpo,morphine,M,1h,460.63077013544506
2983,13,AUDpo,saline,M,4h,62.070812996974865
2984,14,AUDpo,morphine,M,1h,1091.1395547889267
2985,15,AUDpo,morphine,F,4h,359.35733840353873
2986,16,AUDpo,saline,F,4h,133.94228067768262
2987,17,AUDpo,morphine,M,1h,289.11931317011977
2988,18,AUDpo,saline,M,1h,37.569176287642684
2989,19,AUDpo,morphine,F,1h,483.49896439748846
2990,20,AUDpo,morphine,F,1h,601.1068206022829
2991,21,AUDpo,morphine,F,1h,565.171086761929
2992,22,AUDpo,morphine,M,4h,761.1841804365865
2993,23,AUDpo,morphine,M,4h,785.6858171459187
2994,24,AUDpo,saline,F,1h,207.44719080567916
2995,25,AUDpo,saline,F,4h,112.70752886292804
2996,26,AUDpo,saline,F,4h,22.86819426204337
2997,0,AUDpo1,morphine,M,1h,2200.766718727815
2998,1,AUDpo1,morphine,M,4h,1162.50177481187
2999,2,AUDpo1,saline,M,1h,0.0
3000,3,AUDpo1,saline,M,4h,1082.6352406644896
3001,4,AUDpo1,morphine,F,4h,53.24435609825359
3002,5,AUDpo1,saline,F,4h,0.0
3003,6,AUDpo1,morphine,M,1h,0.0
3004,7,AUDpo1,morphine,M,4h,8.874059349708931
3005,8,AUDpo1,saline,M,4h,8.874059349708931
3006,9,AUDpo1,morphine,F,4h,0.0
3007,10,AUDpo1,saline,F,1h,0.0
3008,11,AUDpo1,saline,M,1h,8.874059349708931
3009,12,AUDpo1,morphine,M,1h,337.2142552889394
3010,13,AUDpo1,saline,M,4h,0.0
3011,14,AUDpo1,morphine,M,1h,177.48118699417861
3012,15,AUDpo1,morphine,F,4h,186.35524634388756
3013,16,AUDpo1,saline,F,4h,79.86653414738038
3014,17,AUDpo1,morphine,M,1h,0.0
3015,18,AUDpo1,saline,M,1h,0.0
3016,19,AUDpo1,morphine,F,1h,88.74059349708931
3017,20,AUDpo1,morphine,F,1h,106.48871219650718
3018,21,AUDpo1,morphine,F,1h,576.8138577310805
3019,22,AUDpo1,morphine,M,4h,638.932273179043
3020,23,AUDpo1,morphine,M,4h,0.0
3021,24,AUDpo1,saline,F,1h,186.35524634388756
3022,25,AUDpo1,saline,F,4h,53.24435609825359
3023,26,AUDpo1,saline,F,4h,17.748118699417862
3024,0,AUDpo2/3,morphine,M,1h,7472.132620146176
3025,1,AUDpo2/3,morphine,M,4h,2286.554244416316
3026,2,AUDpo2/3,saline,M,1h,2919.439794210118
3027,3,AUDpo2/3,saline,M,4h,3103.1807602792865
3028,4,AUDpo2/3,morphine,F,4h,333.4558273107128
3029,5,AUDpo2/3,saline,F,4h,20.415662896574254
3030,6,AUDpo2/3,morphine,M,1h,102.07831448287126
3031,7,AUDpo2/3,morphine,M,4h,115.68875641392077
3032,8,AUDpo2/3,saline,M,4h,27.220883862099004
3033,9,AUDpo2/3,morphine,F,4h,238.18273379336628
3034,10,AUDpo2/3,saline,F,1h,224.57229186231677
3035,11,AUDpo2/3,saline,M,1h,204.15662896574253
3036,12,AUDpo2/3,morphine,M,1h,687.3273175179999
3037,13,AUDpo2/3,saline,M,4h,0.0
3038,14,AUDpo2/3,morphine,M,1h,1190.9136689668314
3039,15,AUDpo2/3,morphine,F,4h,285.8192805520395
3040,16,AUDpo2/3,saline,F,4h,95.27309351734651
3041,17,AUDpo2/3,morphine,M,1h,13.610441931049502
3042,18,AUDpo2/3,saline,M,1h,13.610441931049502
3043,19,AUDpo2/3,morphine,F,1h,279.0140595865148
3044,20,AUDpo2/3,morphine,F,1h,680.5220965524751
3045,21,AUDpo2/3,morphine,F,1h,864.2630626216434
3046,22,AUDpo2/3,morphine,M,4h,1143.277122208158
3047,23,AUDpo2/3,morphine,M,4h,360.6767111728118
3048,24,AUDpo2/3,saline,F,1h,279.0140595865148
3049,25,AUDpo2/3,saline,F,4h,149.71486124154453
3050,26,AUDpo2/3,saline,F,4h,74.85743062077226
3051,0,AUDpo4,morphine,M,1h,4528.423946737109
3052,1,AUDpo4,morphine,M,4h,552.5755411197067
3053,2,AUDpo4,saline,M,1h,5040.56713118952
3054,3,AUDpo4,saline,M,4h,754.7373244561848
3055,4,AUDpo4,morphine,F,4h,1010.8089166823903
3056,5,AUDpo4,saline,F,4h,107.81961777945497
3057,6,AUDpo4,morphine,M,1h,606.4853500094342
3058,7,AUDpo4,morphine,M,4h,202.16178333647807
3059,8,AUDpo4,saline,M,4h,40.432356667295615
3060,9,AUDpo4,morphine,F,4h,269.5490444486374
3061,10,AUDpo4,saline,F,1h,377.3686622280924
3062,11,AUDpo4,saline,M,1h,202.16178333647807
3063,12,AUDpo4,morphine,M,1h,539.0980888972748
3064,13,AUDpo4,saline,M,4h,40.432356667295615
3065,14,AUDpo4,morphine,M,1h,1374.700126688051
3066,15,AUDpo4,morphine,F,4h,323.4588533383649
3067,16,AUDpo4,saline,F,4h,188.6843311140462
3068,17,AUDpo4,morphine,M,1h,94.3421655570231
3069,18,AUDpo4,saline,M,1h,0.0
3070,19,AUDpo4,morphine,F,1h,336.93630556079677
3071,20,AUDpo4,morphine,F,1h,916.4667511253673
3072,21,AUDpo4,morphine,F,1h,876.0343944580717
3073,22,AUDpo4,morphine,M,4h,687.3500633440254
3074,23,AUDpo4,morphine,M,4h,1846.4109544731664
3075,24,AUDpo4,saline,F,1h,121.29707000188684
3076,25,AUDpo4,saline,F,4h,134.7745222243187
3077,26,AUDpo4,saline,F,4h,13.477452222431872
3078,0,AUDpo5,morphine,M,1h,2646.815550041357
3079,1,AUDpo5,morphine,M,4h,88.22718500137856
3080,2,AUDpo5,saline,M,1h,419.07912875654813
3081,3,AUDpo5,saline,M,4h,204.0253653156879
3082,4,AUDpo5,morphine,F,4h,1141.4392059553352
3083,5,AUDpo5,saline,F,4h,104.76978218913703
3084,6,AUDpo5,morphine,M,1h,700.3032809484423
3085,7,AUDpo5,morphine,M,4h,959.4706368899919
3086,8,AUDpo5,saline,M,4h,148.88337468982633
3087,9,AUDpo5,morphine,F,4h,843.6724565756824
3088,10,AUDpo5,saline,F,1h,1488.8337468982631
3089,11,AUDpo5,saline,M,1h,507.3063137579267
3090,12,AUDpo5,morphine,M,1h,419.07912875654813
3091,13,AUDpo5,saline,M,4h,93.74138406396472
3092,14,AUDpo5,morphine,M,1h,1946.5122690929145
3093,15,AUDpo5,morphine,F,4h,727.8742762613731
3094,16,AUDpo5,saline,F,4h,231.59636062861873
3095,17,AUDpo5,morphine,M,1h,766.4736696994762
3096,18,AUDpo5,saline,M,1h,38.59939343810312
3097,19,AUDpo5,morphine,F,1h,1146.9534050179213
3098,20,AUDpo5,morphine,F,1h,964.984835952578
3099,21,AUDpo5,morphine,F,1h,408.0507306313758
3100,22,AUDpo5,morphine,M,4h,832.6440584505101
3101,23,AUDpo5,morphine,M,4h,1323.4077750206784
3102,24,AUDpo5,saline,F,1h,132.34077750206782
3103,25,AUDpo5,saline,F,4h,154.39757375241248
3104,26,AUDpo5,saline,F,4h,0.0
3105,0,AUDpo6a,morphine,M,1h,932.1777688199134
3106,1,AUDpo6a,morphine,M,4h,25.19399375188955
3107,2,AUDpo6a,saline,M,1h,25.19399375188955
3108,3,AUDpo6a,saline,M,4h,12.596996875944775
3109,4,AUDpo6a,morphine,F,4h,188.95495313917164
3110,5,AUDpo6a,saline,F,4h,113.37297188350298
3111,6,AUDpo6a,morphine,M,1h,743.2228156807417
3112,7,AUDpo6a,morphine,M,4h,151.1639625113373
3113,8,AUDpo6a,saline,M,4h,0.0
3114,9,AUDpo6a,morphine,F,4h,302.3279250226746
3115,10,AUDpo6a,saline,F,1h,1562.027612617152
3116,11,AUDpo6a,saline,M,1h,50.3879875037791
3117,12,AUDpo6a,morphine,M,1h,163.76095938728207
3118,13,AUDpo6a,saline,M,4h,176.35795626322687
3119,14,AUDpo6a,morphine,M,1h,113.37297188350298
3120,15,AUDpo6a,morphine,F,4h,12.596996875944775
3121,16,AUDpo6a,saline,F,4h,37.790990627834326
3122,17,AUDpo6a,morphine,M,1h,226.74594376700597
3123,18,AUDpo6a,saline,M,1h,125.96996875944775
3124,19,AUDpo6a,morphine,F,1h,100.7759750075582
3125,20,AUDpo6a,morphine,F,1h,50.3879875037791
3126,21,AUDpo6a,morphine,F,1h,88.17897813161343
3127,22,AUDpo6a,morphine,M,4h,226.74594376700597
3128,23,AUDpo6a,morphine,M,4h,592.0588531694044
3129,24,AUDpo6a,saline,F,1h,314.9249218986194
3130,25,AUDpo6a,saline,F,4h,37.790990627834326
3131,26,AUDpo6a,saline,F,4h,0.0
3132,0,AUDpo6b,morphine,M,1h,283.47885247760513
3133,1,AUDpo6b,morphine,M,4h,0.0
3134,2,AUDpo6b,saline,M,1h,0.0
3135,3,AUDpo6b,saline,M,4h,0.0
3136,4,AUDpo6b,morphine,F,4h,737.0450164417734
3137,5,AUDpo6b,saline,F,4h,170.0873114865631
3138,6,AUDpo6b,morphine,M,1h,793.7407869372944
3139,7,AUDpo6b,morphine,M,4h,737.0450164417734
3140,8,AUDpo6b,saline,M,4h,226.78308198208413
3141,9,AUDpo6b,morphine,F,4h,226.78308198208413
3142,10,AUDpo6b,saline,F,1h,283.47885247760513
3143,11,AUDpo6b,saline,M,1h,0.0
3144,12,AUDpo6b,morphine,M,1h,793.7407869372944
3145,13,AUDpo6b,saline,M,4h,226.78308198208413
3146,14,AUDpo6b,morphine,M,1h,510.26193445968926
3147,15,AUDpo6b,morphine,F,4h,0.0
3148,16,AUDpo6b,saline,F,4h,0.0
3149,17,AUDpo6b,morphine,M,1h,623.6534754507313
3150,18,AUDpo6b,saline,M,1h,226.78308198208413
3151,19,AUDpo6b,morphine,F,1h,226.78308198208413
3152,20,AUDpo6b,morphine,F,1h,510.26193445968926
3153,21,AUDpo6b,morphine,F,1h,453.56616396416825
3154,22,AUDpo6b,morphine,M,4h,340.1746229731262
3155,23,AUDpo6b,morphine,M,4h,226.78308198208413
3156,24,AUDpo6b,saline,F,1h,396.8703934686472
3157,25,AUDpo6b,saline,F,4h,0.0
3158,26,AUDpo6b,saline,F,4h,0.0
3159,0,AUDv,morphine,M,1h,2643.2415843609856
3160,1,AUDv,morphine,M,4h,615.4363988555853
3161,2,AUDv,saline,M,1h,1612.014374482324
3162,3,AUDv,saline,M,4h,1221.523004341604
3163,4,AUDv,morphine,F,4h,868.4308076791502
3164,5,AUDv,saline,F,4h,89.09803093351637
3165,6,AUDv,morphine,M,1h,988.3281579477093
3166,7,AUDv,morphine,M,4h,453.7399723466111
3167,8,AUDv,saline,M,4h,105.59766629157495
3168,9,AUDv,morphine,F,4h,445.49015466758186
3169,10,AUDv,saline,F,1h,586.837030901617
3170,11,AUDv,saline,M,1h,266.19411711001186
3171,12,AUDv,morphine,M,1h,415.7908110230764
3172,13,AUDv,saline,M,4h,55.54877237213058
3173,14,AUDv,morphine,M,1h,1185.7737943991438
3174,15,AUDv,morphine,F,4h,560.987602173992
3175,16,AUDv,saline,F,4h,50.04889391944438
3176,17,AUDv,morphine,M,1h,547.2379060422764
3177,18,AUDv,saline,M,1h,103.9477027557691
3178,19,AUDv,morphine,F,1h,893.7302485615068
3179,20,AUDv,morphine,F,1h,899.2301270141929
3180,21,AUDv,morphine,F,1h,398.7411878197492
3181,22,AUDv,morphine,M,4h,1600.4646297316829
3182,23,AUDv,morphine,M,4h,982.8282794950231
3183,24,AUDv,saline,F,1h,117.14741104221596
3184,25,AUDv,saline,F,4h,147.94673037725866
3185,26,AUDv,saline,F,4h,40.69910054987785
3186,0,AUDv1,morphine,M,1h,497.70425151589495
3187,1,AUDv1,morphine,M,4h,143.70334022642038
3188,2,AUDv1,saline,M,1h,7.00991903543514
3189,3,AUDv1,saline,M,4h,1139.1118432582102
3190,4,AUDv1,morphine,F,4h,24.53471662402299
3191,5,AUDv1,saline,F,4h,0.0
3192,6,AUDv1,morphine,M,1h,0.0
3193,7,AUDv1,morphine,M,4h,7.00991903543514
3194,8,AUDv1,saline,M,4h,0.0
3195,9,AUDv1,morphine,F,4h,0.0
3196,10,AUDv1,saline,F,1h,0.0
3197,11,AUDv1,saline,M,1h,0.0
3198,12,AUDv1,morphine,M,1h,3.50495951771757
3199,13,AUDv1,saline,M,4h,0.0
3200,14,AUDv1,morphine,M,1h,273.3868423819705
3201,15,AUDv1,morphine,F,4h,52.574392765763555
3202,16,AUDv1,saline,F,4h,3.50495951771757
3203,17,AUDv1,morphine,M,1h,0.0
3204,18,AUDv1,saline,M,1h,59.584311801198695
3205,19,AUDv1,morphine,F,1h,280.3967614174056
3206,20,AUDv1,morphine,F,1h,269.88188286425293
3207,21,AUDv1,morphine,F,1h,98.13886649609196
3208,22,AUDv1,morphine,M,4h,364.5157898426273
3209,23,AUDv1,morphine,M,4h,171.74301636816094
3210,24,AUDv1,saline,F,1h,7.00991903543514
3211,25,AUDv1,saline,F,4h,45.564473730328416
3212,26,AUDv1,saline,F,4h,24.53471662402299
3213,0,AUDv2/3,morphine,M,1h,2727.910889964798
3214,1,AUDv2/3,morphine,M,4h,1592.3566878980891
3215,2,AUDv2/3,saline,M,1h,2193.6842539925055
3216,3,AUDv2/3,saline,M,4h,3564.091711486647
3217,4,AUDv2/3,morphine,F,4h,410.34799574683336
3218,5,AUDv2/3,saline,F,4h,2.580805004697065
3219,6,AUDv2/3,morphine,M,1h,263.24211047910063
3220,7,AUDv2/3,morphine,M,4h,59.3585151080325
3221,8,AUDv2/3,saline,M,4h,7.742415014091195
3222,9,AUDv2/3,morphine,F,4h,54.19690509863837
3223,10,AUDv2/3,saline,F,1h,7.742415014091195
3224,11,AUDv2/3,saline,M,1h,12.904025023485326
3225,12,AUDv2/3,morphine,M,1h,227.11084041334175
3226,13,AUDv2/3,saline,M,4h,0.0
3227,14,AUDv2/3,morphine,M,1h,931.6706066956406
3228,15,AUDv2/3,morphine,F,4h,270.9845254931918
3229,16,AUDv2/3,saline,F,4h,18.065635032879456
3230,17,AUDv2/3,morphine,M,1h,172.91393531470337
3231,18,AUDv2/3,saline,M,1h,141.9442752583386
3232,19,AUDv2/3,morphine,F,1h,683.9133262447223
3233,20,AUDv2/3,morphine,F,1h,898.1201416345787
3234,21,AUDv2/3,morphine,F,1h,240.01486543682705
3235,22,AUDv2/3,morphine,M,4h,2686.618009889645
3236,23,AUDv2/3,morphine,M,4h,1414.2811425739917
3237,24,AUDv2/3,saline,F,1h,126.45944523015619
3238,25,AUDv2/3,saline,F,4h,43.873685079850105
3239,26,AUDv2/3,saline,F,4h,77.42415014091196
3240,0,AUDv4,morphine,M,1h,3833.9824732229795
3241,1,AUDv4,morphine,M,4h,1231.1811849299677
3242,2,AUDv4,saline,M,1h,5341.360197737997
3243,3,AUDv4,saline,M,4h,1123.5113474646093
3244,4,AUDv4,morphine,F,4h,800.5018350685342
3245,5,AUDv4,saline,F,4h,14.043891843307618
3246,6,AUDv4,morphine,M,1h,683.4694030409707
3247,7,AUDv4,morphine,M,4h,187.25189124410156
3248,8,AUDv4,saline,M,4h,9.362594562205079
3249,9,AUDv4,morphine,F,4h,271.5152423039473
3250,10,AUDv4,saline,F,1h,42.13167552992285
3251,11,AUDv4,saline,M,1h,23.406486405512695
3252,12,AUDv4,morphine,M,1h,215.3396749307168
3253,13,AUDv4,saline,M,4h,18.725189124410157
3254,14,AUDv4,morphine,M,1h,1067.3357800913789
3255,15,AUDv4,morphine,F,4h,337.0534042393828
3256,16,AUDv4,saline,F,4h,0.0
3257,17,AUDv4,morphine,M,1h,617.9312411055352
3258,18,AUDv4,saline,M,1h,88.94464834094825
3259,19,AUDv4,morphine,F,1h,800.5018350685342
3260,20,AUDv4,morphine,F,1h,1385.6639952063515
3261,21,AUDv4,morphine,F,1h,847.3148078795596
3262,22,AUDv4,morphine,M,4h,2771.327990412703
3263,23,AUDv4,morphine,M,4h,2228.2975058048087
3264,24,AUDv4,saline,F,1h,290.24043142835745
3265,25,AUDv4,saline,F,4h,56.17556737323047
3266,26,AUDv4,saline,F,4h,65.53816193543555
3267,0,AUDv5,morphine,M,1h,3649.9368248361084
3268,1,AUDv5,morphine,M,4h,322.49101986544684
3269,2,AUDv5,saline,M,1h,1490.0738917885517
3270,3,AUDv5,saline,M,4h,443.2184273022551
3271,4,AUDv5,morphine,F,4h,1807.6035113483763
3272,5,AUDv5,saline,F,4h,210.03261293800895
3273,6,AUDv5,morphine,M,1h,2396.356347615551
3274,7,AUDv5,morphine,M,4h,1144.4296704968676
3275,8,AUDv5,saline,M,4h,269.5694166054761
3276,9,AUDv5,morphine,F,4h,1028.6636633656817
3277,10,AUDv5,saline,F,1h,898.0134553176289
3278,11,AUDv5,saline,M,1h,702.8650432964866
3279,12,AUDv5,morphine,M,1h,780.5936480845687
3280,13,AUDv5,saline,M,4h,23.15320142623721
3281,14,AUDv5,morphine,M,1h,2126.786931010075
3282,15,AUDv5,morphine,F,4h,1227.1196755905721
3283,16,AUDv5,saline,F,4h,97.57420601057109
3284,17,AUDv5,morphine,M,1h,1045.2016643844227
3285,18,AUDv5,saline,M,1h,132.30400814992691
3286,19,AUDv5,morphine,F,1h,1554.572095761641
3287,20,AUDv5,morphine,F,1h,1375.96168475924
3288,21,AUDv5,morphine,F,1h,625.1364385084046
3289,22,AUDv5,morphine,M,4h,1855.5637143027247
3290,23,AUDv5,morphine,M,4h,1094.8156674406453
3291,24,AUDv5,saline,F,1h,143.88060886304552
3292,25,AUDv5,saline,F,4h,340.68282098606176
3293,26,AUDv5,saline,F,4h,36.3836022412299
3294,0,AUDv6a,morphine,M,1h,2009.9465674381545
3295,1,AUDv6a,morphine,M,4h,10.67228265896365
3296,2,AUDv6a,saline,M,1h,113.83768169561229
3297,3,AUDv6a,saline,M,4h,24.901992870915187
3298,4,AUDv6a,morphine,F,4h,430.44873391153396
3299,5,AUDv6a,saline,F,4h,64.03369595378192
3300,6,AUDv6a,morphine,M,1h,316.6110522159217
3301,7,AUDv6a,morphine,M,4h,202.77337052030938
3302,8,AUDv6a,saline,M,4h,71.14855105975768
3303,9,AUDv6a,morphine,F,4h,377.0873206167157
3304,10,AUDv6a,saline,F,1h,1760.9266387290024
3305,11,AUDv6a,saline,M,1h,170.7565225434184
3306,12,AUDv6a,morphine,M,1h,505.1547125242795
3307,13,AUDv6a,saline,M,4h,177.8713776493942
3308,14,AUDv6a,morphine,M,1h,608.3201115609281
3309,15,AUDv6a,morphine,F,4h,249.01992870915188
3310,16,AUDv6a,saline,F,4h,85.3782612717092
3311,17,AUDv6a,morphine,M,1h,519.384422736231
3312,18,AUDv6a,saline,M,1h,53.361413294818256
3313,19,AUDv6a,morphine,F,1h,579.860691137025
3314,20,AUDv6a,morphine,F,1h,202.77337052030938
3315,21,AUDv6a,morphine,F,1h,120.95253680158805
3316,22,AUDv6a,morphine,M,4h,152.969384778479
3317,23,AUDv6a,morphine,M,4h,184.98623275536997
3318,24,AUDv6a,saline,F,1h,35.57427552987884
3319,25,AUDv6a,saline,F,4h,42.6891306358546
3320,26,AUDv6a,saline,F,4h,3.557427552987884
3321,0,AUDv6b,morphine,M,1h,347.4484256243214
3322,1,AUDv6b,morphine,M,4h,0.0
3323,2,AUDv6b,saline,M,1h,108.57763300760043
3324,3,AUDv6b,saline,M,4h,0.0
3325,4,AUDv6b,morphine,F,4h,608.0347448425624
3326,5,AUDv6b,saline,F,4h,282.3018458197611
3327,6,AUDv6b,morphine,M,1h,238.87079261672096
3328,7,AUDv6b,morphine,M,4h,238.87079261672096
3329,8,AUDv6b,saline,M,4h,86.86210640608034
3330,9,AUDv6b,morphine,F,4h,65.14657980456026
3331,10,AUDv6b,saline,F,1h,369.16395222584146
3332,11,AUDv6b,saline,M,1h,21.715526601520086
3333,12,AUDv6b,morphine,M,1h,152.0086862106406
3334,13,AUDv6b,saline,M,4h,716.6123778501628
3335,14,AUDv6b,morphine,M,1h,694.8968512486427
3336,15,AUDv6b,morphine,F,4h,347.4484256243214
3337,16,AUDv6b,saline,F,4h,0.0
3338,17,AUDv6b,morphine,M,1h,390.87947882736154
3339,18,AUDv6b,saline,M,1h,65.14657980456026
3340,19,AUDv6b,morphine,F,1h,130.29315960912052
3341,20,AUDv6b,morphine,F,1h,542.8881650380022
3342,21,AUDv6b,morphine,F,1h,238.87079261672096
3343,22,AUDv6b,morphine,M,4h,173.7242128121607
3344,23,AUDv6b,morphine,M,4h,0.0
3345,24,AUDv6b,saline,F,1h,65.14657980456026
3346,25,AUDv6b,saline,F,4h,195.43973941368077
3347,26,AUDv6b,saline,F,4h,0.0
3348,0,VIS,morphine,M,1h,3856.0289153907042
3349,1,VIS,morphine,M,4h,1130.2128114544864
3350,2,VIS,saline,M,1h,2099.5288181249844
3351,3,VIS,saline,M,4h,1367.1402244981907
3352,4,VIS,morphine,F,4h,383.568478778996
3353,5,VIS,saline,F,4h,40.76250384236717
3354,6,VIS,morphine,M,1h,351.0475740741566
3355,7,VIS,morphine,M,4h,287.93622932732217
3356,8,VIS,saline,M,4h,119.02057132844185
3357,9,VIS,morphine,F,4h,352.9037900961223
3358,10,VIS,saline,F,1h,551.0734126011823
3359,11,VIS,saline,M,1h,190.96750433983308
3360,12,VIS,morphine,M,1h,454.6986767407223
3361,13,VIS,saline,M,4h,16.483198275055575
3362,14,VIS,morphine,M,1h,946.2246793572444
3363,15,VIS,morphine,F,4h,252.96511947348804
3364,16,VIS,saline,F,4h,73.58040311072106
3365,17,VIS,morphine,M,1h,392.9238075297032
3366,18,VIS,saline,M,1h,67.41776591779488
3367,19,VIS,morphine,F,1h,655.9867421626848
3368,20,VIS,morphine,F,1h,745.0851112170392
3369,21,VIS,morphine,F,1h,680.340296370875
3370,22,VIS,morphine,M,4h,533.9962251990978
3371,23,VIS,morphine,M,4h,490.1152784398282
3372,24,VIS,saline,F,1h,346.29566105792435
3373,25,VIS,saline,F,4h,245.46600674474655
3374,26,VIS,saline,F,4h,98.97343829121209
3375,0,VISal,morphine,M,1h,2828.979298993437
3376,1,VISal,morphine,M,4h,696.3641351368461
3377,2,VISal,saline,M,1h,1316.2337251260842
3378,3,VISal,saline,M,4h,681.8565489881618
3379,4,VISal,morphine,F,4h,203.1062060815801
3380,5,VISal,saline,F,4h,7.913228808373251
3381,6,VISal,morphine,M,1h,142.4381185507185
3382,7,VISal,morphine,M,4h,218.93266369832662
3383,8,VISal,saline,M,4h,44.84162991411509
3384,9,VISal,morphine,F,4h,265.0931650805039
3385,10,VISal,saline,F,1h,396.98031188672473
3386,11,VISal,saline,M,1h,207.06282048576674
3387,12,VISal,morphine,M,1h,228.16476397476208
3388,13,VISal,saline,M,4h,5.275485872248834
3389,14,VISal,morphine,M,1h,778.134166156703
3390,15,VISal,morphine,F,4h,114.74181772141215
3391,16,VISal,saline,F,4h,42.20388697799067
3392,17,VISal,morphine,M,1h,249.2667074637574
3393,18,VISal,saline,M,1h,5.275485872248834
3394,19,VISal,morphine,F,1h,383.79159720610267
3395,20,VISal,morphine,F,1h,531.50520162907
3396,21,VISal,morphine,F,1h,180.68539112452257
3397,22,VISal,morphine,M,4h,600.0865179683049
3398,23,VISal,morphine,M,4h,676.5810631159129
3399,24,VISal,saline,F,1h,201.7873346135179
3400,25,VISal,saline,F,4h,18.46420055287092
3401,26,VISal,saline,F,4h,58.03034459473717
3402,0,VISal1,morphine,M,1h,941.5397143147966
3403,1,VISal1,morphine,M,4h,2018.7968649272216
3404,2,VISal1,saline,M,1h,0.0
3405,3,VISal1,saline,M,4h,729.4812200997524
3406,4,VISal1,morphine,F,4h,8.482339768601772
3407,5,VISal1,saline,F,4h,0.0
3408,6,VISal1,morphine,M,1h,8.482339768601772
3409,7,VISal1,morphine,M,4h,0.0
3410,8,VISal1,saline,M,4h,0.0
3411,9,VISal1,morphine,F,4h,50.894038611610625
3412,10,VISal1,saline,F,1h,25.447019305805313
3413,11,VISal1,saline,M,1h,33.92935907440709
3414,12,VISal1,morphine,M,1h,67.85871814881418
3415,13,VISal1,saline,M,4h,0.0
3416,14,VISal1,morphine,M,1h,25.447019305805313
3417,15,VISal1,morphine,F,4h,42.41169884300886
3418,16,VISal1,saline,F,4h,16.964679537203544
3419,17,VISal1,morphine,M,1h,0.0
3420,18,VISal1,saline,M,1h,0.0
3421,19,VISal1,morphine,F,1h,16.964679537203544
3422,20,VISal1,morphine,F,1h,8.482339768601772
3423,21,VISal1,morphine,F,1h,33.92935907440709
3424,22,VISal1,morphine,M,4h,1212.9745869100534
3425,23,VISal1,morphine,M,4h,0.0
3426,24,VISal1,saline,F,1h,16.964679537203544
3427,25,VISal1,saline,F,4h,8.482339768601772
3428,26,VISal1,saline,F,4h,0.0
3429,0,VISal2/3,morphine,M,1h,5569.102019928355
3430,1,VISal2/3,morphine,M,4h,1309.4915560372076
3431,2,VISal2/3,saline,M,1h,3120.7040147706634
3432,3,VISal2/3,saline,M,4h,1695.8166511133188
3433,4,VISal2/3,morphine,F,4h,75.25813540443723
3434,5,VISal2/3,saline,F,4h,5.017209026962481
3435,6,VISal2/3,morphine,M,1h,20.068836107849926
3436,7,VISal2/3,morphine,M,4h,85.29255345836219
3437,8,VISal2/3,saline,M,4h,55.18929929658729
3438,9,VISal2/3,morphine,F,4h,130.44743470102452
3439,10,VISal2/3,saline,F,1h,85.29255345836219
3440,11,VISal2/3,saline,M,1h,45.154881242662334
3441,12,VISal2/3,morphine,M,1h,311.0669596716738
3442,13,VISal2/3,saline,M,4h,0.0
3443,14,VISal2/3,morphine,M,1h,1063.648313716046
3444,15,VISal2/3,morphine,F,4h,165.5678978897619
3445,16,VISal2/3,saline,F,4h,60.20650832354978
3446,17,VISal2/3,morphine,M,1h,0.0
3447,18,VISal2/3,saline,M,1h,0.0
3448,19,VISal2/3,morphine,F,1h,456.56602145358585
3449,20,VISal2/3,morphine,F,1h,792.719026260072
3450,21,VISal2/3,morphine,F,1h,210.72277913242422
3451,22,VISal2/3,morphine,M,4h,757.5985630713348
3452,23,VISal2/3,morphine,M,4h,140.48185275494947
3453,24,VISal2/3,saline,F,1h,366.25625896826114
3454,25,VISal2/3,saline,F,4h,20.068836107849926
3455,26,VISal2/3,saline,F,4h,175.60231594368685
3456,0,VISal4,morphine,M,1h,3542.8988401566944
3457,1,VISal4,morphine,M,4h,115.21622244412013
3458,2,VISal4,saline,M,1h,2995.6217835471234
3459,3,VISal4,saline,M,4h,624.0878715723175
3460,4,VISal4,morphine,F,4h,288.0405561103004
3461,5,VISal4,saline,F,4h,9.601351870343345
3462,6,VISal4,morphine,M,1h,67.20946309240341
3463,7,VISal4,morphine,M,4h,355.25001920270375
3464,8,VISal4,saline,M,4h,67.20946309240341
3465,9,VISal4,morphine,F,4h,307.24325985098704
3466,10,VISal4,saline,F,1h,163.22298179583686
3467,11,VISal4,saline,M,1h,144.0202780551502
3468,12,VISal4,morphine,M,1h,345.6486673323604
3469,13,VISal4,saline,M,4h,9.601351870343345
3470,14,VISal4,morphine,M,1h,940.9324832936478
3471,15,VISal4,morphine,F,4h,9.601351870343345
3472,16,VISal4,saline,F,4h,38.40540748137338
3473,17,VISal4,morphine,M,1h,163.22298179583686
3474,18,VISal4,saline,M,1h,0.0
3475,19,VISal4,morphine,F,1h,326.4459635916737
3476,20,VISal4,morphine,F,1h,739.3040940164376
3477,21,VISal4,morphine,F,1h,547.2770566095706
3478,22,VISal4,morphine,M,4h,595.2838159612874
3479,23,VISal4,morphine,M,4h,1075.3514094784546
3480,24,VISal4,saline,F,1h,316.84461172133035
3481,25,VISal4,saline,F,4h,19.20270374068669
3482,26,VISal4,saline,F,4h,19.20270374068669
3483,0,VISal5,morphine,M,1h,2227.2373387470316
3484,1,VISal5,morphine,M,4h,64.05771107015798
3485,2,VISal5,saline,M,1h,285.79594169762794
3486,3,VISal5,saline,M,4h,103.47784095948597
3487,4,VISal5,morphine,F,4h,413.9113638379439
3488,5,VISal5,saline,F,4h,9.855032472331997
3489,6,VISal5,morphine,M,1h,453.3314937272719
3490,7,VISal5,morphine,M,4h,497.67913985276584
3491,8,VISal5,saline,M,4h,39.42012988932799
3492,9,VISal5,morphine,F,4h,601.1569808122518
3493,10,VISal5,saline,F,1h,911.5905036907097
3494,11,VISal5,saline,M,1h,596.2294645760858
3495,12,VISal5,morphine,M,1h,271.0133929891299
3496,13,VISal5,saline,M,4h,4.9275162361659985
3497,14,VISal5,morphine,M,1h,1266.3716726946616
3498,15,VISal5,morphine,F,4h,211.88319815513793
3499,16,VISal5,saline,F,4h,64.05771107015798
3500,17,VISal5,morphine,M,1h,542.0267859782598
3501,18,VISal5,saline,M,1h,4.9275162361659985
3502,19,VISal5,morphine,F,1h,773.6200490780618
3503,20,VISal5,morphine,F,1h,793.3301140227258
3504,21,VISal5,morphine,F,1h,128.11542214031596
3505,22,VISal5,morphine,M,4h,408.9838476017779
3506,23,VISal5,morphine,M,4h,1359.9944811818157
3507,24,VISal5,saline,F,1h,162.60803579347794
3508,25,VISal5,saline,F,4h,34.49261365316199
3509,26,VISal5,saline,F,4h,29.565097416995993
3510,0,VISal6a,morphine,M,1h,913.3728531260634
3511,1,VISal6a,morphine,M,4h,17.909271629922813
3512,2,VISal6a,saline,M,1h,44.77317907480703
3513,3,VISal6a,saline,M,4h,44.77317907480703
3514,4,VISal6a,morphine,F,4h,170.1380804842667
3515,5,VISal6a,saline,F,4h,17.909271629922813
3516,6,VISal6a,morphine,M,1h,26.863907444884216
3517,7,VISal6a,morphine,M,4h,62.68245070472984
3518,8,VISal6a,saline,M,4h,26.863907444884216
3519,9,VISal6a,morphine,F,4h,125.36490140945968
3520,10,VISal6a,saline,F,1h,707.4162293819511
3521,11,VISal6a,saline,M,1h,71.63708651969125
3522,12,VISal6a,morphine,M,1h,80.59172233465266
3523,13,VISal6a,saline,M,4h,17.909271629922813
3524,14,VISal6a,morphine,M,1h,107.45562977953686
3525,15,VISal6a,morphine,F,4h,44.77317907480703
3526,16,VISal6a,saline,F,4h,8.954635814961406
3527,17,VISal6a,morphine,M,1h,555.1874205276072
3528,18,VISal6a,saline,M,1h,8.954635814961406
3529,19,VISal6a,morphine,F,1h,26.863907444884216
3530,20,VISal6a,morphine,F,1h,26.863907444884216
3531,21,VISal6a,morphine,F,1h,71.63708651969125
3532,22,VISal6a,morphine,M,4h,89.54635814961406
3533,23,VISal6a,morphine,M,4h,796.9625875315651
3534,24,VISal6a,saline,F,1h,89.54635814961406
3535,25,VISal6a,saline,F,4h,0.0
3536,26,VISal6a,saline,F,4h,8.954635814961406
3537,0,VISal6b,morphine,M,1h,44.943820224719104
3538,1,VISal6b,morphine,M,4h,89.88764044943821
3539,2,VISal6b,saline,M,1h,44.943820224719104
3540,3,VISal6b,saline,M,4h,89.88764044943821
3541,4,VISal6b,morphine,F,4h,224.71910112359552
3542,5,VISal6b,saline,F,4h,0.0
3543,6,VISal6b,morphine,M,1h,44.943820224719104
3544,7,VISal6b,morphine,M,4h,179.77528089887642
3545,8,VISal6b,saline,M,4h,224.71910112359552
3546,9,VISal6b,morphine,F,4h,44.943820224719104
3547,10,VISal6b,saline,F,1h,0.0
3548,11,VISal6b,saline,M,1h,0.0
3549,12,VISal6b,morphine,M,1h,134.8314606741573
3550,13,VISal6b,saline,M,4h,0.0
3551,14,VISal6b,morphine,M,1h,359.55056179775283
3552,15,VISal6b,morphine,F,4h,0.0
3553,16,VISal6b,saline,F,4h,0.0
3554,17,VISal6b,morphine,M,1h,0.0
3555,18,VISal6b,saline,M,1h,89.88764044943821
3556,19,VISal6b,morphine,F,1h,179.77528089887642
3557,20,VISal6b,morphine,F,1h,134.8314606741573
3558,21,VISal6b,morphine,F,1h,0.0
3559,22,VISal6b,morphine,M,4h,269.6629213483146
3560,23,VISal6b,morphine,M,4h,359.55056179775283
3561,24,VISal6b,saline,F,1h,89.88764044943821
3562,25,VISal6b,saline,F,4h,0.0
3563,26,VISal6b,saline,F,4h,0.0
3564,0,VISam,morphine,M,1h,3305.751755707469
3565,1,VISam,morphine,M,4h,770.9214972279632
3566,2,VISam,saline,M,1h,2216.8724560221463
3567,3,VISam,saline,M,4h,615.7278079332996
3568,4,VISam,morphine,F,4h,113.55635802048558
3569,5,VISam,saline,F,4h,22.711271604097114
3570,6,VISam,morphine,M,1h,105.9859341524532
3571,7,VISam,morphine,M,4h,150.1467400493087
3572,8,VISam,saline,M,4h,118.60330726584048
3573,9,VISam,morphine,F,4h,227.11271604097115
3574,10,VISam,saline,F,1h,336.8838621274405
3575,11,VISam,saline,M,1h,17.6643223587422
3576,12,VISam,morphine,M,1h,357.07165910886016
3577,13,VISam,saline,M,4h,0.0
3578,14,VISam,morphine,M,1h,840.3170493515933
3579,15,VISam,morphine,F,4h,37.852119340161856
3580,16,VISam,saline,F,4h,22.711271604097114
3581,17,VISam,morphine,M,1h,286.4143696738914
3582,18,VISam,saline,M,1h,34.066907406145674
3583,19,VISam,morphine,F,1h,292.72305623058503
3584,20,VISam,morphine,F,1h,187.99885938947057
3585,21,VISam,morphine,F,1h,447.91674552524864
3586,22,VISam,morphine,M,4h,0.0
3587,23,VISam,morphine,M,4h,11.355635802048557
3588,24,VISam,saline,F,1h,21.449534292758386
3589,25,VISam,saline,F,4h,35.3286447174844
3590,26,VISam,saline,F,4h,40.37559396283931
3591,0,VISam1,morphine,M,1h,1411.370352401535
3592,1,VISam1,morphine,M,4h,3557.8294300122025
3593,2,VISam1,saline,M,1h,6285.008600538085
3594,3,VISam1,saline,M,4h,1043.8259897969685
3595,4,VISam1,morphine,F,4h,36.754436260456636
3596,5,VISam1,saline,F,4h,0.0
3597,6,VISam1,morphine,M,1h,0.0
3598,7,VISam1,morphine,M,4h,51.456210764639295
3599,8,VISam1,saline,M,4h,110.26330878136991
3600,9,VISam1,morphine,F,4h,7.3508872520913275
3601,10,VISam1,saline,F,1h,0.0
3602,11,VISam1,saline,M,1h,0.0
3603,12,VISam1,morphine,M,1h,360.19347535247505
3604,13,VISam1,saline,M,4h,0.0
3605,14,VISam1,morphine,M,1h,492.50944589011897
3606,15,VISam1,morphine,F,4h,0.0
3607,16,VISam1,saline,F,4h,0.0
3608,17,VISam1,morphine,M,1h,0.0
3609,18,VISam1,saline,M,1h,0.0
3610,19,VISam1,morphine,F,1h,271.98282832737914
3611,20,VISam1,morphine,F,1h,213.1757303106485
3612,21,VISam1,morphine,F,1h,793.8958232258634
3613,22,VISam1,morphine,M,4h,0.0
3614,23,VISam1,morphine,M,4h,0.0
3615,24,VISam1,saline,F,1h,0.0
3616,25,VISam1,saline,F,4h,36.754436260456636
3617,26,VISam1,saline,F,4h,139.66685778973522
3618,0,VISam2/3,morphine,M,1h,5300.746066720785
3619,1,VISam2/3,morphine,M,4h,526.6921798291391
3620,2,VISam2/3,saline,M,1h,4237.697630368395
3621,3,VISam2/3,saline,M,4h,1444.7794657698403
3622,4,VISam2/3,morphine,F,4h,188.44949553519658
3623,5,VISam2/3,saline,F,4h,57.984460164675866
3624,6,VISam2/3,morphine,M,1h,0.0
3625,7,VISam2/3,morphine,M,4h,294.7543391704357
3626,8,VISam2/3,saline,M,4h,173.9533804940276
3627,9,VISam2/3,morphine,F,4h,169.12134214697127
3628,10,VISam2/3,saline,F,1h,86.9766902470138
3629,11,VISam2/3,saline,M,1h,24.16019173528161
3630,12,VISam2/3,morphine,M,1h,599.172755034984
3631,13,VISam2/3,saline,M,4h,0.0
3632,14,VISam2/3,morphine,M,1h,2087.440565928331
3633,15,VISam2/3,morphine,F,4h,62.81649851173219
3634,16,VISam2/3,saline,F,4h,0.0
3635,17,VISam2/3,morphine,M,1h,0.0
3636,18,VISam2/3,saline,M,1h,0.0
3637,19,VISam2/3,morphine,F,1h,565.3484866055898
3638,20,VISam2/3,morphine,F,1h,173.9533804940276
3639,21,VISam2/3,morphine,F,1h,719.9737137113921
3640,22,VISam2/3,morphine,M,4h,0.0
3641,23,VISam2/3,morphine,M,4h,0.0
3642,24,VISam2/3,saline,F,1h,0.0
3643,25,VISam2/3,saline,F,4h,38.65630677645058
3644,26,VISam2/3,saline,F,4h,57.984460164675866
3645,0,VISam4,morphine,M,1h,5011.861405325939
3646,1,VISam4,morphine,M,4h,100.23722810651877
3647,2,VISam4,saline,M,1h,133.64963747535836
3648,3,VISam4,saline,M,4h,250.59307026629693
3649,4,VISam4,morphine,F,4h,317.4178890039761
3650,5,VISam4,saline,F,4h,0.0
3651,6,VISam4,morphine,M,1h,0.0
3652,7,VISam4,morphine,M,4h,116.94343279093856
3653,8,VISam4,saline,M,4h,100.23722810651877
3654,9,VISam4,morphine,F,4h,367.5365030572355
3655,10,VISam4,saline,F,1h,183.76825152861775
3656,11,VISam4,saline,M,1h,33.41240936883959
3657,12,VISam4,morphine,M,1h,350.8302983728157
3658,13,VISam4,saline,M,4h,0.0
3659,14,VISam4,morphine,M,1h,434.36132179491466
3660,15,VISam4,morphine,F,4h,100.23722810651877
3661,16,VISam4,saline,F,4h,0.0
3662,17,VISam4,morphine,M,1h,0.0
3663,18,VISam4,saline,M,1h,0.0
3664,19,VISam4,morphine,F,1h,133.64963747535836
3665,20,VISam4,morphine,F,1h,334.1240936883959
3666,21,VISam4,morphine,F,1h,634.8357780079522
3667,22,VISam4,morphine,M,4h,0.0
3668,23,VISam4,morphine,M,4h,0.0
3669,24,VISam4,saline,F,1h,0.0
3670,25,VISam4,saline,F,4h,0.0
3671,26,VISam4,saline,F,4h,0.0
3672,0,VISam5,morphine,M,1h,4035.8034678014983
3673,1,VISam5,morphine,M,4h,43.963000738578415
3674,2,VISam5,saline,M,1h,43.963000738578415
3675,3,VISam5,saline,M,4h,96.7186016248725
3676,4,VISam5,morphine,F,4h,87.92600147715683
3677,5,VISam5,saline,F,4h,13.188900221573524
3678,6,VISam5,morphine,M,1h,215.41870361903423
3679,7,VISam5,morphine,M,4h,158.26680265888228
3680,8,VISam5,saline,M,4h,114.30380192030387
3681,9,VISam5,morphine,F,4h,479.1967080505047
3682,10,VISam5,saline,F,1h,492.38560827207823
3683,11,VISam5,saline,M,1h,13.188900221573524
3684,12,VISam5,morphine,M,1h,364.8929061302008
3685,13,VISam5,saline,M,4h,0.0
3686,14,VISam5,morphine,M,1h,571.5190096015193
3687,15,VISam5,morphine,F,4h,48.35930081243625
3688,16,VISam5,saline,F,4h,4.396300073857841
3689,17,VISam5,morphine,M,1h,483.59300812436254
3690,18,VISam5,saline,M,1h,21.981500369289208
3691,19,VISam5,morphine,F,1h,276.966904653044
3692,20,VISam5,morphine,F,1h,189.04090317588717
3693,21,VISam5,morphine,F,1h,263.7780044314705
3694,22,VISam5,morphine,M,4h,0.0
3695,23,VISam5,morphine,M,4h,4.396300073857841
3696,24,VISam5,saline,F,1h,17.585200295431363
3697,25,VISam5,saline,F,4h,43.963000738578415
3698,26,VISam5,saline,F,4h,0.0
3699,0,VISam6a,morphine,M,1h,786.3223200115424
3700,1,VISam6a,morphine,M,4h,14.427932477276007
3701,2,VISam6a,saline,M,1h,50.49776367046602
3702,3,VISam6a,saline,M,4h,57.71172990910403
3703,4,VISam6a,morphine,F,4h,36.06983119319002
3704,5,VISam6a,saline,F,4h,21.64189871591401
3705,6,VISam6a,morphine,M,1h,194.7770884432261
3706,7,VISam6a,morphine,M,4h,50.49776367046602
3707,8,VISam6a,saline,M,4h,64.92569614774203
3708,9,VISam6a,morphine,F,4h,72.13966238638004
3709,10,VISam6a,saline,F,1h,894.5318135911124
3710,11,VISam6a,saline,M,1h,28.855864954552015
3711,12,VISam6a,morphine,M,1h,14.427932477276007
3712,13,VISam6a,saline,M,4h,0.0
3713,14,VISam6a,morphine,M,1h,79.35362862501803
3714,15,VISam6a,morphine,F,4h,0.0
3715,16,VISam6a,saline,F,4h,86.56759486365604
3716,17,VISam6a,morphine,M,1h,829.6061174433704
3717,18,VISam6a,saline,M,1h,144.27932477276008
3718,19,VISam6a,morphine,F,1h,50.49776367046602
3719,20,VISam6a,morphine,F,1h,151.49329101139807
3720,21,VISam6a,morphine,F,1h,0.0
3721,22,VISam6a,morphine,M,4h,0.0
3722,23,VISam6a,morphine,M,4h,57.71172990910403
3723,24,VISam6a,saline,F,1h,86.56759486365604
3724,25,VISam6a,saline,F,4h,21.64189871591401
3725,26,VISam6a,saline,F,4h,7.213966238638004
3726,0,VISam6b,morphine,M,1h,169.30500296283756
3727,1,VISam6b,morphine,M,4h,0.0
3728,2,VISam6b,saline,M,1h,0.0
3729,3,VISam6b,saline,M,4h,84.65250148141878
3730,4,VISam6b,morphine,F,4h,84.65250148141878
3731,5,VISam6b,saline,F,4h,0.0
3732,6,VISam6b,morphine,M,1h,338.6100059256751
3733,7,VISam6b,morphine,M,4h,42.32625074070939
3734,8,VISam6b,saline,M,4h,84.65250148141878
3735,9,VISam6b,morphine,F,4h,126.97875222212818
3736,10,VISam6b,saline,F,1h,84.65250148141878
3737,11,VISam6b,saline,M,1h,0.0
3738,12,VISam6b,morphine,M,1h,169.30500296283756
3739,13,VISam6b,saline,M,4h,0.0
3740,14,VISam6b,morphine,M,1h,0.0
3741,15,VISam6b,morphine,F,4h,0.0
3742,16,VISam6b,saline,F,4h,211.63125370354697
3743,17,VISam6b,morphine,M,1h,84.65250148141878
3744,18,VISam6b,saline,M,1h,84.65250148141878
3745,19,VISam6b,morphine,F,1h,0.0
3746,20,VISam6b,morphine,F,1h,0.0
3747,21,VISam6b,morphine,F,1h,0.0
3748,22,VISam6b,morphine,M,4h,0.0
3749,23,VISam6b,morphine,M,4h,0.0
3750,24,VISam6b,saline,F,1h,42.32625074070939
3751,25,VISam6b,saline,F,4h,84.65250148141878
3752,26,VISam6b,saline,F,4h,0.0
3753,0,VISl,morphine,M,1h,3555.7397701089403
3754,1,VISl,morphine,M,4h,861.6019268552182
3755,2,VISl,saline,M,1h,1511.0670156589622
3756,3,VISl,saline,M,4h,1062.3160120885361
3757,4,VISl,morphine,F,4h,440.59189441460023
3758,5,VISl,saline,F,4h,103.62068627898931
3759,6,VISl,morphine,M,1h,231.7187000254564
3760,7,VISl,morphine,M,4h,484.65108385606027
3761,8,VISl,saline,M,4h,150.9435193827797
3762,9,VISl,morphine,F,4h,460.98966730416504
3763,10,VISl,saline,F,1h,620.0922958427707
3764,11,VISl,saline,M,1h,320.65298982395905
3765,12,VISl,morphine,M,1h,483.83517294047766
3766,13,VISl,saline,M,4h,11.422752818156303
3767,14,VISl,morphine,M,1h,1179.8071839324296
3768,15,VISl,morphine,F,4h,206.42546164239602
3769,16,VISl,saline,F,4h,105.2525081101545
3770,17,VISl,morphine,M,1h,561.346709920824
3771,18,VISl,saline,M,1h,17.134129227234453
3772,19,VISl,morphine,F,1h,723.71298212176
3773,20,VISl,morphine,F,1h,912.1884036213389
3774,21,VISl,morphine,F,1h,551.5557789338328
3775,22,VISl,morphine,M,4h,774.2994588878807
3776,23,VISl,morphine,M,4h,1085.1615177248486
3777,24,VISl,saline,F,1h,756.3494187450638
3778,25,VISl,saline,F,4h,81.5910915582593
3779,26,VISl,saline,F,4h,88.93428979850263
3780,0,VISl1,morphine,M,1h,1668.9351221725324
3781,1,VISl1,morphine,M,4h,3408.0843433361424
3782,2,VISl1,saline,M,1h,318.66398772873595
3783,3,VISl1,saline,M,4h,1965.9947717501677
3784,4,VISl1,morphine,F,4h,43.20867630220149
3785,5,VISl1,saline,F,4h,5.401084537775186
3786,6,VISl1,morphine,M,1h,5.401084537775186
3787,7,VISl1,morphine,M,4h,0.0
3788,8,VISl1,saline,M,4h,5.401084537775186
3789,9,VISl1,morphine,F,4h,0.0
3790,10,VISl1,saline,F,1h,70.21409899107742
3791,11,VISl1,saline,M,1h,37.8075917644263
3792,12,VISl1,morphine,M,1h,167.43362067103075
3793,13,VISl1,saline,M,4h,0.0
3794,14,VISl1,morphine,M,1h,37.8075917644263
3795,15,VISl1,morphine,F,4h,5.401084537775186
3796,16,VISl1,saline,F,4h,54.010845377751856
3797,17,VISl1,morphine,M,1h,0.0
3798,18,VISl1,saline,M,1h,0.0
3799,19,VISl1,morphine,F,1h,237.6477196621082
3800,20,VISl1,morphine,F,1h,113.4227752932789
3801,21,VISl1,morphine,F,1h,81.01626806662779
3802,22,VISl1,morphine,M,4h,972.1952167995335
3803,23,VISl1,morphine,M,4h,0.0
3804,24,VISl1,saline,F,1h,955.991963186208
3805,25,VISl1,saline,F,4h,27.005422688875928
3806,26,VISl1,saline,F,4h,0.0
3807,0,VISl2/3,morphine,M,1h,7732.403146013768
3808,1,VISl2/3,morphine,M,4h,1306.4180272424633
3809,2,VISl2/3,saline,M,1h,4337.042587901376
3810,3,VISl2/3,saline,M,4h,2523.309946019073
3811,4,VISl2/3,morphine,F,4h,99.47345385094899
3812,5,VISl2/3,saline,F,4h,23.21047256522143
3813,6,VISl2/3,morphine,M,1h,19.894690770189797
3814,7,VISl2/3,morphine,M,4h,159.15752616151838
3815,8,VISl2/3,saline,M,4h,49.73672692547449
3816,9,VISl2/3,morphine,F,4h,195.63112590686634
3817,10,VISl2/3,saline,F,1h,162.47330795655
3818,11,VISl2/3,saline,M,1h,49.73672692547449
3819,12,VISl2/3,morphine,M,1h,470.8410148944919
3820,13,VISl2/3,saline,M,4h,0.0
3821,14,VISl2/3,morphine,M,1h,1226.8392641617043
3822,15,VISl2/3,morphine,F,4h,169.10487154661328
3823,16,VISl2/3,saline,F,4h,99.47345385094899
3824,17,VISl2/3,morphine,M,1h,0.0
3825,18,VISl2/3,saline,M,1h,16.578908975158164
3826,19,VISl2/3,morphine,F,1h,865.4190485032561
3827,20,VISl2/3,morphine,F,1h,1027.8923564598063
3828,21,VISl2/3,morphine,F,1h,603.4722866957572
3829,22,VISl2/3,morphine,M,4h,1236.7866095467991
3830,23,VISl2/3,morphine,M,4h,374.6833428385745
3831,24,VISl2/3,saline,F,1h,1200.313009801451
3832,25,VISl2/3,saline,F,4h,102.78923564598063
3833,26,VISl2/3,saline,F,4h,288.47301616775206
3834,0,VISl4,morphine,M,1h,4187.978825579058
3835,1,VISl4,morphine,M,4h,67.00766120926492
3836,2,VISl4,saline,M,1h,2300.5963681847625
3837,3,VISl4,saline,M,4h,642.1567532554556
3838,4,VISl4,morphine,F,4h,390.87802372071206
3839,5,VISl4,saline,F,4h,83.75957651158116
3840,6,VISl4,morphine,M,1h,94.92752004645865
3841,7,VISl4,morphine,M,4h,424.38185432534453
3842,8,VISl4,saline,M,4h,55.839717674387444
3843,9,VISl4,morphine,F,4h,402.0459672555896
3844,10,VISl4,saline,F,1h,960.4431439994639
3845,11,VISl4,saline,M,1h,340.6222778137634
3846,12,VISl4,morphine,M,1h,670.0766120926493
3847,13,VISl4,saline,M,4h,5.583971767438744
3848,14,VISl4,morphine,M,1h,1440.664715999196
3849,15,VISl4,morphine,F,4h,150.76723772084608
3850,16,VISl4,saline,F,4h,189.8550400929173
3851,17,VISl4,morphine,M,1h,173.10312479060107
3852,18,VISl4,saline,M,1h,5.583971767438744
3853,19,VISl4,morphine,F,1h,642.1567532554556
3854,20,VISl4,morphine,F,1h,1451.8326595340734
3855,21,VISl4,morphine,F,1h,1485.3364901387058
3856,22,VISl4,morphine,M,4h,1033.0347769761677
3857,23,VISl4,morphine,M,4h,1580.2640101851646
3858,24,VISl4,saline,F,1h,966.0271157669027
3859,25,VISl4,saline,F,4h,83.75957651158116
3860,26,VISl4,saline,F,4h,39.08780237207121
3861,0,VISl5,morphine,M,1h,2842.408480169909
3862,1,VISl5,morphine,M,4h,47.69141745251525
3863,2,VISl5,saline,M,1h,197.12452547039638
3864,3,VISl5,saline,M,4h,184.40681414972565
3865,4,VISl5,morphine,F,4h,572.297009430183
3866,5,VISl5,saline,F,4h,28.61485047150915
3867,6,VISl5,morphine,M,1h,734.4478287687349
3868,7,VISl5,morphine,M,4h,756.7038235799087
3869,8,VISl5,saline,M,4h,139.89482452737806
3870,9,VISl5,morphine,F,4h,785.3186740514178
3871,10,VISl5,saline,F,1h,1084.18489008718
3872,11,VISl5,saline,M,1h,689.9358391463873
3873,12,VISl5,morphine,M,1h,721.7301174480641
3874,13,VISl5,saline,M,4h,3.1794278301676835
3875,14,VISl5,morphine,M,1h,2117.498934891677
3876,15,VISl5,morphine,F,4h,464.19646320448174
3877,16,VISl5,saline,F,4h,155.7919636782165
3878,17,VISl5,morphine,M,1h,1154.1323023508692
3879,18,VISl5,saline,M,1h,22.25599481117378
3880,19,VISl5,morphine,F,1h,1249.5151372558996
3881,20,VISl5,morphine,F,1h,1344.89797216093
3882,21,VISl5,morphine,F,1h,553.2204424491769
3883,22,VISl5,morphine,M,4h,324.3016386771037
3884,23,VISl5,morphine,M,4h,2330.5205995129118
3885,24,VISl5,saline,F,1h,521.4261641475001
3886,25,VISl5,saline,F,4h,130.35654103687503
3887,26,VISl5,saline,F,4h,19.0765669810061
3888,0,VISl6a,morphine,M,1h,304.2860868809227
3889,1,VISl6a,morphine,M,4h,19.319751547995093
3890,2,VISl6a,saline,M,1h,48.299378869987734
3891,3,VISl6a,saline,M,4h,9.659875773997546
3892,4,VISl6a,morphine,F,4h,999.7971426087461
3893,5,VISl6a,saline,F,4h,318.77590054191904
3894,6,VISl6a,morphine,M,1h,86.93888196597791
3895,7,VISl6a,morphine,M,4h,1067.416273026729
3896,8,VISl6a,saline,M,4h,516.8033539088688
3897,9,VISl6a,morphine,F,4h,608.5721737618454
3898,10,VISl6a,saline,F,1h,796.9397513547975
3899,11,VISl6a,saline,M,1h,347.75552786391165
3900,12,VISl6a,morphine,M,1h,323.6058384289178
3901,13,VISl6a,saline,M,4h,53.129316756986505
3902,14,VISl6a,morphine,M,1h,560.2727948918576
3903,15,VISl6a,morphine,F,4h,106.25863351397301
3904,16,VISl6a,saline,F,4h,14.489813660996319
3905,17,VISl6a,morphine,M,1h,1386.1921735686478
3906,18,VISl6a,saline,M,1h,28.979627321992638
3907,19,VISl6a,morphine,F,1h,280.1363974459288
3908,20,VISl6a,morphine,F,1h,434.6944098298896
3909,21,VISl6a,morphine,F,1h,183.53763970595338
3910,22,VISl6a,morphine,M,4h,511.9734160218699
3911,23,VISl6a,morphine,M,4h,922.5181364167656
3912,24,VISl6a,saline,F,1h,227.00708068894232
3913,25,VISl6a,saline,F,4h,33.80956520899141
3914,26,VISl6a,saline,F,4h,43.46944098298896
3915,0,VISl6b,morphine,M,1h,261.5062761506276
3916,1,VISl6b,morphine,M,4h,0.0
3917,2,VISl6b,saline,M,1h,26.150627615062763
3918,3,VISl6b,saline,M,4h,52.30125523012553
3919,4,VISl6b,morphine,F,4h,1176.7782426778244
3920,5,VISl6b,saline,F,4h,758.3682008368202
3921,6,VISl6b,morphine,M,1h,287.6569037656904
3922,7,VISl6b,morphine,M,4h,287.6569037656904
3923,8,VISl6b,saline,M,4h,209.2050209205021
3924,9,VISl6b,morphine,F,4h,1595.1882845188286
3925,10,VISl6b,saline,F,1h,523.0125523012553
3926,11,VISl6b,saline,M,1h,549.1631799163181
3927,12,VISl6b,morphine,M,1h,156.9037656903766
3928,13,VISl6b,saline,M,4h,26.150627615062763
3929,14,VISl6b,morphine,M,1h,758.3682008368202
3930,15,VISl6b,morphine,F,4h,156.9037656903766
3931,16,VISl6b,saline,F,4h,78.4518828451883
3932,17,VISl6b,morphine,M,1h,183.05439330543936
3933,18,VISl6b,saline,M,1h,52.30125523012553
3934,19,VISl6b,morphine,F,1h,418.4100418410042
3935,20,VISl6b,morphine,F,1h,366.1087866108787
3936,21,VISl6b,morphine,F,1h,26.150627615062763
3937,22,VISl6b,morphine,M,4h,78.4518828451883
3938,23,VISl6b,morphine,M,4h,261.5062761506276
3939,24,VISl6b,saline,F,1h,104.60251046025105
3940,25,VISl6b,saline,F,4h,26.150627615062763
3941,26,VISl6b,saline,F,4h,0.0
3942,0,VISp,morphine,M,1h,3848.8103278790027
3943,1,VISp,morphine,M,4h,1338.397039128747
3944,2,VISp,saline,M,1h,2321.132169676175
3945,3,VISp,saline,M,4h,1447.1029245417178
3946,4,VISp,morphine,F,4h,274.0971545068273
3947,5,VISp,saline,F,4h,19.083607972368068
3948,6,VISp,morphine,M,1h,360.75087070728375
3949,7,VISp,morphine,M,4h,204.2652853338656
3950,8,VISp,saline,M,4h,86.37099608234732
3951,9,VISp,morphine,F,4h,321.1700541720018
3952,10,VISp,saline,F,1h,617.3193778913433
3953,11,VISp,saline,M,1h,176.70007381822285
3954,12,VISp,morphine,M,1h,421.39433604169784
3955,13,VISp,saline,M,4h,2.4031210039278306
3956,14,VISp,morphine,M,1h,812.9616996228797
3957,15,VISp,morphine,F,4h,148.9935022435255
3958,16,VISp,saline,F,4h,44.245698484083
3959,17,VISp,morphine,M,1h,388.59880234103565
3960,18,VISp,saline,M,1h,91.7426783264213
3961,19,VISp,morphine,F,1h,568.6915175765683
3962,20,VISp,morphine,F,1h,648.4185908833506
3963,21,VISp,morphine,F,1h,803.0664954890592
3964,22,VISp,morphine,M,4h,230.69961637707175
3965,23,VISp,morphine,M,4h,237.90897938885524
3966,24,VISp,saline,F,1h,212.0400885818674
3967,25,VISp,saline,F,4h,293.74620271541363
3968,26,VISp,saline,F,4h,104.46508364133334
3969,0,VISp1,morphine,M,1h,1934.4166277514385
3970,1,VISp1,morphine,M,4h,5675.027504491741
3971,2,VISp1,saline,M,1h,4663.495405364761
3972,3,VISp1,saline,M,4h,3278.3771162628714
3973,4,VISp1,morphine,F,4h,49.072762242466936
3974,5,VISp1,saline,F,4h,0.7914961652010796
3975,6,VISp1,morphine,M,1h,3.1659846608043183
3976,7,VISp1,morphine,M,4h,41.15780059045614
3977,8,VISp1,saline,M,4h,7.1234654868097165
3978,9,VISp1,morphine,F,4h,21.37039646042915
3979,10,VISp1,saline,F,1h,11.080946312815113
3980,11,VISp1,saline,M,1h,9.497953982412955
3981,12,VISp1,morphine,M,1h,201.8315221262753
3982,13,VISp1,saline,M,4h,0.0
3983,14,VISp1,morphine,M,1h,124.2648979365695
3984,15,VISp1,morphine,F,4h,33.242838938445345
3985,16,VISp1,saline,F,4h,27.702365782037784
3986,17,VISp1,morphine,M,1h,0.0
3987,18,VISp1,saline,M,1h,104.4774938065425
3988,19,VISp1,morphine,F,1h,174.12915634423751
3989,20,VISp1,morphine,F,1h,215.28695693469365
3990,21,VISp1,morphine,F,1h,327.67941239324693
3991,22,VISp1,morphine,M,4h,371.2117014793063
3992,23,VISp1,morphine,M,4h,0.0
3993,24,VISp1,saline,F,1h,301.5600389416113
3994,25,VISp1,saline,F,4h,106.85198230214574
3995,26,VISp1,saline,F,4h,18.99590796482591
3996,0,VISp2/3,morphine,M,1h,7005.362574035537
3997,1,VISp2/3,morphine,M,4h,1025.9924763886665
3998,2,VISp2/3,saline,M,1h,4909.8567312309915
3999,3,VISp2/3,saline,M,4h,2689.7910997278696
4000,4,VISp2/3,morphine,F,4h,87.04178005442613
4001,5,VISp2/3,saline,F,4h,6.002881383063871
4002,6,VISp2/3,morphine,M,1h,47.02257083400032
4003,7,VISp2/3,morphine,M,4h,117.05618696974548
4004,8,VISp2/3,saline,M,4h,47.52281094925564
4005,9,VISp2/3,morphine,F,4h,157.0753961901713
4006,10,VISp2/3,saline,F,1h,319.1531935328958
4007,11,VISp2/3,saline,M,1h,39.01872898991516
4008,12,VISp2/3,morphine,M,1h,423.2031375060029
4009,13,VISp2/3,saline,M,4h,0.5002401152553225
4010,14,VISp2/3,morphine,M,1h,679.8263166319833
4011,15,VISp2/3,morphine,F,4h,88.5425004001921
4012,16,VISp2/3,saline,F,4h,74.53577717304306
4013,17,VISp2/3,morphine,M,1h,0.5002401152553225
4014,18,VISp2/3,saline,M,1h,80.03841844085161
4015,19,VISp2/3,morphine,F,1h,331.6591964142789
4016,20,VISp2/3,morphine,F,1h,498.23915479430127
4017,21,VISp2/3,morphine,F,1h,933.9482951816873
4018,22,VISp2/3,morphine,M,4h,255.12245878021452
4019,23,VISp2/3,morphine,M,4h,88.5425004001921
4020,24,VISp2/3,saline,F,1h,154.07395549863935
4021,25,VISp2/3,saline,F,4h,536.7576436689611
4022,26,VISp2/3,saline,F,4h,271.63038258364014
4023,0,VISp4,morphine,M,1h,4768.277910202806
4024,1,VISp4,morphine,M,4h,127.9746785979446
4025,2,VISp4,saline,M,1h,507.99109061779535
4026,3,VISp4,saline,M,4h,417.1388378726897
4027,4,VISp4,morphine,F,4h,423.97717947716
4028,5,VISp4,saline,F,4h,18.561212926419447
4029,6,VISp4,morphine,M,1h,550.9749521316088
4030,7,VISp4,morphine,M,4h,153.37423312883436
4031,8,VISp4,saline,M,4h,97.69059434957603
4032,9,VISp4,morphine,F,4h,378.06260013285925
4033,10,VISp4,saline,F,1h,1515.1811183619243
4034,11,VISp4,saline,M,1h,276.46438200930015
4035,12,VISp4,morphine,M,1h,621.3121800633036
4036,13,VISp4,saline,M,4h,0.0
4037,14,VISp4,morphine,M,1h,775.6633191356337
4038,15,VISp4,morphine,F,4h,160.2125747333047
4039,16,VISp4,saline,F,4h,42.00695557031769
4040,17,VISp4,morphine,M,1h,70.33722793169474
4041,18,VISp4,saline,M,1h,70.33722793169474
4042,19,VISp4,morphine,F,1h,758.07901215271
4043,20,VISp4,morphine,F,1h,1155.6797311554844
4044,21,VISp4,morphine,F,1h,2008.5186198272831
4045,22,VISp4,morphine,M,4h,211.01168379508422
4046,23,VISp4,morphine,M,4h,440.5845805165879
4047,24,VISp4,saline,F,1h,192.45047086866478
4048,25,VISp4,saline,F,4h,283.3027236137705
4049,26,VISp4,saline,F,4h,21.491930756906726
4050,0,VISp5,morphine,M,1h,2829.9310614882065
4051,1,VISp5,morphine,M,4h,57.963995342270955
4052,2,VISp5,saline,M,1h,90.81025936955784
4053,3,VISp5,saline,M,4h,164.87536452912627
4054,4,VISp5,morphine,F,4h,483.6773389116166
4055,5,VISp5,saline,F,4h,18.033242995373186
4056,6,VISp5,morphine,M,1h,1113.5527549642943
4057,7,VISp5,morphine,M,4h,394.15516832744254
4058,8,VISp5,saline,M,4h,114.63990189915812
4059,9,VISp5,morphine,F,4h,745.8034067372197
4060,10,VISp5,saline,F,1h,1033.6912502704988
4061,11,VISp5,saline,M,1h,408.3241449666643
4062,12,VISp5,morphine,M,1h,691.0596333584082
4063,13,VISp5,saline,M,4h,1.288088785383799
4064,14,VISp5,morphine,M,1h,1632.0084910812734
4065,15,VISp5,morphine,F,4h,342.6316169120906
4066,16,VISp5,saline,F,4h,38.64266356151397
4067,17,VISp5,morphine,M,1h,468.86431787970287
4068,18,VISp5,saline,M,1h,50.23546262996816
4069,19,VISp5,morphine,F,1h,1294.5292293107182
4070,20,VISp5,morphine,F,1h,1195.9904372288574
4071,21,VISp5,morphine,F,1h,851.4266871386911
4072,22,VISp5,morphine,M,4h,151.9944766752883
4073,23,VISp5,morphine,M,4h,437.9501870304917
4074,24,VISp5,saline,F,1h,269.8546005379059
4075,25,VISp5,saline,F,4h,284.0235771771277
4076,26,VISp5,saline,F,4h,71.48892758880085
4077,0,VISp6a,morphine,M,1h,1326.0320638288335
4078,1,VISp6a,morphine,M,4h,21.477984132438852
4079,2,VISp6a,saline,M,1h,43.88979366194026
4080,3,VISp6a,saline,M,4h,30.81623810306444
4081,4,VISp6a,morphine,F,4h,329.64036516308323
4082,5,VISp6a,saline,F,4h,65.36777779437912
4083,6,VISp6a,morphine,M,1h,133.53703177994592
4084,7,VISp6a,morphine,M,4h,323.10358738364533
4085,8,VISp6a,saline,M,4h,183.02977782426152
4086,9,VISp6a,morphine,F,4h,295.0888254717686
4087,10,VISp6a,saline,F,1h,486.5230318695931
4088,11,VISp6a,saline,M,1h,189.56655560369944
4089,12,VISp6a,morphine,M,1h,145.67676194175917
4090,13,VISp6a,saline,M,4h,13.073555558875823
4091,14,VISp6a,morphine,M,1h,771.3397779736736
4092,15,VISp6a,morphine,F,4h,122.33112701519521
4093,16,VISp6a,saline,F,4h,15.8750317500635
4094,17,VISp6a,morphine,M,1h,1727.5769845657337
4095,18,VISp6a,saline,M,1h,159.68414289769754
4096,19,VISp6a,morphine,F,1h,289.48587308939324
4097,20,VISp6a,morphine,F,1h,242.7946032362653
4098,21,VISp6a,morphine,F,1h,18.676507941251177
4099,22,VISp6a,morphine,M,4h,177.42682544188617
4100,23,VISp6a,morphine,M,4h,344.5815715160842
4101,24,VISp6a,saline,F,1h,157.81649210357244
4102,25,VISp6a,saline,F,4h,128.86790479463312
4103,26,VISp6a,saline,F,4h,36.41919048543979
4104,0,VISp6b,morphine,M,1h,510.7252298263535
4105,1,VISp6b,morphine,M,4h,18.240186779512623
4106,2,VISp6b,saline,M,1h,30.400311299187706
4107,3,VISp6b,saline,M,4h,12.160124519675083
4108,4,VISp6b,morphine,F,4h,1003.2102728731943
4109,5,VISp6b,saline,F,4h,30.400311299187706
4110,6,VISp6b,morphine,M,1h,109.44112067707574
4111,7,VISp6b,morphine,M,4h,267.52273943285184
4112,8,VISp6b,saline,M,4h,200.64205457463888
4113,9,VISp6b,morphine,F,4h,425.6043581886279
4114,10,VISp6b,saline,F,1h,231.04236587382658
4115,11,VISp6b,saline,M,1h,243.20249039350165
4116,12,VISp6b,morphine,M,1h,91.20093389756312
4117,13,VISp6b,saline,M,4h,0.0
4118,14,VISp6b,morphine,M,1h,492.4850430468409
4119,15,VISp6b,morphine,F,4h,48.64049807870033
4120,16,VISp6b,saline,F,4h,54.72056033853787
4121,17,VISp6b,morphine,M,1h,595.8461014640791
4122,18,VISp6b,saline,M,1h,218.8822413541515
4123,19,VISp6b,morphine,F,1h,267.52273943285184
4124,20,VISp6b,morphine,F,1h,115.52118293691329
4125,21,VISp6b,morphine,F,1h,12.160124519675083
4126,22,VISp6b,morphine,M,4h,66.88068485821296
4127,23,VISp6b,morphine,M,4h,36.480373559025246
4128,24,VISp6b,saline,F,1h,158.08161875577608
4129,25,VISp6b,saline,F,4h,6.080062259837542
4130,26,VISp6b,saline,F,4h,0.0
4131,0,VISpl,morphine,M,1h,4100.867752679158
4132,1,VISpl,morphine,M,4h,1287.6573698559787
4133,2,VISpl,saline,M,1h,2372.6628955801757
4134,3,VISpl,saline,M,4h,1755.896413439971
4135,4,VISpl,morphine,F,4h,623.0600176722478
4136,5,VISpl,saline,F,4h,12.587071064085814
4137,6,VISpl,morphine,M,1h,631.8709674171079
4138,7,VISpl,morphine,M,4h,187.5473588548786
4139,8,VISpl,saline,M,4h,47.83087004352609
4140,9,VISpl,morphine,F,4h,163.63192383311556
4141,10,VISpl,saline,F,1h,346.1444542623599
4142,11,VISpl,saline,M,1h,200.13442991896443
4143,12,VISpl,morphine,M,1h,529.9156917980127
4144,13,VISpl,saline,M,4h,78.03984059733205
4145,14,VISpl,morphine,M,1h,1191.9956297689266
4146,15,VISpl,morphine,F,4h,1043.468191212714
4147,16,VISpl,saline,F,4h,120.8358822152238
4148,17,VISpl,morphine,M,1h,489.63706439293816
4149,18,VISpl,saline,M,1h,123.35329642804098
4150,19,VISpl,morphine,F,1h,1497.8614566262117
4151,20,VISpl,morphine,F,1h,1922.0457514859038
4152,21,VISpl,morphine,F,1h,440.54748724300345
4153,22,VISpl,morphine,M,4h,1325.418583048236
4154,23,VISpl,morphine,M,4h,701.0998582695798
4155,24,VISpl,saline,F,1h,1207.1001150458296
4156,25,VISpl,saline,F,4h,474.53257911603515
4157,26,VISpl,saline,F,4h,198.87572281255586
4158,0,VISpl1,morphine,M,1h,2224.0569688838436
4159,1,VISpl1,morphine,M,4h,3844.3676144279893
4160,2,VISpl1,saline,M,1h,4664.843387171681
4161,3,VISpl1,saline,M,4h,2698.7976675783066
4162,4,VISpl1,morphine,F,4h,0.0
4163,5,VISpl1,saline,F,4h,0.0
4164,6,VISpl1,morphine,M,1h,0.0
4165,7,VISpl1,morphine,M,4h,0.0
4166,8,VISpl1,saline,M,4h,5.160224985809381
4167,9,VISpl1,morphine,F,4h,5.160224985809381
4168,10,VISpl1,saline,F,1h,46.442024872284435
4169,11,VISpl1,saline,M,1h,5.160224985809381
4170,12,VISpl1,morphine,M,1h,25.801124929046907
4171,13,VISpl1,saline,M,4h,56.7624748439032
4172,14,VISpl1,morphine,M,1h,196.0885494607565
4173,15,VISpl1,morphine,F,4h,41.28179988647505
4174,16,VISpl1,saline,F,4h,41.28179988647505
4175,17,VISpl1,morphine,M,1h,87.72382475875949
4176,18,VISpl1,saline,M,1h,72.24314980133134
4177,19,VISpl1,morphine,F,1h,108.36472470199702
4178,20,VISpl1,morphine,F,1h,531.5031735383664
4179,21,VISpl1,morphine,F,1h,20.640899943237525
4180,22,VISpl1,morphine,M,4h,572.7849734248414
4181,23,VISpl1,morphine,M,4h,10.320449971618762
4182,24,VISpl1,saline,F,1h,1419.06187109758
4183,25,VISpl1,saline,F,4h,30.96134991485629
4184,26,VISpl1,saline,F,4h,0.0
4185,0,VISpl2/3,morphine,M,1h,6224.7136241774315
4186,1,VISpl2/3,morphine,M,4h,1194.2481111381915
4187,2,VISpl2/3,saline,M,1h,4157.933219595418
4188,3,VISpl2/3,saline,M,4h,3124.5430173044115
4189,4,VISpl2/3,morphine,F,4h,389.9585669022666
4190,5,VISpl2/3,saline,F,4h,4.874482086278333
4191,6,VISpl2/3,morphine,M,1h,58.49378503534
4192,7,VISpl2/3,morphine,M,4h,38.99585669022667
4193,8,VISpl2/3,saline,M,4h,19.497928345113333
4194,9,VISpl2/3,morphine,F,4h,136.48549841579333
4195,10,VISpl2/3,saline,F,1h,151.10894467462833
4196,11,VISpl2/3,saline,M,1h,87.74067755300999
4197,12,VISpl2/3,morphine,M,1h,277.84547891786497
4198,13,VISpl2/3,saline,M,4h,53.61930294906166
4199,14,VISpl2/3,morphine,M,1h,614.18474287107
4200,15,VISpl2/3,morphine,F,4h,1057.7626127223982
4201,16,VISpl2/3,saline,F,4h,53.61930294906166
4202,17,VISpl2/3,morphine,M,1h,297.3434072629783
4203,18,VISpl2/3,saline,M,1h,160.857908847185
4204,19,VISpl2/3,morphine,F,1h,1130.8798440165733
4205,20,VISpl2/3,morphine,F,1h,1745.0645868876431
4206,21,VISpl2/3,morphine,F,1h,541.067511576895
4207,22,VISpl2/3,morphine,M,4h,1823.0563002680965
4208,23,VISpl2/3,morphine,M,4h,121.86205215695833
4209,24,VISpl2/3,saline,F,1h,1905.922495734828
4210,25,VISpl2/3,saline,F,4h,360.7116743845966
4211,26,VISpl2/3,saline,F,4h,92.61515963928832
4212,0,VISpl4,morphine,M,1h,6768.92843495824
4213,1,VISpl4,morphine,M,4h,218.35253015994326
4214,2,VISpl4,saline,M,1h,1228.2329821496808
4215,3,VISpl4,saline,M,4h,1473.879578579617
4216,4,VISpl4,morphine,F,4h,2565.642229379333
4217,5,VISpl4,saline,F,4h,0.0
4218,6,VISpl4,morphine,M,1h,545.8813253998582
4219,7,VISpl4,morphine,M,4h,300.23472896992195
4220,8,VISpl4,saline,M,4h,54.588132539985814
4221,9,VISpl4,morphine,F,4h,409.4109940498936
4222,10,VISpl4,saline,F,1h,545.8813253998582
4223,11,VISpl4,saline,M,1h,272.9406626999291
4224,12,VISpl4,morphine,M,1h,191.05846388995033
4225,13,VISpl4,saline,M,4h,0.0
4226,14,VISpl4,morphine,M,1h,2374.5837654893826
4227,15,VISpl4,morphine,F,4h,1501.17364484961
4228,16,VISpl4,saline,F,4h,272.9406626999291
4229,17,VISpl4,morphine,M,1h,272.9406626999291
4230,18,VISpl4,saline,M,1h,81.88219880997872
4231,19,VISpl4,morphine,F,1h,1937.8787051694962
4232,20,VISpl4,morphine,F,1h,2047.054970249468
4233,21,VISpl4,morphine,F,1h,1774.1143075495388
4234,22,VISpl4,morphine,M,4h,3247.9938861291557
4235,23,VISpl4,morphine,M,4h,600.4694579398439
4236,24,VISpl4,saline,F,1h,1310.1151809596595
4237,25,VISpl4,saline,F,4h,1555.7617773895956
4238,26,VISpl4,saline,F,4h,655.0575904798297
4239,0,VISpl5,morphine,M,1h,4946.213531456436
4240,1,VISpl5,morphine,M,4h,90.6050771790521
4241,2,VISpl5,saline,M,1h,317.1177701266824
4242,3,VISpl5,saline,M,4h,712.4853796352734
4243,4,VISpl5,morphine,F,4h,1161.3923529314861
4244,5,VISpl5,saline,F,4h,16.473650396191292
4245,6,VISpl5,morphine,M,1h,1301.418381299112
4246,7,VISpl5,morphine,M,4h,448.9069732962127
4247,8,VISpl5,saline,M,4h,86.48666458000429
4248,9,VISpl5,morphine,F,4h,308.8809449285867
4249,10,VISpl5,saline,F,1h,539.5120504752648
4250,11,VISpl5,saline,M,1h,440.67014809811707
4251,12,VISpl5,morphine,M,1h,1074.9056883514818
4252,13,VISpl5,saline,M,4h,90.6050771790521
4253,14,VISpl5,morphine,M,1h,2512.231685419172
4254,15,VISpl5,morphine,F,4h,2059.2062995239116
4255,16,VISpl5,saline,F,4h,251.2231685419172
4256,17,VISpl5,morphine,M,1h,696.0117292390821
4257,18,VISpl5,saline,M,1h,177.0917417590564
4258,19,VISpl5,morphine,F,1h,3447.111345403028
4259,20,VISpl5,morphine,F,1h,3834.2421297135234
4260,21,VISpl5,morphine,F,1h,584.8145890647909
4261,22,VISpl5,morphine,M,4h,1346.720919888638
4262,23,VISpl5,morphine,M,4h,1231.405367115299
4263,24,VISpl5,saline,F,1h,753.6695056257516
4264,25,VISpl5,saline,F,4h,934.8796599838558
4265,26,VISpl5,saline,F,4h,374.7755465133519
4266,0,VISpl6a,morphine,M,1h,885.582713425434
4267,1,VISpl6a,morphine,M,4h,27.965769897645284
4268,2,VISpl6a,saline,M,1h,55.93153979529057
4269,3,VISpl6a,saline,M,4h,37.28769319686038
4270,4,VISpl6a,morphine,F,4h,298.30154557488305
4271,5,VISpl6a,saline,F,4h,37.28769319686038
4272,6,VISpl6a,morphine,M,1h,1221.1719521971775
4273,7,VISpl6a,morphine,M,4h,111.86307959058114
4274,8,VISpl6a,saline,M,4h,74.57538639372076
4275,9,VISpl6a,morphine,F,4h,65.25346309450566
4276,10,VISpl6a,saline,F,1h,661.8565542442717
4277,11,VISpl6a,saline,M,1h,167.7946193858717
4278,12,VISpl6a,morphine,M,1h,811.0073270317132
4279,13,VISpl6a,saline,M,4h,158.4726960866566
4280,14,VISpl6a,morphine,M,1h,736.4319406379925
4281,15,VISpl6a,morphine,F,4h,428.8084717638944
4282,16,VISpl6a,saline,F,4h,46.609616496075475
4283,17,VISpl6a,morphine,M,1h,1183.8842590003171
4284,18,VISpl6a,saline,M,1h,46.609616496075475
4285,19,VISpl6a,morphine,F,1h,233.04808248037736
4286,20,VISpl6a,morphine,F,1h,522.0277047560453
4287,21,VISpl6a,morphine,F,1h,214.4042358819472
4288,22,VISpl6a,morphine,M,4h,1118.6307959058113
4289,23,VISpl6a,morphine,M,4h,1901.6723530398792
4290,24,VISpl6a,saline,F,1h,522.0277047560453
4291,25,VISpl6a,saline,F,4h,121.18500288979622
4292,26,VISpl6a,saline,F,4h,223.72615918116227
4293,0,VISpl6b,morphine,M,1h,681.663258350375
4294,1,VISpl6b,morphine,M,4h,0.0
4295,2,VISpl6b,saline,M,1h,0.0
4296,3,VISpl6b,saline,M,4h,0.0
4297,4,VISpl6b,morphine,F,4h,795.2738014087709
4298,5,VISpl6b,saline,F,4h,113.61054305839583
4299,6,VISpl6b,morphine,M,1h,2613.042490343104
4300,7,VISpl6b,morphine,M,4h,1022.4948875255625
4301,8,VISpl6b,saline,M,4h,227.22108611679167
4302,9,VISpl6b,morphine,F,4h,454.44217223358334
4303,10,VISpl6b,saline,F,1h,1476.9370597591458
4304,11,VISpl6b,saline,M,1h,568.0527152919792
4305,12,VISpl6b,morphine,M,1h,454.44217223358334
4306,13,VISpl6b,saline,M,4h,113.61054305839583
4307,14,VISpl6b,morphine,M,1h,795.2738014087709
4308,15,VISpl6b,morphine,F,4h,340.8316291751875
4309,16,VISpl6b,saline,F,4h,113.61054305839583
4310,17,VISpl6b,morphine,M,1h,568.0527152919792
4311,18,VISpl6b,saline,M,1h,0.0
4312,19,VISpl6b,morphine,F,1h,454.44217223358334
4313,20,VISpl6b,morphine,F,1h,454.44217223358334
4314,21,VISpl6b,morphine,F,1h,568.0527152919792
4315,22,VISpl6b,morphine,M,4h,227.22108611679167
4316,23,VISpl6b,morphine,M,4h,568.0527152919792
4317,24,VISpl6b,saline,F,1h,681.663258350375
4318,25,VISpl6b,saline,F,4h,0.0
4319,26,VISpl6b,saline,F,4h,0.0
4320,0,VISpm,morphine,M,1h,5134.615604654622
4321,1,VISpm,morphine,M,4h,850.5249989511462
4322,2,VISpm,saline,M,1h,1882.215636692335
4323,3,VISpm,saline,M,4h,1450.2786136823918
4324,4,VISpm,morphine,F,4h,102.9783631017083
4325,5,VISpm,saline,F,4h,17.163060516951383
4326,6,VISpm,morphine,M,1h,103.93186646376115
4327,7,VISpm,morphine,M,4h,150.65353120435103
4328,8,VISpm,saline,M,4h,123.9554370668711
4329,9,VISpm,morphine,F,4h,205.00322284136374
4330,10,VISpm,saline,F,1h,661.7313332646811
4331,11,VISpm,saline,M,1h,32.41911430979705
4332,12,VISpm,morphine,M,1h,545.4039230942328
4333,13,VISpm,saline,M,4h,7.628026896422837
4334,14,VISpm,morphine,M,1h,770.4307165387065
4335,15,VISpm,morphine,F,4h,75.32676560217551
4336,16,VISpm,saline,F,4h,23.837584051321365
4337,17,VISpm,morphine,M,1h,327.0516531841291
4338,18,VISpm,saline,M,1h,66.74523534369982
4339,19,VISpm,morphine,F,1h,502.49627180185433
4340,20,VISpm,morphine,F,1h,342.30770697697477
4341,21,VISpm,morphine,F,1h,820.012891365455
4342,22,VISpm,morphine,M,4h,0.0
4343,23,VISpm,morphine,M,4h,0.9535033620528546
4344,24,VISpm,saline,F,1h,6.674523534369982
4345,25,VISpm,saline,F,4h,209.77073965162802
4346,26,VISpm,saline,F,4h,73.4197588780698
4347,0,VISpm1,morphine,M,1h,3351.6915814319436
4348,1,VISpm1,morphine,M,4h,3671.649619722004
4349,2,VISpm1,saline,M,1h,6850.2491476527675
4350,3,VISpm1,saline,M,4h,2900.6031995803833
4351,4,VISpm1,morphine,F,4h,20.980854969840024
4352,5,VISpm1,saline,F,4h,0.0
4353,6,VISpm1,morphine,M,1h,0.0
4354,7,VISpm1,morphine,M,4h,31.471282454760033
4355,8,VISpm1,saline,M,4h,152.11119853134016
4356,9,VISpm1,morphine,F,4h,15.735641227380016
4357,10,VISpm1,saline,F,1h,0.0
4358,11,VISpm1,saline,M,1h,0.0
4359,12,VISpm1,morphine,M,1h,776.2916338840809
4360,13,VISpm1,saline,M,4h,15.735641227380016
4361,14,VISpm1,morphine,M,1h,634.6708628376607
4362,15,VISpm1,morphine,F,4h,0.0
4363,16,VISpm1,saline,F,4h,36.71649619722004
4364,17,VISpm1,morphine,M,1h,0.0
4365,18,VISpm1,saline,M,1h,89.16863362182009
4366,19,VISpm1,morphine,F,1h,466.8240230789405
4367,20,VISpm1,morphine,F,1h,267.50590086546026
4368,21,VISpm1,morphine,F,1h,561.2378704432206
4369,22,VISpm1,morphine,M,4h,0.0
4370,23,VISpm1,morphine,M,4h,0.0
4371,24,VISpm1,saline,F,1h,0.0
4372,25,VISpm1,saline,F,4h,314.71282454760035
4373,26,VISpm1,saline,F,4h,236.03461841070026
4374,0,VISpm2/3,morphine,M,1h,7936.182008582987
4375,1,VISpm2/3,morphine,M,4h,557.825643552836
4376,2,VISpm2/3,saline,M,1h,2217.613601363422
4377,3,VISpm2/3,saline,M,4h,2819.9284066720056
4378,4,VISpm2/3,morphine,F,4h,112.93402599535945
4379,5,VISpm2/3,saline,F,4h,20.533459271883537
4380,6,VISpm2/3,morphine,M,1h,0.0
4381,7,VISpm2/3,morphine,M,4h,260.0904841105248
4382,8,VISpm2/3,saline,M,4h,157.42318775110712
4383,9,VISpm2/3,morphine,F,4h,99.24505314743709
4384,10,VISpm2/3,saline,F,1h,13.688972847922358
4385,11,VISpm2/3,saline,M,1h,3.4222432119805895
4386,12,VISpm2/3,morphine,M,1h,643.3817238523508
4387,13,VISpm2/3,saline,M,4h,13.688972847922358
4388,14,VISpm2/3,morphine,M,1h,1119.0735303176527
4389,15,VISpm2/3,morphine,F,4h,20.533459271883537
4390,16,VISpm2/3,saline,F,4h,13.688972847922358
4391,17,VISpm2/3,morphine,M,1h,0.0
4392,18,VISpm2/3,saline,M,1h,54.75589139168943
4393,19,VISpm2/3,morphine,F,1h,718.6710745159238
4394,20,VISpm2/3,morphine,F,1h,451.7361039814378
4395,21,VISpm2/3,morphine,F,1h,1026.6729635941767
4396,22,VISpm2/3,morphine,M,4h,0.0
4397,23,VISpm2/3,morphine,M,4h,0.0
4398,24,VISpm2/3,saline,F,1h,0.0
4399,25,VISpm2/3,saline,F,4h,273.77945695844716
4400,26,VISpm2/3,saline,F,4h,75.28935066357296
4401,0,VISpm4,morphine,M,1h,8348.68141431723
4402,1,VISpm4,morphine,M,4h,121.43536602643245
4403,2,VISpm4,saline,M,1h,20.239227671072076
4404,3,VISpm4,saline,M,4h,597.0572162966262
4405,4,VISpm4,morphine,F,4h,273.229573559473
4406,5,VISpm4,saline,F,4h,60.717683013216224
4407,6,VISpm4,morphine,M,1h,0.0
4408,7,VISpm4,morphine,M,4h,70.83729684875226
4409,8,VISpm4,saline,M,4h,141.67459369750452
4410,9,VISpm4,morphine,F,4h,192.2726628751847
4411,10,VISpm4,saline,F,1h,202.39227671072075
4412,11,VISpm4,saline,M,1h,40.47845534214415
4413,12,VISpm4,morphine,M,1h,475.62185027019376
4414,13,VISpm4,saline,M,4h,0.0
4415,14,VISpm4,morphine,M,1h,728.6121961585947
4416,15,VISpm4,morphine,F,4h,101.19613835536038
4417,16,VISpm4,saline,F,4h,10.119613835536038
4418,17,VISpm4,morphine,M,1h,30.358841506608112
4419,18,VISpm4,saline,M,1h,0.0
4420,19,VISpm4,morphine,F,1h,445.2630087635856
4421,20,VISpm4,morphine,F,1h,627.4160578032343
4422,21,VISpm4,morphine,F,1h,1548.3009168370136
4423,22,VISpm4,morphine,M,4h,0.0
4424,23,VISpm4,morphine,M,4h,0.0
4425,24,VISpm4,saline,F,1h,0.0
4426,25,VISpm4,saline,F,4h,50.59806917768019
4427,26,VISpm4,saline,F,4h,40.47845534214415
4428,0,VISpm5,morphine,M,1h,4290.888826971302
4429,1,VISpm5,morphine,M,4h,52.24296461409864
4430,2,VISpm5,saline,M,1h,34.82864307606576
4431,3,VISpm5,saline,M,4h,205.48899414878798
4432,4,VISpm5,morphine,F,4h,132.3488436890499
4433,5,VISpm5,saline,F,4h,13.931457230426304
4434,6,VISpm5,morphine,M,1h,341.32070214544444
4435,7,VISpm5,morphine,M,4h,167.17748676511565
4436,8,VISpm5,saline,M,4h,111.45165784341043
4437,9,VISpm5,morphine,F,4h,473.66954583449433
4438,10,VISpm5,saline,F,1h,1515.0459738088605
4439,11,VISpm5,saline,M,1h,69.65728615213152
4440,12,VISpm5,morphine,M,1h,588.6040679855113
4441,13,VISpm5,saline,M,4h,3.482864307606576
4442,14,VISpm5,morphine,M,1h,839.3702981331847
4443,15,VISpm5,morphine,F,4h,215.9375870716077
4444,16,VISpm5,saline,F,4h,34.82864307606576
4445,17,VISpm5,morphine,M,1h,386.59793814432993
4446,18,VISpm5,saline,M,1h,48.76010030649206
4447,19,VISpm5,morphine,F,1h,619.9498467539705
4448,20,VISpm5,morphine,F,1h,289.0777375313458
4449,21,VISpm5,morphine,F,1h,1010.030649205907
4450,22,VISpm5,morphine,M,4h,0.0
4451,23,VISpm5,morphine,M,4h,3.482864307606576
4452,24,VISpm5,saline,F,1h,10.448592922819728
4453,25,VISpm5,saline,F,4h,198.52326553357483
4454,26,VISpm5,saline,F,4h,20.897185845639456
4455,0,VISpm6a,morphine,M,1h,2151.6838406569545
4456,1,VISpm6a,morphine,M,4h,13.160145814415625
4457,2,VISpm6a,saline,M,1h,52.6405832576625
4458,3,VISpm6a,saline,M,4h,125.02138523694843
4459,4,VISpm6a,morphine,F,4h,26.32029162883125
4460,5,VISpm6a,saline,F,4h,6.580072907207812
4461,6,VISpm6a,morphine,M,1h,39.48043744324687
4462,7,VISpm6a,morphine,M,4h,131.60145814415623
4463,8,VISpm6a,saline,M,4h,39.48043744324687
4464,9,VISpm6a,morphine,F,4h,177.66196849461093
4465,10,VISpm6a,saline,F,1h,1546.3171331938358
4466,11,VISpm6a,saline,M,1h,52.6405832576625
4467,12,VISpm6a,morphine,M,1h,131.60145814415623
4468,13,VISpm6a,saline,M,4h,0.0
4469,14,VISpm6a,morphine,M,1h,282.94313500993593
4470,15,VISpm6a,morphine,F,4h,6.580072907207812
4471,16,VISpm6a,saline,F,4h,19.740218721623435
4472,17,VISpm6a,morphine,M,1h,1441.0359666785107
4473,18,VISpm6a,saline,M,1h,118.44131232974061
4474,19,VISpm6a,morphine,F,1h,39.48043744324687
4475,20,VISpm6a,morphine,F,1h,203.98226012344216
4476,21,VISpm6a,morphine,F,1h,65.80072907207811
4477,22,VISpm6a,morphine,M,4h,0.0
4478,23,VISpm6a,morphine,M,4h,0.0
4479,24,VISpm6a,saline,F,1h,19.740218721623435
4480,25,VISpm6a,saline,F,4h,118.44131232974061
4481,26,VISpm6a,saline,F,4h,0.0
4482,0,VISpm6b,morphine,M,1h,1535.9337048149735
4483,1,VISpm6b,morphine,M,4h,0.0
4484,2,VISpm6b,saline,M,1h,0.0
4485,3,VISpm6b,saline,M,4h,250.03571938848407
4486,4,VISpm6b,morphine,F,4h,71.4387769681383
4487,5,VISpm6b,saline,F,4h,35.71938848406915
4488,6,VISpm6b,morphine,M,1h,178.59694242034575
4489,7,VISpm6b,morphine,M,4h,35.71938848406915
4490,8,VISpm6b,saline,M,4h,107.15816545220746
4491,9,VISpm6b,morphine,F,4h,35.71938848406915
4492,10,VISpm6b,saline,F,1h,0.0
4493,11,VISpm6b,saline,M,1h,35.71938848406915
4494,12,VISpm6b,morphine,M,1h,0.0
4495,13,VISpm6b,saline,M,4h,0.0
4496,14,VISpm6b,morphine,M,1h,142.8775539362766
4497,15,VISpm6b,morphine,F,4h,0.0
4498,16,VISpm6b,saline,F,4h,0.0
4499,17,VISpm6b,morphine,M,1h,357.1938848406915
4500,18,VISpm6b,saline,M,1h,178.59694242034575
4501,19,VISpm6b,morphine,F,1h,0.0
4502,20,VISpm6b,morphine,F,1h,0.0
4503,21,VISpm6b,morphine,F,1h,0.0
4504,22,VISpm6b,morphine,M,4h,0.0
4505,23,VISpm6b,morphine,M,4h,0.0
4506,24,VISpm6b,saline,F,1h,35.71938848406915
4507,25,VISpm6b,saline,F,4h,0.0
4508,26,VISpm6b,saline,F,4h,0.0
4509,0,VISli,morphine,M,1h,3794.0522591579524
4510,1,VISli,morphine,M,4h,690.9361371792736
4511,2,VISli,saline,M,1h,1469.2553740606318
4512,3,VISli,saline,M,4h,1227.427726047886
4513,4,VISli,morphine,F,4h,516.1699377751044
4514,5,VISli,saline,F,4h,125.99423677974988
4515,6,VISli,morphine,M,1h,235.73115268469334
4516,7,VISli,morphine,M,4h,644.1963396642051
4517,8,VISli,saline,M,4h,197.12001560702805
4518,9,VISli,morphine,F,4h,741.7402649130437
4519,10,VISli,saline,F,1h,398.30436143275773
4520,11,VISli,saline,M,1h,205.24867604443128
4521,12,VISli,morphine,M,1h,601.5208723678381
4522,13,VISli,saline,M,4h,16.25732087480644
4523,14,VISli,morphine,M,1h,1020.1468848941039
4524,15,VISli,morphine,F,4h,256.0528037782014
4525,16,VISli,saline,F,4h,156.47671342001195
4526,17,VISli,morphine,M,1h,636.0676792268018
4527,18,VISli,saline,M,1h,16.25732087480644
4528,19,VISli,morphine,F,1h,636.0676792268018
4529,20,VISli,morphine,F,1h,743.7724300223945
4530,21,VISli,morphine,F,1h,373.9183801205481
4531,22,VISli,morphine,M,4h,1347.3254674995835
4532,23,VISli,morphine,M,4h,1215.2347353917812
4533,24,VISli,saline,F,1h,745.8045951317453
4534,25,VISli,saline,F,4h,79.25443926468138
4535,26,VISli,saline,F,4h,22.35381620285885
4536,0,VISli1,morphine,M,1h,1739.6698672996008
4537,1,VISli1,morphine,M,4h,1888.013809472435
4538,2,VISli1,saline,M,1h,0.0
4539,3,VISli1,saline,M,4h,1523.8968605027512
4540,4,VISli1,morphine,F,4h,26.971625849606216
4541,5,VISli1,saline,F,4h,0.0
4542,6,VISli1,morphine,M,1h,0.0
4543,7,VISli1,morphine,M,4h,0.0
4544,8,VISli1,saline,M,4h,0.0
4545,9,VISli1,morphine,F,4h,53.94325169921243
4546,10,VISli1,saline,F,1h,0.0
4547,11,VISli1,saline,M,1h,13.485812924803108
4548,12,VISli1,morphine,M,1h,26.971625849606216
4549,13,VISli1,saline,M,4h,0.0
4550,14,VISli1,morphine,M,1h,0.0
4551,15,VISli1,morphine,F,4h,26.971625849606216
4552,16,VISli1,saline,F,4h,0.0
4553,17,VISli1,morphine,M,1h,0.0
4554,18,VISli1,saline,M,1h,0.0
4555,19,VISli1,morphine,F,1h,67.42906462401554
4556,20,VISli1,morphine,F,1h,0.0
4557,21,VISli1,morphine,F,1h,40.457438774409326
4558,22,VISli1,morphine,M,4h,687.7764591649585
4559,23,VISli1,morphine,M,4h,0.0
4560,24,VISli1,saline,F,1h,701.2622720897616
4561,25,VISli1,saline,F,4h,13.485812924803108
4562,26,VISli1,saline,F,4h,0.0
4563,0,VISli2/3,morphine,M,1h,8537.167809504315
4564,1,VISli2/3,morphine,M,4h,1518.0977723194487
4565,2,VISli2/3,saline,M,1h,3385.869750622591
4566,3,VISli2/3,saline,M,4h,2985.0237096168935
4567,4,VISli2/3,morphine,F,4h,102.34367004400778
4568,5,VISli2/3,saline,F,4h,17.057278340667963
4569,6,VISli2/3,morphine,M,1h,8.528639170333982
4570,7,VISli2/3,morphine,M,4h,324.0882884726913
4571,8,VISli2/3,saline,M,4h,42.64319585166991
4572,9,VISli2/3,morphine,F,4h,400.84604100569715
4573,10,VISli2/3,saline,F,1h,59.70047419233787
4574,11,VISli2/3,saline,M,1h,85.28639170333982
4575,12,VISli2/3,morphine,M,1h,332.6169276430253
4576,13,VISli2/3,saline,M,4h,0.0
4577,14,VISli2/3,morphine,M,1h,1270.7672363797633
4578,15,VISli2/3,morphine,F,4h,127.92958755500973
4579,16,VISli2/3,saline,F,4h,42.64319585166991
4580,17,VISli2/3,morphine,M,1h,0.0
4581,18,VISli2/3,saline,M,1h,25.585917511001945
4582,19,VISli2/3,morphine,F,1h,716.4056903080544
4583,20,VISli2/3,morphine,F,1h,511.71835022003893
4584,21,VISli2/3,morphine,F,1h,281.4450926210214
4585,22,VISli2/3,morphine,M,4h,3027.6669054685635
4586,23,VISli2/3,morphine,M,4h,307.03101013202337
4587,24,VISli2/3,saline,F,1h,1637.4987207041245
4588,25,VISli2/3,saline,F,4h,34.11455668133593
4589,26,VISli2/3,saline,F,4h,34.11455668133593
4590,0,VISli4,morphine,M,1h,4610.870476456616
4591,1,VISli4,morphine,M,4h,104.79251082855946
4592,2,VISli4,saline,M,1h,4645.801313399469
4593,3,VISli4,saline,M,4h,1432.1643146569793
4594,4,VISli4,morphine,F,4h,454.100880257091
4595,5,VISli4,saline,F,4h,17.465418471426577
4596,6,VISli4,morphine,M,1h,0.0
4597,7,VISli4,morphine,M,4h,436.6354617856644
4598,8,VISli4,saline,M,4h,17.465418471426577
4599,9,VISli4,morphine,F,4h,1292.4409668855667
4600,10,VISli4,saline,F,1h,69.86167388570631
4601,11,VISli4,saline,M,1h,122.25792929998605
4602,12,VISli4,morphine,M,1h,523.9625541427973
4603,13,VISli4,saline,M,4h,17.465418471426577
4604,14,VISli4,morphine,M,1h,1798.9381025569373
4605,15,VISli4,morphine,F,4h,261.98127707139867
4606,16,VISli4,saline,F,4h,611.2896464999302
4607,17,VISli4,morphine,M,1h,69.86167388570631
4608,18,VISli4,saline,M,1h,17.465418471426577
4609,19,VISli4,morphine,F,1h,489.0317171999442
4610,20,VISli4,morphine,F,1h,785.9438312141959
4611,21,VISli4,morphine,F,1h,890.7363420427554
4612,22,VISli4,morphine,M,4h,1641.7493363140982
4613,23,VISli4,morphine,M,4h,1449.6297331284059
4614,24,VISli4,saline,F,1h,873.2709235713288
4615,25,VISli4,saline,F,4h,52.39625541427973
4616,26,VISli4,saline,F,4h,34.930836942853155
4617,0,VISli5,morphine,M,1h,2980.8173252402903
4618,1,VISli5,morphine,M,4h,101.38834439592824
4619,2,VISli5,saline,M,1h,385.27570870452735
4620,3,VISli5,saline,M,4h,385.27570870452735
4621,4,VISli5,morphine,F,4h,905.7358766036257
4622,5,VISli5,saline,F,4h,135.184459194571
4623,6,VISli5,morphine,M,1h,702.9591878117692
4624,7,VISli5,morphine,M,4h,905.7358766036257
4625,8,VISli5,saline,M,4h,182.49901991267086
4626,9,VISli5,morphine,F,4h,1196.3824638719534
4627,10,VISli5,saline,F,1h,1007.1242209995539
4628,11,VISli5,saline,M,1h,270.368918389142
4629,12,VISli5,morphine,M,1h,1162.5863490733107
4630,13,VISli5,saline,M,4h,6.75922295972855
4631,14,VISli5,morphine,M,1h,1426.1960445027241
4632,15,VISli5,morphine,F,4h,601.570843415841
4633,16,VISli5,saline,F,4h,229.8135806307707
4634,17,VISli5,morphine,M,1h,1595.1766184959379
4635,18,VISli5,saline,M,1h,6.75922295972855
4636,19,VISli5,morphine,F,1h,1203.141686831682
4637,20,VISli5,morphine,F,1h,1473.510605220824
4638,21,VISli5,morphine,F,1h,513.7009449393698
4639,22,VISli5,morphine,M,4h,682.6815189325836
4640,23,VISli5,morphine,M,4h,2615.819285414949
4641,24,VISli5,saline,F,1h,398.79415462398447
4642,25,VISli5,saline,F,4h,209.53591175158505
4643,26,VISli5,saline,F,4h,0.0
4644,0,VISli6a,morphine,M,1h,352.89372857430936
4645,1,VISli6a,morphine,M,4h,12.603347449082477
4646,2,VISli6a,saline,M,1h,25.206694898164955
4647,3,VISli6a,saline,M,4h,25.206694898164955
4648,4,VISli6a,morphine,F,4h,920.0443637830208
4649,5,VISli6a,saline,F,4h,289.87699132889696
4650,6,VISli6a,morphine,M,1h,88.22343214357734
4651,7,VISli6a,morphine,M,4h,1361.1615245009075
4652,8,VISli6a,saline,M,4h,743.5974994958661
4653,9,VISli6a,morphine,F,4h,289.87699132889696
4654,10,VISli6a,saline,F,1h,302.48033877797945
4655,11,VISli6a,saline,M,1h,378.1004234724743
4656,12,VISli6a,morphine,M,1h,529.3405928614641
4657,13,VISli6a,saline,M,4h,75.62008469449486
4658,14,VISli6a,morphine,M,1h,302.48033877797945
4659,15,VISli6a,morphine,F,4h,50.41338979632991
4660,16,VISli6a,saline,F,4h,25.206694898164955
4661,17,VISli6a,morphine,M,1h,869.6309739866908
4662,18,VISli6a,saline,M,1h,25.206694898164955
4663,19,VISli6a,morphine,F,1h,163.8435168380722
4664,20,VISli6a,morphine,F,1h,390.7037709215568
4665,21,VISli6a,morphine,F,1h,239.46360153256705
4666,22,VISli6a,morphine,M,4h,768.8041943940311
4667,23,VISli6a,morphine,M,4h,1134.301270417423
4668,24,VISli6a,saline,F,1h,151.24016938898973
4669,25,VISli6a,saline,F,4h,0.0
4670,26,VISli6a,saline,F,4h,63.016737245412386
4671,0,VISli6b,morphine,M,1h,247.89291026276652
4672,1,VISli6b,morphine,M,4h,0.0
4673,2,VISli6b,saline,M,1h,61.97322756569163
4674,3,VISli6b,saline,M,4h,0.0
4675,4,VISli6b,morphine,F,4h,433.8125929598414
4676,5,VISli6b,saline,F,4h,991.5716410510661
4677,6,VISli6b,morphine,M,1h,247.89291026276652
4678,7,VISli6b,morphine,M,4h,743.6787307882996
4679,8,VISli6b,saline,M,4h,309.86613782845814
4680,9,VISli6b,morphine,F,4h,2478.929102627665
4681,10,VISli6b,saline,F,1h,743.6787307882996
4682,11,VISli6b,saline,M,1h,805.6519583539912
4683,12,VISli6b,morphine,M,1h,681.705503222608
4684,13,VISli6b,saline,M,4h,0.0
4685,14,VISli6b,morphine,M,1h,929.5984134853744
4686,15,VISli6b,morphine,F,4h,61.97322756569163
4687,16,VISli6b,saline,F,4h,61.97322756569163
4688,17,VISli6b,morphine,M,1h,247.89291026276652
4689,18,VISli6b,saline,M,1h,61.97322756569163
4690,19,VISli6b,morphine,F,1h,309.86613782845814
4691,20,VISli6b,morphine,F,1h,743.6787307882996
4692,21,VISli6b,morphine,F,1h,123.94645513138326
4693,22,VISli6b,morphine,M,4h,61.97322756569163
4694,23,VISli6b,morphine,M,4h,123.94645513138326
4695,24,VISli6b,saline,F,1h,123.94645513138326
4696,25,VISli6b,saline,F,4h,0.0
4697,26,VISli6b,saline,F,4h,0.0
4698,0,VISpor,morphine,M,1h,3956.6314515550484
4699,1,VISpor,morphine,M,4h,1016.8402469112699
4700,2,VISpor,saline,M,1h,2080.467621747905
4701,3,VISpor,saline,M,4h,1831.7160582780468
4702,4,VISpor,morphine,F,4h,1236.7397481604862
4703,5,VISpor,saline,F,4h,134.90288551813626
4704,6,VISpor,morphine,M,1h,758.7312578563386
4705,7,VISpor,morphine,M,4h,725.2004828431602
4706,8,VISpor,saline,M,4h,322.8311826850197
4707,9,VISpor,morphine,F,4h,643.3230089737712
4708,10,VISpor,saline,F,1h,438.2394315675872
4709,11,VISpor,saline,M,1h,361.8204559561574
4710,12,VISpor,morphine,M,1h,627.7272996653161
4711,13,VISpor,saline,M,4h,84.99661573108007
4712,14,VISpor,morphine,M,1h,1586.0836366698795
4713,15,VISpor,morphine,F,4h,740.0164066861926
4714,16,VISpor,saline,F,4h,234.71542509224864
4715,17,VISpor,morphine,M,1h,307.23547337656464
4716,18,VISpor,saline,M,1h,24.173349428105343
4717,19,VISpor,morphine,F,1h,1069.865658560017
4718,20,VISpor,morphine,F,1h,1189.952620235121
4719,21,VISpor,morphine,F,1h,717.4026281889327
4720,22,VISpor,morphine,M,4h,1902.6765356315173
4721,23,VISpor,morphine,M,4h,1489.3902389574582
4722,24,VISpor,saline,F,1h,572.3625316203007
4723,25,VISpor,saline,F,4h,350.90345944023886
4724,26,VISpor,saline,F,4h,127.10503086390874
4725,0,VISpor1,morphine,M,1h,1189.6941244331929
4726,1,VISpor1,morphine,M,4h,2086.9718479114263
4727,2,VISpor1,saline,M,1h,448.6388617391165
4728,3,VISpor1,saline,M,4h,1586.2588325775907
4729,4,VISpor1,morphine,F,4h,40.057041226706836
4730,5,VISpor1,saline,F,4h,0.0
4731,6,VISpor1,morphine,M,1h,8.011408245341366
4732,7,VISpor1,morphine,M,4h,0.0
4733,8,VISpor1,saline,M,4h,0.0
4734,9,VISpor1,morphine,F,4h,0.0
4735,10,VISpor1,saline,F,1h,8.011408245341366
4736,11,VISpor1,saline,M,1h,12.01711236801205
4737,12,VISpor1,morphine,M,1h,12.01711236801205
4738,13,VISpor1,saline,M,4h,0.0
4739,14,VISpor1,morphine,M,1h,100.14260306676708
4740,15,VISpor1,morphine,F,4h,8.011408245341366
4741,16,VISpor1,saline,F,4h,20.028520613353418
4742,17,VISpor1,morphine,M,1h,0.0
4743,18,VISpor1,saline,M,1h,24.0342247360241
4744,19,VISpor1,morphine,F,1h,28.039928858694783
4745,20,VISpor1,morphine,F,1h,0.0
4746,21,VISpor1,morphine,F,1h,12.01711236801205
4747,22,VISpor1,morphine,M,4h,512.7301277018474
4748,23,VISpor1,morphine,M,4h,4.005704122670683
4749,24,VISpor1,saline,F,1h,480.684494720482
4750,25,VISpor1,saline,F,4h,8.011408245341366
4751,26,VISpor1,saline,F,4h,0.0
4752,0,VISpor2/3,morphine,M,1h,5946.969291818639
4753,1,VISpor2/3,morphine,M,4h,1911.9078433679529
4754,2,VISpor2/3,saline,M,1h,5195.576139390115
4755,3,VISpor2/3,saline,M,4h,3740.9217802402322
4756,4,VISpor2/3,morphine,F,4h,751.3931524285241
4757,5,VISpor2/3,saline,F,4h,8.021990951194208
4758,6,VISpor2/3,morphine,M,1h,80.21990951194208
4759,7,VISpor2/3,morphine,M,4h,123.00386125164452
4760,8,VISpor2/3,saline,M,4h,2.6739969837314024
4761,9,VISpor2/3,morphine,F,4h,90.91589744686769
4762,10,VISpor2/3,saline,F,1h,37.43595777223963
4763,11,VISpor2/3,saline,M,1h,85.56790347940488
4764,12,VISpor2/3,morphine,M,1h,347.61960788508236
4765,13,VISpor2/3,saline,M,4h,0.0
4766,14,VISpor2/3,morphine,M,1h,1307.584525044656
4767,15,VISpor2/3,morphine,F,4h,454.57948723433844
4768,16,VISpor2/3,saline,F,4h,235.31173456836342
4769,17,VISpor2/3,morphine,M,1h,24.065972853582622
4770,18,VISpor2/3,saline,M,1h,18.717978886119816
4771,19,VISpor2/3,morphine,F,1h,751.3931524285241
4772,20,VISpor2/3,morphine,F,1h,893.1149925662885
4773,21,VISpor2/3,morphine,F,1h,684.543227835239
4774,22,VISpor2/3,morphine,M,4h,3412.0201512412696
4775,23,VISpor2/3,morphine,M,4h,454.57948723433844
4776,24,VISpor2/3,saline,F,1h,1032.1628357203215
4777,25,VISpor2/3,saline,F,4h,211.2457617147808
4778,26,VISpor2/3,saline,F,4h,136.37384617030153
4779,0,VISpor4,morphine,M,1h,5706.557593350047
4780,1,VISpor4,morphine,M,4h,148.43646919118618
4781,2,VISpor4,saline,M,1h,3842.8552579495977
4782,3,VISpor4,saline,M,4h,1517.3505739543475
4783,4,VISpor4,morphine,F,4h,1533.8435149755906
4784,5,VISpor4,saline,F,4h,0.0
4785,6,VISpor4,morphine,M,1h,379.3376434885869
4786,7,VISpor4,morphine,M,4h,1484.3646919118617
4787,8,VISpor4,saline,M,4h,98.95764612745745
4788,9,VISpor4,morphine,F,4h,1599.815279060562
4789,10,VISpor4,saline,F,1h,82.46470510621454
4790,11,VISpor4,saline,M,1h,181.422351233672
4791,12,VISpor4,morphine,M,1h,379.3376434885869
4792,13,VISpor4,saline,M,4h,0.0
4793,14,VISpor4,morphine,M,1h,2358.490566037736
4794,15,VISpor4,morphine,F,4h,511.2811716585302
4795,16,VISpor4,saline,F,4h,478.29528961604433
4796,17,VISpor4,morphine,M,1h,98.95764612745745
4797,18,VISpor4,saline,M,1h,16.49294102124291
4798,19,VISpor4,morphine,F,1h,445.30940757355853
4799,20,VISpor4,morphine,F,1h,626.7317588072306
4800,21,VISpor4,morphine,F,1h,2111.0964507190924
4801,22,VISpor4,morphine,M,4h,2655.3635044201083
4802,23,VISpor4,morphine,M,4h,2193.5611558253067
4803,24,VISpor4,saline,F,1h,379.3376434885869
4804,25,VISpor4,saline,F,4h,280.3799973611294
4805,26,VISpor4,saline,F,4h,65.97176408497164
4806,0,VISpor5,morphine,M,1h,5228.887134964483
4807,1,VISpor5,morphine,M,4h,127.21721430648446
4808,2,VISpor5,saline,M,1h,968.4085905371164
4809,3,VISpor5,saline,M,4h,1160.5325468367053
4810,4,VISpor5,morphine,F,4h,2077.015743779338
4811,5,VISpor5,saline,F,4h,220.68292277655468
4812,6,VISpor5,morphine,M,1h,1729.115606696299
4813,7,VISpor5,morphine,M,4h,1466.8923690441575
4814,8,VISpor5,saline,M,4h,553.0054417812488
4815,9,VISpor5,morphine,F,4h,1391.6005483321564
4816,10,VISpor5,saline,F,1h,913.8869272629088
4817,11,VISpor5,saline,M,1h,669.8375773688365
4818,12,VISpor5,morphine,M,1h,1152.7437377975327
4819,13,VISpor5,saline,M,4h,85.67689943089769
4820,14,VISpor5,morphine,M,1h,2653.3876126781042
4821,15,VISpor5,morphine,F,4h,1739.5006854151957
4822,16,VISpor5,saline,F,4h,384.24791259917754
4823,17,VISpor5,morphine,M,1h,591.9494869771114
4824,18,VISpor5,saline,M,1h,15.577618078345036
4825,19,VISpor5,morphine,F,1h,2292.5061271964446
4826,20,VISpor5,morphine,F,1h,2422.3196111826533
4827,21,VISpor5,morphine,F,1h,1144.9549287583602
4828,22,VISpor5,morphine,M,4h,1770.6559215718858
4829,23,VISpor5,morphine,M,4h,3302.4550326091476
4830,24,VISpor5,saline,F,1h,495.887508827317
4831,25,VISpor5,saline,F,4h,848.9801852698045
4832,26,VISpor5,saline,F,4h,212.89411373738216
4833,0,VISpor6a,morphine,M,1h,826.5746524503223
4834,1,VISpor6a,morphine,M,4h,55.47480888928337
4835,2,VISpor6a,saline,M,1h,38.832366222498365
4836,3,VISpor6a,saline,M,4h,66.56977066714005
4837,4,VISpor6a,morphine,F,4h,1908.3334257913482
4838,5,VISpor6a,saline,F,4h,316.2064106689152
4839,6,VISpor6a,morphine,M,1h,1098.4012160078107
4840,7,VISpor6a,morphine,M,4h,698.9825920049706
4841,8,VISpor6a,saline,M,4h,726.7199964496122
4842,9,VISpor6a,morphine,F,4h,637.9603022267588
4843,10,VISpor6a,saline,F,1h,821.027171561394
4844,11,VISpor6a,saline,M,1h,732.2674773385405
4845,12,VISpor6a,morphine,M,1h,865.4070186728206
4846,13,VISpor6a,saline,M,4h,349.4912960024853
4847,14,VISpor6a,morphine,M,1h,1492.2723591217227
4848,15,VISpor6a,morphine,F,4h,277.37404444641686
4849,16,VISpor6a,saline,F,4h,110.94961777856675
4850,17,VISpor6a,morphine,M,1h,654.6027448935438
4851,18,VISpor6a,saline,M,1h,33.284885333570024
4852,19,VISpor6a,morphine,F,1h,743.3624391163972
4853,20,VISpor6a,morphine,F,1h,920.881827562104
4854,21,VISpor6a,morphine,F,1h,460.440913781052
4855,22,VISpor6a,morphine,M,4h,981.9041173403157
4856,23,VISpor6a,morphine,M,4h,1841.763655124208
4857,24,VISpor6a,saline,F,1h,61.022289778211714
4858,25,VISpor6a,saline,F,4h,116.49709866749508
4859,26,VISpor6a,saline,F,4h,144.23450311213676
4860,0,VISpor6b,morphine,M,1h,1344.4967304284057
4861,1,VISpor6b,morphine,M,4h,0.0
4862,2,VISpor6b,saline,M,1h,0.0
4863,3,VISpor6b,saline,M,4h,91.67023162011857
4864,4,VISpor6b,morphine,F,4h,1772.2911446556257
4865,5,VISpor6b,saline,F,4h,855.58882845444
4866,6,VISpor6b,morphine,M,1h,1650.0641691621342
4867,7,VISpor6b,morphine,M,4h,3147.3446189574042
4868,8,VISpor6b,saline,M,4h,1925.07486402249
4869,9,VISpor6b,morphine,F,4h,1313.9399865550329
4870,10,VISpor6b,saline,F,1h,1252.8264988082872
4871,11,VISpor6b,saline,M,1h,855.58882845444
4872,12,VISpor6b,morphine,M,1h,1497.28044979527
4873,13,VISpor6b,saline,M,4h,397.23767035384714
4874,14,VISpor6b,morphine,M,1h,2627.8799731100657
4875,15,VISpor6b,morphine,F,4h,794.4753407076943
4876,16,VISpor6b,saline,F,4h,336.12418260710143
4877,17,VISpor6b,morphine,M,1h,1008.3725478213042
4878,18,VISpor6b,saline,M,1h,152.7837193668643
4879,19,VISpor6b,morphine,F,1h,1222.2697549349143
4880,20,VISpor6b,morphine,F,1h,1680.620913035507
4881,21,VISpor6b,morphine,F,1h,275.01069486035567
4882,22,VISpor6b,morphine,M,4h,488.9079019739657
4883,23,VISpor6b,morphine,M,4h,61.11348774674571
4884,24,VISpor6b,saline,F,1h,91.67023162011857
4885,25,VISpor6b,saline,F,4h,122.22697549349142
4886,26,VISpor6b,saline,F,4h,0.0
4887,0,ACA,morphine,M,1h,1067.71612722483
4888,1,ACA,morphine,M,4h,354.1604465959622
4889,2,ACA,saline,M,1h,596.9462777231636
4890,3,ACA,saline,M,4h,382.31999280848515
4891,4,ACA,morphine,F,4h,522.5761941362439
4892,5,ACA,saline,F,4h,39.17065082126595
4893,6,ACA,morphine,M,1h,833.0532421204717
4894,7,ACA,morphine,M,4h,222.3882111142841
4895,8,ACA,saline,M,4h,91.15750536746224
4896,9,ACA,morphine,F,4h,488.6403307519213
4897,10,ACA,saline,F,1h,720.234547358761
4898,11,ACA,saline,M,1h,186.28622879053668
4899,12,ACA,morphine,M,1h,242.24430139234516
4900,13,ACA,saline,M,4h,38.08759135155353
4901,14,ACA,morphine,M,1h,591.5309803746014
4902,15,ACA,morphine,F,4h,182.13450082330573
4903,16,ACA,saline,F,4h,28.52056603576046
4904,17,ACA,morphine,M,1h,468.06220082738525
4905,18,ACA,saline,M,1h,8.12294602284317
4906,19,ACA,morphine,F,1h,648.0305827112662
4907,20,ACA,morphine,F,1h,383.58356218981635
4908,21,ACA,morphine,F,1h,208.84996774287882
4909,22,ACA,morphine,M,4h,888.8308048106614
4910,23,ACA,morphine,M,4h,1991.204835066289
4911,24,ACA,saline,F,1h,240.61971218777654
4912,25,ACA,saline,F,4h,135.56294362567155
4913,26,ACA,saline,F,4h,38.99014090964721
4914,0,ACAd,morphine,M,1h,1632.5310554543207
4915,1,ACAd,morphine,M,4h,528.5287356762326
4916,2,ACAd,saline,M,1h,991.5901657248955
4917,3,ACAd,saline,M,4h,548.0092510093143
4918,4,ACAd,morphine,F,4h,581.5412855990451
4919,5,ACAd,saline,F,4h,30.977212906703663
4920,6,ACAd,morphine,M,1h,748.8821058373205
4921,7,ACAd,morphine,M,4h,205.66314548368206
4922,8,ACAd,saline,M,4h,101.55416190032747
4923,9,ACAd,morphine,F,4h,526.9319721243406
4924,10,ACAd,saline,F,1h,683.0954474993725
4925,11,ACAd,saline,M,1h,260.5918116687648
4926,12,ACAd,morphine,M,1h,245.2628815706022
4927,13,ACAd,saline,M,4h,8.622523180216483
4928,14,ACAd,morphine,M,1h,531.7222627800164
4929,15,ACAd,morphine,F,4h,128.69914228249047
4930,16,ACAd,saline,F,4h,21.077278884973627
4931,17,ACAd,morphine,M,1h,447.73249995050037
4932,18,ACAd,saline,M,1h,8.941875890594872
4933,19,ACAd,morphine,F,1h,681.1793312371021
4934,20,ACAd,morphine,F,1h,314.24306701233405
4935,21,ACAd,morphine,F,1h,305.62054383211756
4936,22,ACAd,morphine,M,4h,817.2235858582956
4937,23,ACAd,morphine,M,4h,2055.6733967056853
4938,24,ACAd,saline,F,1h,412.28434909849926
4939,25,ACAd,saline,F,4h,131.89266938627435
4940,26,ACAd,saline,F,4h,13.412813835892308
4941,0,ACAd1,morphine,M,1h,1615.9008606033797
4942,1,ACAd1,morphine,M,4h,1914.652705107171
4943,2,ACAd1,saline,M,1h,1686.8750557064902
4944,3,ACAd1,saline,M,4h,1460.7479689826262
4945,4,ACAd1,morphine,F,4h,110.5876993467073
4946,5,ACAd1,saline,F,4h,66.02250707266107
4947,6,ACAd1,morphine,M,1h,29.71012818269748
4948,7,ACAd1,morphine,M,4h,61.07081904221149
4949,8,ACAd1,saline,M,4h,72.62475777992718
4950,9,ACAd1,morphine,F,4h,54.46856833494538
4951,10,ACAd1,saline,F,1h,31.36069085951401
4952,11,ACAd1,saline,M,1h,16.505626768165268
4953,12,ACAd1,morphine,M,1h,0.0
4954,13,ACAd1,saline,M,4h,13.204501414532213
4955,14,ACAd1,morphine,M,1h,518.2766805203894
4956,15,ACAd1,morphine,F,4h,36.31237888996359
4957,16,ACAd1,saline,F,4h,11.553938737715686
4958,17,ACAd1,morphine,M,1h,9.903376060899161
4959,18,ACAd1,saline,M,1h,11.553938737715686
4960,19,ACAd1,morphine,F,1h,41.26406692041317
4961,20,ACAd1,morphine,F,1h,168.35739303528572
4962,21,ACAd1,morphine,F,1h,94.08207257854203
4963,22,ACAd1,morphine,M,4h,120.49107540760646
4964,23,ACAd1,morphine,M,4h,288.84846844289217
4965,24,ACAd1,saline,F,1h,224.47652404704763
4966,25,ACAd1,saline,F,4h,33.011253536330535
4967,26,ACAd1,saline,F,4h,34.66181621314706
4968,0,ACAd2/3,morphine,M,1h,2919.012301551842
4969,1,ACAd2/3,morphine,M,4h,678.4552401566073
4970,2,ACAd2/3,saline,M,1h,2525.177308485324
4971,3,ACAd2/3,saline,M,4h,939.9087229486657
4972,4,ACAd2/3,morphine,F,4h,279.6559404547967
4973,5,ACAd2/3,saline,F,4h,23.166764298030493
4974,6,ACAd2/3,morphine,M,1h,173.7507322352287
4975,7,ACAd2/3,morphine,M,4h,87.70275055682973
4976,8,ACAd2/3,saline,M,4h,110.86951485486021
4977,9,ACAd2/3,morphine,F,4h,325.9894690508577
4978,10,ACAd2/3,saline,F,1h,97.63136382741422
4979,11,ACAd2/3,saline,M,1h,148.92919905876747
4980,12,ACAd2/3,morphine,M,1h,21.511995419599742
4981,13,ACAd2/3,saline,M,4h,16.547688784307496
4982,14,ACAd2/3,morphine,M,1h,642.0503248311309
4983,15,ACAd2/3,morphine,F,4h,86.04798167839897
4984,16,ACAd2/3,saline,F,4h,13.238151027445996
4985,17,ACAd2/3,morphine,M,1h,3.309537756861499
4986,18,ACAd2/3,saline,M,1h,11.583382149015247
4987,19,ACAd2/3,morphine,F,1h,325.9894690508577
4988,20,ACAd2/3,morphine,F,1h,264.76302054891994
4989,21,ACAd2/3,morphine,F,1h,291.2393226038119
4990,22,ACAd2/3,morphine,M,4h,471.6091303527636
4991,23,ACAd2/3,morphine,M,4h,1125.2428373329096
4992,24,ACAd2/3,saline,F,1h,699.967235576207
4993,25,ACAd2/3,saline,F,4h,97.63136382741422
4994,26,ACAd2/3,saline,F,4h,8.273844392153748
4995,0,ACAd5,morphine,M,1h,1804.5597492154634
4996,1,ACAd5,morphine,M,4h,63.46438729309357
4997,2,ACAd5,saline,M,1h,417.5288637703525
4998,3,ACAd5,saline,M,4h,201.2489123373099
4999,4,ACAd5,morphine,F,4h,673.0565283978082
5000,5,ACAd5,saline,F,4h,30.06207819146538
5001,6,ACAd5,morphine,M,1h,701.4484911341921
5002,7,ACAd5,morphine,M,4h,291.435146911706
5003,8,ACAd5,saline,M,4h,136.9494673166756
5004,9,ACAd5,morphine,F,4h,727.335280687954
5005,10,ACAd5,saline,F,1h,640.4892770237207
5006,11,ACAd5,saline,M,1h,147.80521777470477
5007,12,ACAd5,morphine,M,1h,220.4552400707461
5008,13,ACAd5,saline,M,4h,6.68046182032564
5009,14,ACAd5,morphine,M,1h,449.26105741689923
5010,15,ACAd5,morphine,F,4h,205.4242009750134
5011,16,ACAd5,saline,F,4h,3.34023091016282
5012,17,ACAd5,morphine,M,1h,520.2409642578591
5013,18,ACAd5,saline,M,1h,5.845404092784935
5014,19,ACAd5,morphine,F,1h,922.7387889324789
5015,20,ACAd5,morphine,F,1h,379.95126603102074
5016,21,ACAd5,morphine,F,1h,284.7546850913804
5017,22,ACAd5,morphine,M,4h,707.293895226977
5018,23,ACAd5,morphine,M,4h,2879.2790445603505
5019,24,ACAd5,saline,F,1h,548.6329269942431
5020,25,ACAd5,saline,F,4h,252.1874337172929
5021,26,ACAd5,saline,F,4h,11.69080818556987
5022,0,ACAd6a,morphine,M,1h,294.7370830757961
5023,1,ACAd6a,morphine,M,4h,12.876862852826042
5024,2,ACAd6a,saline,M,1h,81.55346473456494
5025,3,ACAd6a,saline,M,4h,31.476775862463658
5026,4,ACAd6a,morphine,F,4h,1111.7024929606482
5027,5,ACAd6a,saline,F,4h,10.015337774420255
5028,6,ACAd6a,morphine,M,1h,1945.8370533159352
5029,7,ACAd6a,morphine,M,4h,293.3063205365932
5030,8,ACAd6a,saline,M,4h,61.52278918572443
5031,9,ACAd6a,morphine,F,4h,782.6271089439828
5032,10,ACAd6a,saline,F,1h,1838.5298628757182
5033,11,ACAd6a,saline,M,1h,771.1810086303597
5034,12,ACAd6a,morphine,M,1h,696.7813565918092
5035,13,ACAd6a,saline,M,4h,1.4307625392028935
5036,14,ACAd6a,morphine,M,1h,605.212554082824
5037,15,ACAd6a,morphine,F,4h,118.75329075384016
5038,16,ACAd6a,saline,F,4h,64.38431426413021
5039,17,ACAd6a,morphine,M,1h,1094.5333424902135
5040,18,ACAd6a,saline,M,1h,10.015337774420255
5041,19,ACAd6a,morphine,F,1h,1147.4715564407206
5042,20,ACAd6a,morphine,F,1h,380.5828354279697
5043,21,ACAd6a,morphine,F,1h,547.9820525147082
5044,22,ACAd6a,morphine,M,4h,1912.9295149142688
5045,23,ACAd6a,morphine,M,4h,3000.309044708468
5046,24,ACAd6a,saline,F,1h,107.30719044021701
5047,25,ACAd6a,saline,F,4h,45.78440125449259
5048,26,ACAd6a,saline,F,4h,2.861525078405787
5049,0,ACAd6b,morphine,M,1h,80.9192425958893
5050,1,ACAd6b,morphine,M,4h,0.0
5051,2,ACAd6b,saline,M,1h,0.0
5052,3,ACAd6b,saline,M,4h,0.0
5053,4,ACAd6b,morphine,F,4h,80.9192425958893
5054,5,ACAd6b,saline,F,4h,0.0
5055,6,ACAd6b,morphine,M,1h,890.1116685547823
5056,7,ACAd6b,morphine,M,4h,0.0
5057,8,ACAd6b,saline,M,4h,0.0
5058,9,ACAd6b,morphine,F,4h,80.9192425958893
5059,10,ACAd6b,saline,F,1h,364.1365916815019
5060,11,ACAd6b,saline,M,1h,0.0
5061,12,ACAd6b,morphine,M,1h,161.8384851917786
5062,13,ACAd6b,saline,M,4h,0.0
5063,14,ACAd6b,morphine,M,1h,80.9192425958893
5064,15,ACAd6b,morphine,F,4h,0.0
5065,16,ACAd6b,saline,F,4h,80.9192425958893
5066,17,ACAd6b,morphine,M,1h,242.75772778766793
5067,18,ACAd6b,saline,M,1h,0.0
5068,19,ACAd6b,morphine,F,1h,161.8384851917786
5069,20,ACAd6b,morphine,F,1h,40.45962129794465
5070,21,ACAd6b,morphine,F,1h,0.0
5071,22,ACAd6b,morphine,M,4h,687.8135620650592
5072,23,ACAd6b,morphine,M,4h,1497.005988023952
5073,24,ACAd6b,saline,F,1h,0.0
5074,25,ACAd6b,saline,F,4h,0.0
5075,26,ACAd6b,saline,F,4h,0.0
5076,0,ACAv,morphine,M,1h,333.3986567729335
5077,1,ACAv,morphine,M,4h,127.4637454910219
5078,2,ACAv,saline,M,1h,83.86865338497206
5079,3,ACAv,saline,M,4h,166.90692406316222
5080,4,ACAv,morphine,F,4h,445.9155135418812
5081,5,ACAv,saline,F,4h,49.8229624069141
5082,6,ACAv,morphine,M,1h,942.4843721974584
5083,7,ACAv,morphine,M,4h,244.1325157938791
5084,8,ACAv,saline,M,4h,77.64078308410781
5085,9,ACAv,morphine,F,4h,438.857260534235
5086,10,ACAv,saline,F,1h,768.51919512665
5087,11,ACAv,saline,M,1h,89.68133233244538
5088,12,ACAv,morphine,M,1h,238.31983684640576
5089,13,ACAv,saline,M,4h,76.39520902393495
5090,14,ACAv,morphine,M,1h,669.2884616662127
5091,15,ACAv,morphine,F,4h,251.6059601549162
5092,16,ACAv,saline,F,4h,38.19760451196748
5093,17,ACAv,morphine,M,1h,494.49290188862244
5094,18,ACAv,saline,M,1h,7.058253007646164
5095,19,ACAv,morphine,F,1h,604.9338018906153
5096,20,ACAv,morphine,F,1h,473.7333342190749
5097,21,ACAv,morphine,F,1h,83.03827067819016
5098,22,ACAv,morphine,M,4h,981.9275507695987
5099,23,ACAv,morphine,M,4h,1907.3890774780282
5100,24,ACAv,saline,F,1h,17.438036842419933
5101,25,ACAv,saline,F,4h,140.33467744614137
5102,26,ACAv,saline,F,4h,72.24329549002545
5103,0,ACAv1,morphine,M,1h,631.4821010371362
5104,1,ACAv1,morphine,M,4h,447.47407159585146
5105,2,ACAv1,saline,M,1h,196.55403144864502
5106,3,ACAv1,saline,M,4h,424.4730679156909
5107,4,ACAv1,morphine,F,4h,161.0070257611241
5108,5,ACAv1,saline,F,4h,73.18501170960188
5109,6,ACAv1,morphine,M,1h,140.09702241552358
5110,7,ACAv1,morphine,M,4h,409.8360655737705
5111,8,ACAv1,saline,M,4h,43.91100702576112
5112,9,ACAv1,morphine,F,4h,372.19805955168954
5113,10,ACAv1,saline,F,1h,186.09902977584477
5114,11,ACAv1,saline,M,1h,39.729006356641015
5115,12,ACAv1,morphine,M,1h,4.182000669120107
5116,13,ACAv1,saline,M,4h,39.729006356641015
5117,14,ACAv1,morphine,M,1h,1072.6831716293075
5118,15,ACAv1,morphine,F,4h,106.64101706256272
5119,16,ACAv1,saline,F,4h,71.09401137504182
5120,17,ACAv1,morphine,M,1h,29.27400468384075
5121,18,ACAv1,saline,M,1h,12.546002007360322
5122,19,ACAv1,morphine,F,1h,192.37203077952492
5123,20,ACAv1,morphine,F,1h,238.3740381398461
5124,21,ACAv1,morphine,F,1h,16.72800267648043
5125,22,ACAv1,morphine,M,4h,710.9401137504182
5126,23,ACAv1,morphine,M,4h,807.1261291401806
5127,24,ACAv1,saline,F,1h,8.364001338240215
5128,25,ACAv1,saline,F,4h,447.47407159585146
5129,26,ACAv1,saline,F,4h,319.9230511876882
5130,0,ACAv2/3,morphine,M,1h,362.35202299939874
5131,1,ACAv2/3,morphine,M,4h,129.41143678549955
5132,2,ACAv2/3,saline,M,1h,67.69213616472284
5133,3,ACAv2/3,saline,M,4h,276.7413802028375
5134,4,ACAv2/3,morphine,F,4h,418.09848807622933
5135,5,ACAv2/3,saline,F,4h,37.82795844499218
5136,6,ACAv2/3,morphine,M,1h,736.6497170866897
5137,7,ACAv2/3,morphine,M,4h,155.29372414259944
5138,8,ACAv2/3,saline,M,4h,115.4748205162919
5139,9,ACAv2/3,morphine,F,4h,342.44257118624495
5140,10,ACAv2/3,saline,F,1h,666.9666357406516
5141,11,ACAv2/3,saline,M,1h,137.37521751076105
5142,12,ACAv2/3,morphine,M,1h,5.972835543946133
5143,13,ACAv2/3,saline,M,4h,145.33899823602258
5144,14,ACAv2/3,morphine,M,1h,883.9796605040277
5145,15,ACAv2/3,morphine,F,4h,49.77362953288444
5146,16,ACAv2/3,saline,F,4h,9.954725906576888
5147,17,ACAv2/3,morphine,M,1h,47.78268435156907
5148,18,ACAv2/3,saline,M,1h,1.9909451813153776
5149,19,ACAv2/3,morphine,F,1h,545.5189796804135
5150,20,ACAv2/3,morphine,F,1h,754.5682237185281
5151,21,ACAv2/3,morphine,F,1h,167.23939523049174
5152,22,ACAv2/3,morphine,M,4h,1308.050984124203
5153,23,ACAv2/3,morphine,M,4h,2034.745975304316
5154,24,ACAv2/3,saline,F,1h,37.82795844499218
5155,25,ACAv2/3,saline,F,4h,97.5563138844535
5156,26,ACAv2/3,saline,F,4h,17.918506631838397
5157,0,ACAv5,morphine,M,1h,303.22374720714976
5158,1,ACAv5,morphine,M,4h,24.936163421640604
5159,2,ACAv5,saline,M,1h,53.862112990743704
5160,3,ACAv5,saline,M,4h,52.86466645387808
5161,4,ACAv5,morphine,F,4h,627.3938716884776
5162,5,ACAv5,saline,F,4h,59.84679221193745
5163,6,ACAv5,morphine,M,1h,1248.8030641557614
5164,7,ACAv5,morphine,M,4h,286.2671560804341
5165,8,ACAv5,saline,M,4h,100.74210022342804
5166,9,ACAv5,morphine,F,4h,617.4194063198213
5167,10,ACAv5,saline,F,1h,1039.3392914139804
5168,11,ACAv5,saline,M,1h,112.71145866581553
5169,12,ACAv5,morphine,M,1h,196.49696776252796
5170,13,ACAv5,saline,M,4h,87.77529524417493
5171,14,ACAv5,morphine,M,1h,416.9326524098309
5172,15,ACAv5,morphine,F,4h,353.09607405043096
5173,16,ACAv5,saline,F,4h,10.971911905521866
5174,17,ACAv5,morphine,M,1h,646.3453558889245
5175,18,ACAv5,saline,M,1h,7.979572294924993
5176,19,ACAv5,morphine,F,1h,792.9699968081711
5177,20,ACAv5,morphine,F,1h,574.5292052345994
5178,21,ACAv5,morphine,F,1h,78.79827641238431
5179,22,ACAv5,morphine,M,4h,986.4746249601022
5180,23,ACAv5,morphine,M,4h,2309.08873284392
5181,24,ACAv5,saline,F,1h,18.95148420044686
5182,25,ACAv5,saline,F,4h,61.841685285668696
5183,26,ACAv5,saline,F,4h,10.971911905521866
5184,0,ACAv6a,morphine,M,1h,41.27773864036633
5185,1,ACAv6a,morphine,M,4h,5.503698485382177
5186,2,ACAv6a,saline,M,1h,52.285135611130684
5187,3,ACAv6a,saline,M,4h,16.51109545614653
5188,4,ACAv6a,morphine,F,4h,410.0255371609722
5189,5,ACAv6a,saline,F,4h,16.51109545614653
5190,6,ACAv6a,morphine,M,1h,1414.4505107432194
5191,7,ACAv6a,morphine,M,4h,74.29992955265939
5192,8,ACAv6a,saline,M,4h,19.262944698837618
5193,9,ACAv6a,morphine,F,4h,242.16273335681578
5194,10,ACAv6a,saline,F,1h,1042.9508629799225
5195,11,ACAv6a,saline,M,1h,38.525889397675236
5196,12,ACAv6a,morphine,M,1h,919.1176470588235
5197,13,ACAv6a,saline,M,4h,11.007396970764354
5198,14,ACAv6a,morphine,M,1h,613.6623811201127
5199,15,ACAv6a,morphine,F,4h,473.31806974286724
5200,16,ACAv6a,saline,F,4h,101.81842197957027
5201,17,ACAv6a,morphine,M,1h,1276.858048608665
5202,18,ACAv6a,saline,M,1h,5.503698485382177
5203,19,ACAv6a,morphine,F,1h,778.773335681578
5204,20,ACAv6a,morphine,F,1h,189.8775977456851
5205,21,ACAv6a,morphine,F,1h,77.05177879535047
5206,22,ACAv6a,morphine,M,4h,935.6287425149701
5207,23,ACAv6a,morphine,M,4h,2344.575554772807
5208,24,ACAv6a,saline,F,1h,0.0
5209,25,ACAv6a,saline,F,4h,30.270341669601972
5210,26,ACAv6a,saline,F,4h,0.0
5211,0,ACAv6b,morphine,M,1h,0.0
5212,1,ACAv6b,morphine,M,4h,16.112919338725792
5213,2,ACAv6b,saline,M,1h,16.112919338725792
5214,3,ACAv6b,saline,M,4h,16.112919338725792
5215,4,ACAv6b,morphine,F,4h,145.01627404853213
5216,5,ACAv6b,saline,F,4h,0.0
5217,6,ACAv6b,morphine,M,1h,1079.565595694628
5218,7,ACAv6b,morphine,M,4h,0.0
5219,8,ACAv6b,saline,M,4h,0.0
5220,9,ACAv6b,morphine,F,4h,0.0
5221,10,ACAv6b,saline,F,1h,96.67751603235475
5222,11,ACAv6b,saline,M,1h,16.112919338725792
5223,12,ACAv6b,morphine,M,1h,612.29093487158
5224,13,ACAv6b,saline,M,4h,0.0
5225,14,ACAv6b,morphine,M,1h,225.58087074216107
5226,15,ACAv6b,morphine,F,4h,64.45167735490317
5227,16,ACAv6b,saline,F,4h,80.56459669362896
5228,17,ACAv6b,morphine,M,1h,660.6296928877574
5229,18,ACAv6b,saline,M,1h,0.0
5230,19,ACAv6b,morphine,F,1h,209.46795140343528
5231,20,ACAv6b,morphine,F,1h,48.33875801617737
5232,21,ACAv6b,morphine,F,1h,16.112919338725792
5233,22,ACAv6b,morphine,M,4h,628.4038542103058
5234,23,ACAv6b,morphine,M,4h,306.14546743579
5235,24,ACAv6b,saline,F,1h,0.0
5236,25,ACAv6b,saline,F,4h,32.225838677451584
5237,26,ACAv6b,saline,F,4h,16.112919338725792
5238,0,PL,morphine,M,1h,1456.1910522660573
5239,1,PL,morphine,M,4h,285.0151717683138
5240,2,PL,saline,M,1h,436.85731567981725
5241,3,PL,saline,M,4h,432.29375397755894
5242,4,PL,morphine,F,4h,1264.9363300168686
5243,5,PL,saline,F,4h,88.78201857120692
5244,6,PL,morphine,M,1h,2102.9722062497563
5245,7,PL,morphine,M,4h,1007.7173977077646
5246,8,PL,saline,M,4h,255.97432457212463
5247,9,PL,morphine,F,4h,1331.7302785681038
5248,10,PL,saline,F,1h,1075.755953995979
5249,11,PL,saline,M,1h,343.0968661606922
5250,12,PL,morphine,M,1h,367.1592824089632
5251,13,PL,saline,M,4h,13.690685106774898
5252,14,PL,morphine,M,1h,243.52824720232925
5253,15,PL,morphine,F,4h,477.92937100014194
5254,16,PL,saline,F,4h,38.99770909202547
5255,17,PL,morphine,M,1h,448.4736545582929
5256,18,PL,saline,M,1h,1.6594769826393816
5257,19,PL,morphine,F,1h,1045.8853683084703
5258,20,PL,morphine,F,1h,536.4259346381801
5259,21,PL,morphine,F,1h,440.5911388907558
5260,22,PL,morphine,M,4h,2315.800129273257
5261,23,PL,morphine,M,4h,1445.4044518789015
5262,24,PL,saline,F,1h,429.38966925794
5263,25,PL,saline,F,4h,609.4429218743129
5264,26,PL,saline,F,4h,157.23544410508143
5265,0,PL1,morphine,M,1h,990.7718857500658
5266,1,PL1,morphine,M,4h,658.6055887933964
5267,2,PL1,saline,M,1h,713.9666382861745
5268,3,PL1,saline,M,4h,538.3384812746023
5269,4,PL1,morphine,F,4h,139.35712458526936
5270,5,PL1,saline,F,4h,22.908020479770308
5271,6,PL1,morphine,M,1h,162.2651450650397
5272,7,PL1,morphine,M,4h,595.608532474028
5273,8,PL1,saline,M,4h,91.63208191908123
5274,9,PL1,morphine,F,4h,391.34534986274275
5275,10,PL1,saline,F,1h,68.72406143931093
5276,11,PL1,saline,M,1h,28.635025599712886
5277,12,PL1,morphine,M,1h,0.0
5278,13,PL1,saline,M,4h,17.181015359827732
5279,14,PL1,morphine,M,1h,30.54402730636041
5280,15,PL1,morphine,F,4h,91.63208191908123
5281,16,PL1,saline,F,4h,36.27103242630299
5282,17,PL1,morphine,M,1h,0.0
5283,18,PL1,saline,M,1h,1.9090017066475256
5284,19,PL1,morphine,F,1h,20.99901877312278
5285,20,PL1,morphine,F,1h,61.08805461272082
5286,21,PL1,morphine,F,1h,7.636006826590102
5287,22,PL1,morphine,M,4h,658.6055887933964
5288,23,PL1,morphine,M,4h,377.9823379162101
5289,24,PL1,saline,F,1h,83.99607509249113
5290,25,PL1,saline,F,4h,471.52342154193883
5291,26,PL1,saline,F,4h,208.0811860245803
5292,0,PL2/3,morphine,M,1h,2455.8867581819304
5293,1,PL2/3,morphine,M,4h,546.8092491595779
5294,2,PL2/3,saline,M,1h,877.2722301734099
5295,3,PL2/3,saline,M,4h,734.6263390883025
5296,4,PL2/3,morphine,F,4h,565.828701304259
5297,5,PL2/3,saline,F,4h,40.41633580744707
5298,6,PL2/3,morphine,M,1h,1464.4978151404348
5299,7,PL2/3,morphine,M,4h,703.719729353196
5300,8,PL2/3,saline,M,4h,290.0466452063848
5301,9,PL2/3,morphine,F,4h,813.0815791851115
5302,10,PL2/3,saline,F,1h,311.44352886915095
5303,11,PL2/3,saline,M,1h,164.04277474787338
5304,12,PL2/3,morphine,M,1h,2.3774315180851215
5305,13,PL2/3,saline,M,4h,26.151746698936336
5306,14,PL2/3,morphine,M,1h,259.1400354712782
5307,15,PL2/3,morphine,F,4h,95.09726072340486
5308,16,PL2/3,saline,F,4h,16.64202062659585
5309,17,PL2/3,morphine,M,1h,2.3774315180851215
5310,18,PL2/3,saline,M,1h,2.3774315180851215
5311,19,PL2/3,morphine,F,1h,106.98441831383047
5312,20,PL2/3,morphine,F,1h,494.5057557617053
5313,21,PL2/3,morphine,F,1h,192.57195296489485
5314,22,PL2/3,morphine,M,4h,2301.3537095063975
5315,23,PL2/3,morphine,M,4h,732.2489075702174
5316,24,PL2/3,saline,F,1h,280.53691913404435
5317,25,PL2/3,saline,F,4h,553.9415437138333
5318,26,PL2/3,saline,F,4h,133.1361650127668
5319,0,PL5,morphine,M,1h,1796.9488625109502
5320,1,PL5,morphine,M,4h,110.26731656317195
5321,2,PL5,saline,M,1h,225.63960148575
5322,3,PL5,saline,M,4h,441.0692662526878
5323,4,PL5,morphine,F,4h,2088.9530526689796
5324,5,PL5,saline,F,4h,141.91812039148982
5325,6,PL5,morphine,M,1h,3312.1034715826836
5326,7,PL5,morphine,M,4h,1499.8397039935148
5327,8,PL5,saline,M,4h,399.2085257055577
5328,9,PL5,morphine,F,4h,2093.0370273565045
5329,10,PL5,saline,F,1h,1707.1014193854028
5330,11,PL5,saline,M,1h,420.6493928150634
5331,12,PL5,morphine,M,1h,309.3610825800102
5332,13,PL5,saline,M,4h,12.25192406257466
5333,14,PL5,morphine,M,1h,353.26381047090274
5334,15,PL5,morphine,F,4h,770.8502222703224
5335,16,PL5,saline,F,4h,1.0209936718812218
5336,17,PL5,morphine,M,1h,653.4359500039819
5337,18,PL5,saline,M,1h,2.0419873437624436
5338,19,PL5,morphine,F,1h,1573.3512483689628
5339,20,PL5,morphine,F,1h,873.9705831303258
5340,21,PL5,morphine,F,1h,674.8768171134876
5341,22,PL5,morphine,M,4h,3306.998503223277
5342,23,PL5,morphine,M,4h,1637.6738496974797
5343,24,PL5,saline,F,1h,739.1994184420046
5344,25,PL5,saline,F,4h,916.8523173493371
5345,26,PL5,saline,F,4h,210.3246964075317
5346,0,PL6a,morphine,M,1h,425.68195108527397
5347,1,PL6a,morphine,M,4h,8.59963537546008
5348,2,PL6a,saline,M,1h,187.04206941625677
5349,3,PL6a,saline,M,4h,40.84826803343538
5350,4,PL6a,morphine,F,4h,1487.736919954594
5351,5,PL6a,saline,F,4h,98.89580681779093
5352,6,PL6a,morphine,M,1h,2405.7479962849575
5353,7,PL6a,morphine,M,4h,756.7679130404871
5354,8,PL6a,saline,M,4h,120.39489525644113
5355,9,PL6a,morphine,F,4h,1317.8941212892573
5356,10,PL6a,saline,F,1h,1618.8813594303601
5357,11,PL6a,saline,M,1h,711.6198273193216
5358,12,PL6a,morphine,M,1h,1229.7478586907914
5359,13,PL6a,saline,M,4h,2.14990884386502
5360,14,PL6a,morphine,M,1h,238.63988166901723
5361,15,PL6a,morphine,F,4h,651.4223796911011
5362,16,PL6a,saline,F,4h,135.44425716349627
5363,17,PL6a,morphine,M,1h,939.5101647690138
5364,18,PL6a,saline,M,1h,0.0
5365,19,PL6a,morphine,F,1h,1982.2159540435487
5366,20,PL6a,morphine,F,1h,423.532042241409
5367,21,PL6a,morphine,F,1h,679.3711946613464
5368,22,PL6a,morphine,M,4h,2214.406109180971
5369,23,PL6a,morphine,M,4h,2784.1319528052013
5370,24,PL6a,saline,F,1h,320.336417735888
5371,25,PL6a,saline,F,4h,193.4917959478518
5372,26,PL6a,saline,F,4h,17.19927075092016
5373,0,PL6b,morphine,M,1h,0.0
5374,1,PL6b,morphine,M,4h,0.0
5375,2,PL6b,saline,M,1h,93.5979034069637
5376,3,PL6b,saline,M,4h,0.0
5377,4,PL6b,morphine,F,4h,0.0
5378,5,PL6b,saline,F,4h,0.0
5379,6,PL6b,morphine,M,1h,233.99475851740922
5380,7,PL6b,morphine,M,4h,0.0
5381,8,PL6b,saline,M,4h,0.0
5382,9,PL6b,morphine,F,4h,0.0
5383,10,PL6b,saline,F,1h,46.79895170348185
5384,11,PL6b,saline,M,1h,0.0
5385,12,PL6b,morphine,M,1h,421.19056533133664
5386,13,PL6b,saline,M,4h,0.0
5387,14,PL6b,morphine,M,1h,233.99475851740922
5388,15,PL6b,morphine,F,4h,280.79371022089106
5389,16,PL6b,saline,F,4h,187.1958068139274
5390,17,PL6b,morphine,M,1h,140.39685511044553
5391,18,PL6b,saline,M,1h,0.0
5392,19,PL6b,morphine,F,1h,93.5979034069637
5393,20,PL6b,morphine,F,1h,0.0
5394,21,PL6b,morphine,F,1h,0.0
5395,22,PL6b,morphine,M,4h,0.0
5396,23,PL6b,morphine,M,4h,3697.117184575066
5397,24,PL6b,saline,F,1h,0.0
5398,25,PL6b,saline,F,4h,46.79895170348185
5399,26,PL6b,saline,F,4h,0.0
5400,0,ILA,morphine,M,1h,1243.6013748309294
5401,1,ILA,morphine,M,4h,121.99137295960546
5402,2,ILA,saline,M,1h,240.42959913397968
5403,3,ILA,saline,M,4h,711.8137393079891
5404,4,ILA,morphine,F,4h,1833.423741179313
5405,5,ILA,saline,F,4h,677.4666537174206
5406,6,ILA,morphine,M,1h,1674.7165181056516
5407,7,ILA,morphine,M,4h,2117.675483997811
5408,8,ILA,saline,M,4h,1184.3822617437422
5409,9,ILA,morphine,F,4h,1328.8768976764788
5410,10,ILA,saline,F,1h,1521.9312063407087
5411,11,ILA,saline,M,1h,400.3212044693849
5412,12,ILA,morphine,M,1h,489.14987410016556
5413,13,ILA,saline,M,4h,7.106293570462454
5414,14,ILA,morphine,M,1h,405.05873351635984
5415,15,ILA,morphine,F,4h,994.8810998647435
5416,16,ILA,saline,F,4h,10.65944035569368
5417,17,ILA,morphine,M,1h,233.32330556351724
5418,18,ILA,saline,M,1h,21.31888071138736
5419,19,ILA,morphine,F,1h,1011.4624515291559
5420,20,ILA,morphine,F,1h,882.364784999088
5421,21,ILA,morphine,F,1h,292.54241865070435
5422,22,ILA,morphine,M,4h,1466.265240038753
5423,23,ILA,morphine,M,4h,1428.3650076629533
5424,24,ILA,saline,F,1h,234.50768782526097
5425,25,ILA,saline,F,4h,742.6076781133264
5426,26,ILA,saline,F,4h,271.223537939317
5427,0,ILA1,morphine,M,1h,152.06410493745537
5428,1,ILA1,morphine,M,4h,92.56075952714674
5429,2,ILA1,saline,M,1h,191.73300187766114
5430,3,ILA1,saline,M,4h,403.30045222542515
5431,4,ILA1,morphine,F,4h,99.17224235051438
5432,5,ILA1,saline,F,4h,112.39520799724963
5433,6,ILA1,morphine,M,1h,132.2296564673525
5434,7,ILA1,morphine,M,4h,555.3645571628805
5435,8,ILA1,saline,M,4h,158.675587760823
5436,9,ILA1,morphine,F,4h,396.6889694020575
5437,10,ILA1,saline,F,1h,330.57414116838123
5438,11,ILA1,saline,M,1h,72.72631105704387
5439,12,ILA1,morphine,M,1h,0.0
5440,13,ILA1,saline,M,4h,0.0
5441,14,ILA1,morphine,M,1h,0.0
5442,15,ILA1,morphine,F,4h,0.0
5443,16,ILA1,saline,F,4h,0.0
5444,17,ILA1,morphine,M,1h,436.35786634226326
5445,18,ILA1,saline,M,1h,39.66889694020575
5446,19,ILA1,morphine,F,1h,105.783725173882
5447,20,ILA1,morphine,F,1h,66.11482823367625
5448,21,ILA1,morphine,F,1h,0.0
5449,22,ILA1,morphine,M,4h,409.91193504879277
5450,23,ILA1,morphine,M,4h,244.62486446460213
5451,24,ILA1,saline,F,1h,317.351175521646
5452,25,ILA1,saline,F,4h,654.5367995133948
5453,26,ILA1,saline,F,4h,383.4660037553223
5454,0,ILA2/3,morphine,M,1h,1667.1869235789893
5455,1,ILA2/3,morphine,M,4h,241.2100229858963
5456,2,ILA2/3,saline,M,1h,454.04239620874597
5457,3,ILA2/3,saline,M,4h,1191.8612900479582
5458,4,ILA2/3,morphine,F,4h,1120.9171656403416
5459,5,ILA2/3,saline,F,4h,496.6088708533159
5460,6,ILA2/3,morphine,M,1h,1312.4663015409064
5461,7,ILA2/3,morphine,M,4h,2014.8131331763104
5462,8,ILA2/3,saline,M,4h,872.6127302136837
5463,9,ILA2/3,morphine,F,4h,964.8400919435852
5464,10,ILA2/3,saline,F,1h,702.346831635404
5465,11,ILA2/3,saline,M,1h,141.8882488152331
5466,12,ILA2/3,morphine,M,1h,0.0
5467,13,ILA2/3,saline,M,4h,7.094412440761656
5468,14,ILA2/3,morphine,M,1h,35.47206220380828
5469,15,ILA2/3,morphine,F,4h,0.0
5470,16,ILA2/3,saline,F,4h,0.0
5471,17,ILA2/3,morphine,M,1h,92.22736172990153
5472,18,ILA2/3,saline,M,1h,14.188824881523312
5473,19,ILA2/3,morphine,F,1h,191.54913590056472
5474,20,ILA2/3,morphine,F,1h,844.235080450637
5475,21,ILA2/3,morphine,F,1h,113.51059905218649
5476,22,ILA2/3,morphine,M,4h,1780.6975226311756
5477,23,ILA2/3,morphine,M,4h,496.6088708533159
5478,24,ILA2/3,saline,F,1h,305.0597349527512
5479,25,ILA2/3,saline,F,4h,830.0462555691138
5480,26,ILA2/3,saline,F,4h,312.15414739351286
5481,0,ILA5,morphine,M,1h,2082.0320632937746
5482,1,ILA5,morphine,M,4h,151.69090746854644
5483,2,ILA5,saline,M,1h,267.6898367091996
5484,3,ILA5,saline,M,4h,996.4010588620207
5485,4,ILA5,morphine,F,4h,3497.8138663335412
5486,5,ILA5,saline,F,4h,1302.7572053181048
5487,6,ILA5,morphine,M,1h,2831.5636060795337
5488,7,ILA5,morphine,M,4h,3765.503703042741
5489,8,ILA5,saline,M,4h,1894.649177597335
5490,9,ILA5,morphine,F,4h,2305.1069272181076
5491,10,ILA5,saline,F,1h,1939.2641503822015
5492,11,ILA5,saline,M,1h,648.4042711400613
5493,12,ILA5,morphine,M,1h,220.10053240534188
5494,13,ILA5,saline,M,4h,5.948663037982214
5495,14,ILA5,morphine,M,1h,916.0941078492608
5496,15,ILA5,morphine,F,4h,945.8374230391719
5497,16,ILA5,saline,F,4h,14.871657594955533
5498,17,ILA5,morphine,M,1h,107.07593468367985
5499,18,ILA5,saline,M,1h,29.743315189911065
5500,19,ILA5,morphine,F,1h,1778.6502483566817
5501,20,ILA5,morphine,F,1h,1612.08768329318
5502,21,ILA5,morphine,F,1h,588.9176407602391
5503,22,ILA5,morphine,M,4h,2406.2341988638054
5504,23,ILA5,morphine,M,4h,1701.3176288629131
5505,24,ILA5,saline,F,1h,282.56149430415513
5506,25,ILA5,saline,F,4h,1136.1946402546027
5507,26,ILA5,saline,F,4h,374.76577139287946
5508,0,ILA6a,morphine,M,1h,448.61417230685214
5509,1,ILA6a,morphine,M,4h,19.504964013341397
5510,2,ILA6a,saline,M,1h,73.14361505003023
5511,3,ILA6a,saline,M,4h,180.42091712340792
5512,4,ILA6a,morphine,F,4h,965.4957186603991
5513,5,ILA6a,saline,F,4h,229.1833271567614
5514,6,ILA6a,morphine,M,1h,1238.5652148471788
5515,7,ILA6a,morphine,M,4h,750.9411145136438
5516,8,ILA6a,saline,M,4h,1043.5155747137649
5517,9,ILA6a,morphine,F,4h,736.3123915036377
5518,10,ILA6a,saline,F,1h,2335.7194405976325
5519,11,ILA6a,saline,M,1h,429.10920829351073
5520,12,ILA6a,morphine,M,1h,1579.9020850806533
5521,13,ILA6a,saline,M,4h,14.628723010006048
5522,14,ILA6a,morphine,M,1h,131.65850709005443
5523,15,ILA6a,morphine,F,4h,2501.5116347110343
5524,16,ILA6a,saline,F,4h,19.504964013341397
5525,17,ILA6a,morphine,M,1h,370.59431625348657
5526,18,ILA6a,saline,M,1h,0.0
5527,19,ILA6a,morphine,F,1h,1038.6393337104294
5528,20,ILA6a,morphine,F,1h,360.84183424681584
5529,21,ILA6a,morphine,F,1h,160.91595311006654
5530,22,ILA6a,morphine,M,4h,565.6439563869005
5531,23,ILA6a,morphine,M,4h,2379.6056096276507
5532,24,ILA6a,saline,F,1h,58.51489204002419
5533,25,ILA6a,saline,F,4h,141.41098909672513
5534,26,ILA6a,saline,F,4h,4.876241003335349
5535,0,ILA6b,morphine,M,1h,0.0
5536,1,ILA6b,morphine,M,4h,0.0
5537,2,ILA6b,saline,M,1h,461.76579239009976
5538,3,ILA6b,saline,M,4h,0.0
5539,4,ILA6b,morphine,F,4h,92.35315847801995
5540,5,ILA6b,saline,F,4h,0.0
5541,6,ILA6b,morphine,M,1h,277.0594754340599
5542,7,ILA6b,morphine,M,4h,0.0
5543,8,ILA6b,saline,M,4h,184.7063169560399
5544,9,ILA6b,morphine,F,4h,0.0
5545,10,ILA6b,saline,F,1h,461.76579239009976
5546,11,ILA6b,saline,M,1h,92.35315847801995
5547,12,ILA6b,morphine,M,1h,1385.2973771702993
5548,13,ILA6b,saline,M,4h,0.0
5549,14,ILA6b,morphine,M,1h,184.7063169560399
5550,15,ILA6b,morphine,F,4h,831.1784263021796
5551,16,ILA6b,saline,F,4h,0.0
5552,17,ILA6b,morphine,M,1h,554.1189508681198
5553,18,ILA6b,saline,M,1h,0.0
5554,19,ILA6b,morphine,F,1h,0.0
5555,20,ILA6b,morphine,F,1h,0.0
5556,21,ILA6b,morphine,F,1h,0.0
5557,22,ILA6b,morphine,M,4h,0.0
5558,23,ILA6b,morphine,M,4h,3601.7731806427782
5559,24,ILA6b,saline,F,1h,0.0
5560,25,ILA6b,saline,F,4h,0.0
5561,26,ILA6b,saline,F,4h,0.0
5562,0,ORB,morphine,M,1h,2179.605303271525
5563,1,ORB,morphine,M,4h,863.272067042891
5564,2,ORB,saline,M,1h,2416.3826918777563
5565,3,ORB,saline,M,4h,695.088986294688
5566,4,ORB,morphine,F,4h,292.66904686092124
5567,5,ORB,saline,F,4h,105.68604469977711
5568,6,ORB,morphine,M,1h,774.5228884808986
5569,7,ORB,morphine,M,4h,330.09952102542564
5570,8,ORB,saline,M,4h,115.50942705969229
5571,9,ORB,morphine,F,4h,213.4045133360884
5572,10,ORB,saline,F,1h,448.3188466671635
5573,11,ORB,saline,M,1h,258.79531458535166
5574,12,ORB,morphine,M,1h,200.7018637327498
5575,13,ORB,saline,M,4h,28.284566450100606
5576,14,ORB,morphine,M,1h,452.21432587885397
5577,15,ORB,morphine,F,4h,174.28035255780551
5578,16,ORB,saline,F,4h,2.540529920667719
5579,17,ORB,morphine,M,1h,43.35837731272907
5580,18,ORB,saline,M,1h,62.666404709803736
5581,19,ORB,morphine,F,1h,473.21603988970713
5582,20,ORB,morphine,F,1h,163.77949555237896
5583,21,ORB,morphine,F,1h,190.03163806594537
5584,22,ORB,morphine,M,4h,999.2751021293028
5585,23,ORB,morphine,M,4h,339.9229033853408
5586,24,ORB,saline,F,1h,558.069739240009
5587,25,ORB,saline,F,4h,194.09648593901375
5588,26,ORB,saline,F,4h,52.16554770437716
5589,0,ORBl,morphine,M,1h,1621.2606171860225
5590,1,ORBl,morphine,M,4h,652.4630112121004
5591,2,ORBl,saline,M,1h,2391.020349514905
5592,3,ORBl,saline,M,4h,645.4985183957914
5593,4,ORBl,morphine,F,4h,205.6358142078586
5594,5,ORBl,saline,F,4h,34.45591182805474
5595,6,ORBl,morphine,M,1h,736.7700295147876
5596,7,ORBl,morphine,M,4h,131.22570674939996
5597,8,ORBl,saline,M,4h,90.90495886550612
5598,9,ORBl,morphine,F,4h,133.42502027033962
5599,10,ORBl,saline,F,1h,416.7699122180664
5600,11,ORBl,saline,M,1h,354.4560291247759
5601,12,ORBl,morphine,M,1h,142.95537886107817
5602,13,ORBl,saline,M,4h,33.356255067584904
5603,14,ORBl,morphine,M,1h,376.81571658766245
5604,15,ORBl,morphine,F,4h,23.825896476846363
5605,16,ORBl,saline,F,4h,1.0996567604698322
5606,17,ORBl,morphine,M,1h,48.01834520718267
5607,18,ORBl,saline,M,1h,43.2531659118134
5608,19,ORBl,morphine,F,1h,254.7538161755111
5609,20,ORBl,morphine,F,1h,73.67700295147876
5610,21,ORBl,morphine,F,1h,55.34939027698155
5611,22,ORBl,morphine,M,4h,514.6393638998815
5612,23,ORBl,morphine,M,4h,460.75618263685965
5613,24,ORBl,saline,F,1h,547.2625144604865
5614,25,ORBl,saline,F,4h,46.918688446712835
5615,26,ORBl,saline,F,4h,38.12143436295418
5616,0,ORBl1,morphine,M,1h,1337.1761609725693
5617,1,ORBl1,morphine,M,4h,2173.5771859633796
5618,2,ORBl1,saline,M,1h,1829.9602043588748
5619,3,ORBl1,saline,M,4h,1435.7329696498305
5620,4,ORBl1,morphine,F,4h,66.59243829544668
5621,5,ORBl1,saline,F,4h,23.973277786360804
5622,6,ORBl1,morphine,M,1h,170.4766420363435
5623,7,ORBl1,morphine,M,4h,258.3786605863331
5624,8,ORBl1,saline,M,4h,61.26504323181094
5625,9,ORBl1,morphine,F,4h,226.41429020451872
5626,10,ORBl1,saline,F,1h,554.0490866181163
5627,11,ORBl1,saline,M,1h,354.2717717317763
5628,12,ORBl1,morphine,M,1h,34.62806791363227
5629,13,ORBl1,saline,M,4h,93.22941361362535
5630,14,ORBl1,morphine,M,1h,378.24504951813714
5631,15,ORBl1,morphine,F,4h,37.29176544545014
5632,16,ORBl1,saline,F,4h,0.0
5633,17,ORBl1,morphine,M,1h,15.982185190907202
5634,18,ORBl1,saline,M,1h,5.327395063635734
5635,19,ORBl1,morphine,F,1h,277.0245433090582
5636,20,ORBl1,morphine,F,1h,13.318487659089335
5637,21,ORBl1,morphine,F,1h,47.94655557272161
5638,22,ORBl1,morphine,M,4h,245.06017292724377
5639,23,ORBl1,morphine,M,4h,47.94655557272161
5640,24,ORBl1,saline,F,1h,887.0112780953498
5641,25,ORBl1,saline,F,4h,53.27395063635734
5642,26,ORBl1,saline,F,4h,181.13143216361496
5643,0,ORBl2/3,morphine,M,1h,2237.6478618389283
5644,1,ORBl2/3,morphine,M,4h,1076.9686471728367
5645,2,ORBl2/3,saline,M,1h,4988.827858876862
5646,3,ORBl2/3,saline,M,4h,1073.7490099615577
5647,4,ORBl2/3,morphine,F,4h,252.74152108540412
5648,5,ORBl2/3,saline,F,4h,45.074920957906464
5649,6,ORBl2/3,morphine,M,1h,887.0100517073737
5650,7,ORBl2/3,morphine,M,4h,169.03095359214925
5651,8,ORBl2/3,saline,M,4h,172.25059080342828
5652,9,ORBl2/3,morphine,F,4h,107.85784657784761
5653,10,ORBl2/3,saline,F,1h,622.9998003824929
5654,11,ORBl2/3,saline,M,1h,402.45465140987915
5655,12,ORBl2/3,morphine,M,1h,169.03095359214925
5656,13,ORBl2/3,saline,M,4h,46.68473956354598
5657,14,ORBl2/3,morphine,M,1h,468.45721424109934
5658,15,ORBl2/3,morphine,F,4h,45.074920957906464
5659,16,ORBl2/3,saline,F,4h,0.0
5660,17,ORBl2/3,morphine,M,1h,28.9767349015113
5661,18,ORBl2/3,saline,M,1h,33.806190718429846
5662,19,ORBl2/3,morphine,F,1h,349.3306374237751
5663,20,ORBl2/3,morphine,F,1h,54.733832591743564
5664,21,ORBl2/3,morphine,F,1h,94.97929773273148
5665,22,ORBl2/3,morphine,M,4h,727.6380097490616
5666,23,ORBl2/3,morphine,M,4h,239.86297224028797
5667,24,ORBl2/3,saline,F,1h,782.3718423408051
5668,25,ORBl2/3,saline,F,4h,41.855283746627435
5669,26,ORBl2/3,saline,F,4h,27.366916295871782
5670,0,ORBl5,morphine,M,1h,1931.388080576417
5671,1,ORBl5,morphine,M,4h,237.79853244334265
5672,2,ORBl5,saline,M,1h,2214.7577603521077
5673,3,ORBl5,saline,M,4h,425.8830859786694
5674,4,ORBl5,morphine,F,4h,240.28423138874342
5675,5,ORBl5,saline,F,4h,33.14265260534392
5676,6,ORBl5,morphine,M,1h,879.9374266718811
5677,7,ORBl5,morphine,M,4h,105.22792202196695
5678,8,ORBl5,saline,M,4h,84.513764143627
5679,9,ORBl5,morphine,F,4h,140.02770725757807
5680,10,ORBl5,saline,F,1h,410.140325991131
5681,11,ORBl5,saline,M,1h,435.8258817602726
5682,12,ORBl5,morphine,M,1h,202.17018089259793
5683,13,ORBl5,saline,M,4h,20.71415787833995
5684,14,ORBl5,morphine,M,1h,358.76921445284796
5685,15,ORBl5,morphine,F,4h,13.257061042137568
5686,16,ORBl5,saline,F,4h,0.828566315133598
5687,17,ORBl5,morphine,M,1h,40.5997494415463
5688,18,ORBl5,saline,M,1h,70.42813678635584
5689,19,ORBl5,morphine,F,1h,294.1410418724273
5690,20,ORBl5,morphine,F,1h,119.31354937923813
5691,21,ORBl5,morphine,F,1h,54.68537679881747
5692,22,ORBl5,morphine,M,4h,633.8532310772025
5693,23,ORBl5,morphine,M,4h,491.33982487422367
5694,24,ORBl5,saline,F,1h,468.1399680504829
5695,25,ORBl5,saline,F,4h,59.65677468961906
5696,26,ORBl5,saline,F,4h,15.742759987538363
5697,0,ORBl6a,morphine,M,1h,403.42705040758614
5698,1,ORBl6a,morphine,M,4h,16.636167027116954
5699,2,ORBl6a,saline,M,1h,131.00981533854602
5700,3,ORBl6a,saline,M,4h,83.18083513558477
5701,4,ORBl6a,morphine,F,4h,168.44119114955916
5702,5,ORBl6a,saline,F,4h,22.874729662285812
5703,6,ORBl6a,morphine,M,1h,657.1285975711196
5704,7,ORBl6a,morphine,M,4h,51.98802195974048
5705,8,ORBl6a,saline,M,4h,33.27233405423391
5706,9,ORBl6a,morphine,F,4h,87.339876892364
5707,10,ORBl6a,saline,F,1h,97.7374812843121
5708,11,ORBl6a,saline,M,1h,114.37364831142905
5709,12,ORBl6a,morphine,M,1h,56.14706371651972
5710,13,ORBl6a,saline,M,4h,4.159041756779239
5711,14,ORBl6a,morphine,M,1h,286.9738812177674
5712,15,ORBl6a,morphine,F,4h,12.477125270337714
5713,16,ORBl6a,saline,F,4h,2.0795208783896193
5714,17,ORBl6a,morphine,M,1h,83.18083513558477
5715,18,ORBl6a,saline,M,1h,20.795208783896193
5716,19,ORBl6a,morphine,F,1h,35.351854932623525
5717,20,ORBl6a,morphine,F,1h,35.351854932623525
5718,21,ORBl6a,morphine,F,1h,14.556646148727333
5719,22,ORBl6a,morphine,M,4h,197.5544834470138
5720,23,ORBl6a,morphine,M,4h,871.3192480452504
5721,24,ORBl6a,saline,F,1h,226.66777574446849
5722,25,ORBl6a,saline,F,4h,20.795208783896193
5723,26,ORBl6a,saline,F,4h,0.0
5724,0,ORBl6b,morphine,M,1h,137.19303059404584
5725,1,ORBl6b,morphine,M,4h,0.0
5726,2,ORBl6b,saline,M,1h,22.86550509900764
5727,3,ORBl6b,saline,M,4h,22.86550509900764
5728,4,ORBl6b,morphine,F,4h,182.9240407920611
5729,5,ORBl6b,saline,F,4h,137.19303059404584
5730,6,ORBl6b,morphine,M,1h,388.71358668312985
5731,7,ORBl6b,morphine,M,4h,91.46202039603055
5732,8,ORBl6b,saline,M,4h,0.0
5733,9,ORBl6b,morphine,F,4h,22.86550509900764
5734,10,ORBl6b,saline,F,1h,0.0
5735,11,ORBl6b,saline,M,1h,68.59651529702292
5736,12,ORBl6b,morphine,M,1h,22.86550509900764
5737,13,ORBl6b,saline,M,4h,0.0
5738,14,ORBl6b,morphine,M,1h,548.7721223761833
5739,15,ORBl6b,morphine,F,4h,22.86550509900764
5740,16,ORBl6b,saline,F,4h,22.86550509900764
5741,17,ORBl6b,morphine,M,1h,411.57909178213754
5742,18,ORBl6b,saline,M,1h,0.0
5743,19,ORBl6b,morphine,F,1h,45.73101019801528
5744,20,ORBl6b,morphine,F,1h,22.86550509900764
5745,21,ORBl6b,morphine,F,1h,22.86550509900764
5746,22,ORBl6b,morphine,M,4h,0.0
5747,23,ORBl6b,morphine,M,4h,1783.5093977225958
5748,24,ORBl6b,saline,F,1h,0.0
5749,25,ORBl6b,saline,F,4h,0.0
5750,26,ORBl6b,saline,F,4h,0.0
5751,0,ORBm,morphine,M,1h,2371.0669801410636
5752,1,ORBm,morphine,M,4h,808.2208422361491
5753,2,ORBm,saline,M,1h,1447.0797573193652
5754,3,ORBm,saline,M,4h,646.0049879588672
5755,4,ORBm,morphine,F,4h,457.3486640416759
5756,5,ORBm,saline,F,4h,297.27663162708933
5757,6,ORBm,morphine,M,1h,748.1938300806792
5758,7,ORBm,morphine,M,4h,725.3263968785953
5759,8,ORBm,saline,M,4h,180.795643753975
5760,9,ORBm,morphine,F,4h,305.8519190778708
5761,10,ORBm,saline,F,1h,461.6363077670666
5762,11,ORBm,saline,M,1h,134.3461700622423
5763,12,ORBm,morphine,M,1h,242.9664777721403
5764,13,ORBm,saline,M,4h,25.01125506477915
5765,14,ORBm,morphine,M,1h,526.6655709354924
5766,15,ORBm,morphine,F,4h,343.0114980312569
5767,16,ORBm,saline,F,4h,5.00225101295583
5768,17,ORBm,morphine,M,1h,34.30114980312569
5769,18,ORBm,saline,M,1h,67.88769231868626
5770,19,ORBm,morphine,F,1h,703.8881782516418
5771,20,ORBm,morphine,F,1h,315.8564211037824
5772,21,ORBm,morphine,F,1h,437.3396599898526
5773,22,ORBm,morphine,M,4h,1561.4169233297841
5774,23,ORBm,morphine,M,4h,247.96872878509615
5775,24,ORBm,saline,F,1h,449.4879838784596
5776,25,ORBm,saline,F,4h,511.6588178966249
5777,26,ORBm,saline,F,4h,83.60905264511888
5778,0,ORBm1,morphine,M,1h,425.33777522205486
5779,1,ORBm1,morphine,M,4h,1088.2944192832465
5780,2,ORBm1,saline,M,1h,377.8140014542275
5781,3,ORBm1,saline,M,4h,796.0232106111082
5782,4,ORBm1,morphine,F,4h,4.752377376782736
5783,5,ORBm1,saline,F,4h,16.633320818739573
5784,6,ORBm1,morphine,M,1h,40.39520770265325
5785,7,ORBm1,morphine,M,4h,118.80943441956839
5786,8,ORBm1,saline,M,4h,2.376188688391368
5787,9,ORBm1,morphine,F,4h,52.27615114461009
5788,10,ORBm1,saline,F,1h,26.138075572305045
5789,11,ORBm1,saline,M,1h,4.752377376782736
5790,12,ORBm1,morphine,M,1h,2.376188688391368
5791,13,ORBm1,saline,M,4h,45.14758507943599
5792,14,ORBm1,morphine,M,1h,102.17611360082881
5793,15,ORBm1,morphine,F,4h,28.514264260696415
5794,16,ORBm1,saline,F,4h,0.0
5795,17,ORBm1,morphine,M,1h,7.128566065174104
5796,18,ORBm1,saline,M,1h,78.41422671691514
5797,19,ORBm1,morphine,F,1h,26.138075572305045
5798,20,ORBm1,morphine,F,1h,4.752377376782736
5799,21,ORBm1,morphine,F,1h,19.009509507130943
5800,22,ORBm1,morphine,M,4h,299.3997747373123
5801,23,ORBm1,morphine,M,4h,9.504754753565472
5802,24,ORBm1,saline,F,1h,228.11411408557132
5803,25,ORBm1,saline,F,4h,78.41422671691514
5804,26,ORBm1,saline,F,4h,57.02852852139283
5805,0,ORBm2/3,morphine,M,1h,3618.661820751622
5806,1,ORBm2/3,morphine,M,4h,1526.9680220085309
5807,2,ORBm2/3,saline,M,1h,2378.7890260215545
5808,3,ORBm2/3,saline,M,4h,776.103581434088
5809,4,ORBm2/3,morphine,F,4h,378.5871128946771
5810,5,ORBm2/3,saline,F,4h,164.0544155876934
5811,6,ORBm2/3,morphine,M,1h,236.6169455591732
5812,7,ORBm2/3,morphine,M,4h,397.51646853941094
5813,8,ORBm2/3,saline,M,4h,75.71742257893543
5814,9,ORBm2/3,morphine,F,4h,189.29355644733855
5815,10,ORBm2/3,saline,F,1h,75.71742257893543
5816,11,ORBm2/3,saline,M,1h,41.01360389692335
5817,12,ORBm2/3,morphine,M,1h,15.774463037278213
5818,13,ORBm2/3,saline,M,4h,15.774463037278213
5819,14,ORBm2/3,morphine,M,1h,536.3317432674593
5820,15,ORBm2/3,morphine,F,4h,63.09785214911285
5821,16,ORBm2/3,saline,F,4h,6.309785214911285
5822,17,ORBm2/3,morphine,M,1h,3.1548926074556425
5823,18,ORBm2/3,saline,M,1h,94.64677822366927
5824,19,ORBm2/3,morphine,F,1h,107.26634865349185
5825,20,ORBm2/3,morphine,F,1h,123.04081169077006
5826,21,ORBm2/3,morphine,F,1h,350.1930794275763
5827,22,ORBm2/3,morphine,M,4h,1205.1689760480554
5828,23,ORBm2/3,morphine,M,4h,22.084248252189496
5829,24,ORBm2/3,saline,F,1h,473.2338911183464
5830,25,ORBm2/3,saline,F,4h,148.2799525504152
5831,26,ORBm2/3,saline,F,4h,53.63317432674592
5832,0,ORBm5,morphine,M,1h,3845.9905760495817
5833,1,ORBm5,morphine,M,4h,396.9096234664855
5834,2,ORBm5,saline,M,1h,2298.679797936919
5835,3,ORBm5,saline,M,4h,624.018338498111
5836,4,ORBm5,morphine,F,4h,829.9019399753788
5837,5,ORBm5,saline,F,4h,634.6308952752897
5838,6,ORBm5,morphine,M,1h,1190.7288703994566
5839,7,ORBm5,morphine,M,4h,1443.307721696311
5840,8,ORBm5,saline,M,4h,297.1515897610052
5841,9,ORBm5,morphine,F,4h,515.7702593708876
5842,10,ORBm5,saline,F,1h,524.2603047926307
5843,11,ORBm5,saline,M,1h,142.20826081419534
5844,12,ORBm5,morphine,M,1h,252.57885129685442
5845,13,ORBm5,saline,M,4h,16.980090843486014
5846,14,ORBm5,morphine,M,1h,840.5144967525576
5847,15,ORBm5,morphine,F,4h,445.72738464150785
5848,16,ORBm5,saline,F,4h,4.2450227108715035
5849,17,ORBm5,morphine,M,1h,14.857579488050261
5850,18,ORBm5,saline,M,1h,67.92036337394406
5851,19,ORBm5,morphine,F,1h,1262.894256484272
5852,20,ORBm5,morphine,F,1h,687.6936791611835
5853,21,ORBm5,morphine,F,1h,802.3092923547141
5854,22,ORBm5,morphine,M,4h,2617.0565012522816
5855,23,ORBm5,morphine,M,4h,59.430317952201044
5856,24,ORBm5,saline,F,1h,598.548202232882
5857,25,ORBm5,saline,F,4h,1139.7885978689985
5858,26,ORBm5,saline,F,4h,148.5757948805026
5859,0,ORBm6a,morphine,M,1h,964.0515874716141
5860,1,ORBm6a,morphine,M,4h,10.711684305240157
5861,2,ORBm6a,saline,M,1h,155.31942242598228
5862,3,ORBm6a,saline,M,4h,155.31942242598228
5863,4,ORBm6a,morphine,F,4h,680.19195338275
5864,5,ORBm6a,saline,F,4h,310.63884485196456
5865,6,ORBm6a,morphine,M,1h,2110.201808132311
5866,7,ORBm6a,morphine,M,4h,840.8672179613523
5867,8,ORBm6a,saline,M,4h,471.3141094305669
5868,9,ORBm6a,morphine,F,4h,551.651741719868
5869,10,ORBm6a,saline,F,1h,1938.8148592484683
5870,11,ORBm6a,saline,M,1h,567.7192681777283
5871,12,ORBm6a,morphine,M,1h,1146.1502206606967
5872,13,ORBm6a,saline,M,4h,16.067526457860236
5873,14,ORBm6a,morphine,M,1h,680.19195338275
5874,15,ORBm6a,morphine,F,4h,1263.9787480183384
5875,16,ORBm6a,saline,F,4h,16.067526457860236
5876,17,ORBm6a,morphine,M,1h,182.09863318908268
5877,18,ORBm6a,saline,M,1h,0.0
5878,19,ORBm6a,morphine,F,1h,1842.409700501307
5879,20,ORBm6a,morphine,F,1h,412.39984575174606
5880,21,ORBm6a,morphine,F,1h,615.921847551309
5881,22,ORBm6a,morphine,M,4h,2377.993915763315
5882,23,ORBm6a,morphine,M,4h,1590.6851193281632
5883,24,ORBm6a,saline,F,1h,540.9400574146279
5884,25,ORBm6a,saline,F,4h,524.8725309567677
5885,26,ORBm6a,saline,F,4h,32.13505291572047
5886,0,ORBm6b,morphine,M,1h,0.0
5887,1,ORBm6b,morphine,M,4h,0.0
5888,2,ORBm6b,saline,M,1h,0.0
5889,3,ORBm6b,saline,M,4h,0.0
5890,4,ORBm6b,morphine,F,4h,0.0
5891,5,ORBm6b,saline,F,4h,0.0
5892,6,ORBm6b,morphine,M,1h,0.0
5893,7,ORBm6b,morphine,M,4h,539.3743257820928
5894,8,ORBm6b,saline,M,4h,0.0
5895,9,ORBm6b,morphine,F,4h,0.0
5896,10,ORBm6b,saline,F,1h,539.3743257820928
5897,11,ORBm6b,saline,M,1h,0.0
5898,12,ORBm6b,morphine,M,1h,269.6871628910464
5899,13,ORBm6b,saline,M,4h,0.0
5900,14,ORBm6b,morphine,M,1h,269.6871628910464
5901,15,ORBm6b,morphine,F,4h,539.3743257820928
5902,16,ORBm6b,saline,F,4h,0.0
5903,17,ORBm6b,morphine,M,1h,809.0614886731391
5904,18,ORBm6b,saline,M,1h,0.0
5905,19,ORBm6b,morphine,F,1h,269.6871628910464
5906,20,ORBm6b,morphine,F,1h,0.0
5907,21,ORBm6b,morphine,F,1h,0.0
5908,22,ORBm6b,morphine,M,4h,0.0
5909,23,ORBm6b,morphine,M,4h,2966.5587918015103
5910,24,ORBm6b,saline,F,1h,0.0
5911,25,ORBm6b,saline,F,4h,269.6871628910464
5912,26,ORBm6b,saline,F,4h,0.0
5913,0,ORBvl,morphine,M,1h,2886.1100886657146
5914,1,ORBvl,morphine,M,4h,1230.311359949932
5915,2,ORBvl,saline,M,1h,3218.733150756478
5916,3,ORBvl,saline,M,4h,809.8893170027229
5917,4,ORBvl,morphine,F,4h,296.60296738042734
5918,5,ORBvl,saline,F,4h,64.16079370278695
5919,6,ORBvl,morphine,M,1h,853.2259934510965
5920,7,ORBvl,morphine,M,4h,324.1808523930288
5921,8,ORBvl,saline,M,4h,101.8693303526705
5922,9,ORBvl,morphine,F,4h,263.39694256933586
5923,10,ORBvl,saline,F,1h,486.27127858954316
5924,11,ORBvl,saline,M,1h,209.9296144836801
5925,12,ORBvl,morphine,M,1h,256.0803608312988
5926,13,ORBvl,saline,M,4h,23.07537317380934
5927,14,ORBvl,morphine,M,1h,509.3466517633525
5928,15,ORBvl,morphine,F,4h,272.40196624692
5929,16,ORBvl,saline,F,4h,2.8140698992450415
5930,17,ORBvl,morphine,M,1h,43.33667644837364
5931,18,ORBvl,saline,M,1h,88.3617948362943
5932,19,ORBvl,morphine,F,1h,626.9747735517952
5933,20,ORBvl,morphine,F,1h,182.35172947107867
5934,21,ORBvl,morphine,F,1h,202.05021876579397
5935,22,ORBvl,morphine,M,4h,1300.663107431058
5936,23,ORBvl,morphine,M,4h,226.81403387915034
5937,24,ORBvl,saline,F,1h,660.1807983628867
5938,25,ORBvl,saline,F,4h,169.9698219144005
5939,26,ORBvl,saline,F,4h,48.96481624686372
5940,0,ORBvl1,morphine,M,1h,1396.988943533603
5941,1,ORBvl1,morphine,M,4h,2165.592525849489
5942,2,ORBvl1,saline,M,1h,875.0655650015321
5943,3,ORBvl1,saline,M,4h,1155.5020071978688
5944,4,ORBvl1,morphine,F,4h,38.94950586060232
5945,5,ORBvl1,saline,F,4h,23.36970351636139
5946,6,ORBvl1,morphine,M,1h,272.6465410242162
5947,7,ORBvl1,morphine,M,4h,555.6796169445931
5948,8,ORBvl1,saline,M,4h,46.73940703272278
5949,9,ORBvl1,morphine,F,4h,321.98258178097916
5950,10,ORBvl1,saline,F,1h,215.52059909533284
5951,11,ORBvl1,saline,M,1h,270.0499073001761
5952,12,ORBvl1,morphine,M,1h,77.89901172120464
5953,13,ORBvl1,saline,M,4h,15.579802344240928
5954,14,ORBvl1,morphine,M,1h,490.7637738435892
5955,15,ORBvl1,morphine,F,4h,119.44515130584712
5956,16,ORBvl1,saline,F,4h,0.0
5957,17,ORBvl1,morphine,M,1h,23.36970351636139
5958,18,ORBvl1,saline,M,1h,54.52930820484325
5959,19,ORBvl1,morphine,F,1h,264.8566398520958
5960,20,ORBvl1,morphine,F,1h,54.52930820484325
5961,21,ORBvl1,morphine,F,1h,75.30237799716448
5962,22,ORBvl1,morphine,M,4h,506.34357618783014
5963,23,ORBvl1,morphine,M,4h,0.0
5964,24,ORBvl1,saline,F,1h,747.8305125235645
5965,25,ORBvl1,saline,F,4h,75.30237799716448
5966,26,ORBvl1,saline,F,4h,62.31920937696371
5967,0,ORBvl2/3,morphine,M,1h,3896.3073936206806
5968,1,ORBvl2/3,morphine,M,4h,1962.4853816814314
5969,2,ORBvl2/3,saline,M,1h,6407.218583035871
5970,3,ORBvl2/3,saline,M,4h,1282.2080731336325
5971,4,ORBvl2/3,morphine,F,4h,332.4950890093175
5972,5,ORBvl2/3,saline,F,4h,74.52476132967462
5973,6,ORBvl2/3,morphine,M,1h,708.9406782899815
5974,7,ORBvl2/3,morphine,M,4h,334.405980325463
5975,8,ORBvl2/3,saline,M,4h,141.40595739476723
5976,9,ORBvl2/3,morphine,F,4h,246.50497978276988
5977,10,ORBvl2/3,saline,F,1h,399.3762850744101
5978,11,ORBvl2/3,saline,M,1h,164.33665318851325
5979,12,ORBvl2/3,morphine,M,1h,193.0000229306958
5980,13,ORBvl2/3,saline,M,4h,34.39604369061905
5981,14,ORBvl2/3,morphine,M,1h,510.2079814108493
5982,15,ORBvl2/3,morphine,F,4h,380.26737191295507
5983,16,ORBvl2/3,saline,F,4h,3.821782632291006
5984,17,ORBvl2/3,morphine,M,1h,15.287130529164024
5985,18,ORBvl2/3,saline,M,1h,105.09902238800267
5986,19,ORBvl2/3,morphine,F,1h,626.772351695725
5987,20,ORBvl2/3,morphine,F,1h,280.90102347338893
5988,21,ORBvl2/3,morphine,F,1h,150.96041397549473
5989,22,ORBvl2/3,morphine,M,4h,1471.3863134320372
5990,23,ORBvl2/3,morphine,M,4h,3.821782632291006
5991,24,ORBvl2/3,saline,F,1h,714.673352238418
5992,25,ORBvl2/3,saline,F,4h,99.36634843956615
5993,26,ORBvl2/3,saline,F,4h,84.07921791040212
5994,0,ORBvl5,morphine,M,1h,3839.0564309034366
5995,1,ORBvl5,morphine,M,4h,508.1104099725137
5996,2,ORBvl5,saline,M,1h,3218.032596492587
5997,3,ORBvl5,saline,M,4h,482.3016272437511
5998,4,ORBvl5,morphine,F,4h,453.2667466738932
5999,5,ORBvl5,saline,F,4h,87.10464170957377
6000,6,ORBvl5,morphine,M,1h,1269.4695004710104
6001,7,ORBvl5,morphine,M,4h,219.3746531944821
6002,8,ORBvl5,saline,M,4h,109.68732659724105
6003,9,ORBvl5,morphine,F,4h,259.70087620817367
6004,10,ORBvl5,saline,F,1h,737.1633566902818
6005,11,ORBvl5,saline,M,1h,220.98770211502978
6006,12,ORBvl5,morphine,M,1h,379.0664963287007
6007,13,ORBvl5,saline,M,4h,27.421831649310263
6008,14,ORBvl5,morphine,M,1h,459.7189423560838
6009,15,ORBvl5,morphine,F,4h,279.05746325474564
6010,16,ORBvl5,saline,F,4h,3.226097841095325
6011,17,ORBvl5,morphine,M,1h,27.421831649310263
6012,18,ORBvl5,saline,M,1h,130.65696256436067
6013,19,ORBvl5,morphine,F,1h,964.6032544875022
6014,20,ORBvl5,morphine,F,1h,232.2790445588634
6015,21,ORBvl5,morphine,F,1h,320.9967351889848
6016,22,ORBvl5,morphine,M,4h,1817.9061334572157
6017,23,ORBvl5,morphine,M,4h,129.043913643813
6018,24,ORBvl5,saline,F,1h,651.6717639012556
6019,25,ORBvl5,saline,F,4h,266.15307189036434
6020,26,ORBvl5,saline,F,4h,27.421831649310263
6021,0,ORBvl6a,morphine,M,1h,711.9464616260857
6022,1,ORBvl6a,morphine,M,4h,41.879203625063866
6023,2,ORBvl6a,saline,M,1h,113.07384978767244
6024,3,ORBvl6a,saline,M,4h,100.51008870015328
6025,4,ORBvl6a,morphine,F,4h,221.9597792128385
6026,5,ORBvl6a,saline,F,4h,50.25504435007664
6027,6,ORBvl6a,morphine,M,1h,1055.3559313516093
6028,7,ORBvl6a,morphine,M,4h,209.39601812531933
6029,8,ORBvl6a,saline,M,4h,83.75840725012773
6030,9,ORBvl6a,morphine,F,4h,226.1476995753449
6031,10,ORBvl6a,saline,F,1h,481.6108416882345
6032,11,ORBvl6a,saline,M,1h,192.6443366752938
6033,12,ORBvl6a,morphine,M,1h,364.3490715380556
6034,13,ORBvl6a,saline,M,4h,0.0
6035,14,ORBvl6a,morphine,M,1h,657.5034969135027
6036,15,ORBvl6a,morphine,F,4h,255.46314211288959
6037,16,ORBvl6a,saline,F,4h,4.187920362506387
6038,17,ORBvl6a,morphine,M,1h,171.70473486276185
6039,18,ORBvl6a,saline,M,1h,0.0
6040,19,ORBvl6a,morphine,F,1h,360.16115117554926
6041,20,ORBvl6a,morphine,F,1h,50.25504435007664
6042,21,ORBvl6a,morphine,F,1h,217.7718588503321
6043,22,ORBvl6a,morphine,M,4h,917.1545593888986
6044,23,ORBvl6a,morphine,M,4h,1264.7519494769288
6045,24,ORBvl6a,saline,F,1h,448.10747878818336
6046,25,ORBvl6a,saline,F,4h,234.52354030035767
6047,26,ORBvl6a,saline,F,4h,8.375840725012774
6048,0,ORBvl6b,morphine,M,1h,103.84215991692628
6049,1,ORBvl6b,morphine,M,4h,0.0
6050,2,ORBvl6b,saline,M,1h,726.8951194184839
6051,3,ORBvl6b,saline,M,4h,0.0
6052,4,ORBvl6b,morphine,F,4h,415.3686396677051
6053,5,ORBvl6b,saline,F,4h,0.0
6054,6,ORBvl6b,morphine,M,1h,103.84215991692628
6055,7,ORBvl6b,morphine,M,4h,103.84215991692628
6056,8,ORBvl6b,saline,M,4h,103.84215991692628
6057,9,ORBvl6b,morphine,F,4h,0.0
6058,10,ORBvl6b,saline,F,1h,0.0
6059,11,ORBvl6b,saline,M,1h,0.0
6060,12,ORBvl6b,morphine,M,1h,207.68431983385256
6061,13,ORBvl6b,saline,M,4h,0.0
6062,14,ORBvl6b,morphine,M,1h,726.8951194184839
6063,15,ORBvl6b,morphine,F,4h,519.2107995846313
6064,16,ORBvl6b,saline,F,4h,0.0
6065,17,ORBvl6b,morphine,M,1h,207.68431983385256
6066,18,ORBvl6b,saline,M,1h,0.0
6067,19,ORBvl6b,morphine,F,1h,0.0
6068,20,ORBvl6b,morphine,F,1h,0.0
6069,21,ORBvl6b,morphine,F,1h,0.0
6070,22,ORBvl6b,morphine,M,4h,0.0
6071,23,ORBvl6b,morphine,M,4h,1973.0010384215993
6072,24,ORBvl6b,saline,F,1h,0.0
6073,25,ORBvl6b,saline,F,4h,0.0
6074,26,ORBvl6b,saline,F,4h,0.0
6075,0,AI,morphine,M,1h,1683.4078488431749
6076,1,AI,morphine,M,4h,468.5774424615023
6077,2,AI,saline,M,1h,1434.234604906496
6078,3,AI,saline,M,4h,802.6241350192156
6079,4,AI,morphine,F,4h,459.33003686547914
6080,5,AI,saline,F,4h,39.26980458585177
6081,6,AI,morphine,M,1h,528.2422100741996
6082,7,AI,morphine,M,4h,227.00480586402057
6083,8,AI,saline,M,4h,169.87357403105557
6084,9,AI,morphine,F,4h,203.18956953453628
6085,10,AI,saline,F,1h,392.951399436491
6086,11,AI,saline,M,1h,225.1046540292213
6087,12,AI,morphine,M,1h,127.56352650952496
6088,13,AI,saline,M,4h,24.701973852390633
6089,14,AI,morphine,M,1h,432.6012343893026
6090,15,AI,morphine,F,4h,231.185139900579
6091,16,AI,saline,F,4h,11.654264586768914
6092,17,AI,morphine,M,1h,127.31017293155172
6093,18,AI,saline,M,1h,5.193748348451364
6094,19,AI,morphine,F,1h,402.7055121884606
6095,20,AI,morphine,F,1h,401.56542108758106
6096,21,AI,morphine,F,1h,173.67387770065415
6097,22,AI,morphine,M,4h,889.7777658420092
6098,23,AI,morphine,M,4h,531.789160165825
6099,24,AI,saline,F,1h,594.240817136228
6100,25,AI,saline,F,4h,126.42343540864539
6101,26,AI,saline,F,4h,31.922550824627894
6102,0,AId,morphine,M,1h,1020.7670519377659
6103,1,AId,morphine,M,4h,316.80829071187895
6104,2,AId,saline,M,1h,1127.3542480501524
6105,3,AId,saline,M,4h,519.7803820493201
6106,4,AId,morphine,F,4h,218.00706106614044
6107,5,AId,saline,F,4h,14.498006524102935
6108,6,AId,morphine,M,1h,314.1234746888969
6109,7,AId,morphine,M,4h,170.4858174593586
6110,8,AId,saline,M,4h,99.33819285033493
6111,9,AId,morphine,F,4h,142.02676761574912
6112,10,AId,saline,F,1h,279.4893479924288
6113,11,AId,saline,M,1h,205.65690736042313
6114,12,AId,morphine,M,1h,35.97653470795914
6115,13,AId,saline,M,4h,16.645859342488556
6116,14,AId,morphine,M,1h,186.59471359725075
6117,15,AId,morphine,F,4h,131.28750352382102
6118,16,AId,saline,F,4h,4.027224034473038
6119,17,AId,morphine,M,1h,87.25652074691581
6120,18,AId,saline,M,1h,8.59141127354248
6121,19,AId,morphine,F,1h,196.52853288228425
6122,20,AId,morphine,F,1h,119.47431302270012
6123,21,AId,morphine,F,1h,56.38113648262253
6124,22,AId,morphine,M,4h,759.5344529016149
6125,23,AId,morphine,M,4h,452.39149987247123
6126,24,AId,saline,F,1h,517.9010108332327
6127,25,AId,saline,F,4h,35.171089901064526
6128,26,AId,saline,F,4h,22.820936195347215
6129,0,AId1,morphine,M,1h,206.72576847584358
6130,1,AId1,morphine,M,4h,1255.5870359006499
6131,2,AId1,saline,M,1h,1988.919498809695
6132,3,AId1,saline,M,4h,916.1215634561067
6133,4,AId1,morphine,F,4h,0.0
6134,5,AId1,saline,F,4h,0.0
6135,6,AId1,morphine,M,1h,0.0
6136,7,AId1,morphine,M,4h,0.0
6137,8,AId1,saline,M,4h,0.0
6138,9,AId1,morphine,F,4h,0.0
6139,10,AId1,saline,F,1h,0.0
6140,11,AId1,saline,M,1h,21.760607207983533
6141,12,AId1,morphine,M,1h,2.1760607207983536
6142,13,AId1,saline,M,4h,30.46485009117695
6143,14,AId1,morphine,M,1h,60.9297001823539
6144,15,AId1,morphine,F,4h,45.69727513676542
6145,16,AId1,saline,F,4h,0.0
6146,17,AId1,morphine,M,1h,0.0
6147,18,AId1,saline,M,1h,2.1760607207983536
6148,19,AId1,morphine,F,1h,4.352121441596707
6149,20,AId1,morphine,F,1h,0.0
6150,21,AId1,morphine,F,1h,6.52818216239506
6151,22,AId1,morphine,M,4h,39.16909297437036
6152,23,AId1,morphine,M,4h,0.0
6153,24,AId1,saline,F,1h,339.46547244454314
6154,25,AId1,saline,F,4h,10.880303603991766
6155,26,AId1,saline,F,4h,0.0
6156,0,AId2/3,morphine,M,1h,734.7284530076325
6157,1,AId2/3,morphine,M,4h,537.000060507049
6158,2,AId2/3,saline,M,1h,2758.4731478360086
6159,3,AId2/3,saline,M,4h,875.1912454943858
6160,4,AId2/3,morphine,F,4h,63.74849812860341
6161,5,AId2/3,saline,F,4h,2.160966038257743
6162,6,AId2/3,morphine,M,1h,17.287728306061943
6163,7,AId2/3,morphine,M,4h,10.804830191288714
6164,8,AId2/3,saline,M,4h,4.321932076515486
6165,9,AId2/3,morphine,F,4h,2.160966038257743
6166,10,AId2/3,saline,F,1h,42.138837746025985
6167,11,AId2/3,saline,M,1h,4.321932076515486
6168,12,AId2/3,morphine,M,1h,4.321932076515486
6169,13,AId2/3,saline,M,4h,7.5633811339021
6170,14,AId2/3,morphine,M,1h,269.040271763089
6171,15,AId2/3,morphine,F,4h,27.012075478221785
6172,16,AId2/3,saline,F,4h,0.0
6173,17,AId2/3,morphine,M,1h,0.0
6174,18,AId2/3,saline,M,1h,0.0
6175,19,AId2/3,morphine,F,1h,65.90946416686116
6176,20,AId2/3,morphine,F,1h,47.54125284167034
6177,21,AId2/3,morphine,F,1h,47.54125284167034
6178,22,AId2/3,morphine,M,4h,669.8994718599002
6179,23,AId2/3,morphine,M,4h,79.95574341553647
6180,24,AId2/3,saline,F,1h,909.7667021065097
6181,25,AId2/3,saline,F,4h,29.173041516479525
6182,26,AId2/3,saline,F,4h,7.5633811339021
6183,0,AId5,morphine,M,1h,1363.9501161245535
6184,1,AId5,morphine,M,4h,66.90576091723162
6185,2,AId5,saline,M,1h,436.5435291530261
6186,3,AId5,saline,M,4h,425.94459673049437
6187,4,AId5,morphine,F,4h,423.2948636248614
6188,5,AId5,saline,F,4h,19.21056501583878
6189,6,AId5,morphine,M,1h,616.0629470596575
6190,7,AId5,morphine,M,4h,365.00073530093687
6191,8,AId5,saline,M,4h,145.07288753340322
6192,9,AId5,morphine,F,4h,196.0802498168372
6193,10,AId5,saline,F,1h,622.0248465473315
6194,11,AId5,saline,M,1h,434.5562293238014
6195,12,AId5,morphine,M,1h,18.54813173943055
6196,13,AId5,saline,M,4h,20.535431568655248
6197,14,AId5,morphine,M,1h,174.2199516953655
6198,15,AId5,morphine,F,4h,198.0675496460619
6199,16,AId5,saline,F,4h,3.3121663820411693
6200,17,AId5,morphine,M,1h,35.108963649636394
6201,18,AId5,saline,M,1h,7.286766040490572
6202,19,AId5,morphine,F,1h,437.86839570584254
6203,20,AId5,morphine,F,1h,221.91514759675835
6204,21,AId5,morphine,F,1h,95.39039180278567
6205,22,AId5,morphine,M,4h,1388.4601473516582
6206,23,AId5,morphine,M,4h,506.09902317589064
6207,24,AId5,saline,F,1h,616.0629470596575
6208,25,AId5,saline,F,4h,62.93116125878221
6209,26,AId5,saline,F,4h,36.43383020245286
6210,0,AId6a,morphine,M,1h,1215.2626758293209
6211,1,AId6a,morphine,M,4h,6.39611934647011
6212,2,AId6a,saline,M,1h,90.82489471987556
6213,3,AId6a,saline,M,4h,78.03265602693534
6214,4,AId6a,morphine,F,4h,135.59773014516634
6215,5,AId6a,saline,F,4h,26.863701255174462
6216,6,AId6a,morphine,M,1h,273.7539080289207
6217,7,AId6a,morphine,M,4h,93.3833424584636
6218,8,AId6a,saline,M,4h,188.04590878622122
6219,9,AId6a,morphine,F,4h,295.50071380691907
6220,10,AId6a,saline,F,1h,78.03265602693534
6221,11,AId6a,saline,M,1h,121.52626758293209
6222,12,AId6a,morphine,M,1h,127.9223869294022
6223,13,AId6a,saline,M,4h,12.79223869294022
6224,14,AId6a,morphine,M,1h,188.04590878622122
6225,15,AId6a,morphine,F,4h,184.20823717833917
6226,16,AId6a,saline,F,4h,11.513014823646198
6227,17,AId6a,morphine,M,1h,285.2669228525669
6228,18,AId6a,saline,M,1h,25.58447738588044
6229,19,AId6a,morphine,F,1h,10.233790954352175
6230,20,AId6a,morphine,F,1h,84.42877537340544
6231,21,AId6a,morphine,F,1h,24.30525351658642
6232,22,AId6a,morphine,M,4h,121.52626758293209
6233,23,AId6a,morphine,M,4h,1046.40512508251
6234,24,AId6a,saline,F,1h,1.2792238692940219
6235,25,AId6a,saline,F,4h,3.837671607882066
6236,26,AId6a,saline,F,4h,29.422148993762505
6237,0,AId6b,morphine,M,1h,372.8097427612775
6238,1,AId6b,morphine,M,4h,0.0
6239,2,AId6b,saline,M,1h,41.423304751253056
6240,3,AId6b,saline,M,4h,20.711652375626528
6241,4,AId6b,morphine,F,4h,165.69321900501222
6242,5,AId6b,saline,F,4h,41.423304751253056
6243,6,AId6b,morphine,M,1h,207.11652375626528
6244,7,AId6b,morphine,M,4h,20.711652375626528
6245,8,AId6b,saline,M,4h,0.0
6246,9,AId6b,morphine,F,4h,0.0
6247,10,AId6b,saline,F,1h,41.423304751253056
6248,11,AId6b,saline,M,1h,20.711652375626528
6249,12,AId6b,morphine,M,1h,20.711652375626528
6250,13,AId6b,saline,M,4h,0.0
6251,14,AId6b,morphine,M,1h,165.69321900501222
6252,15,AId6b,morphine,F,4h,0.0
6253,16,AId6b,saline,F,4h,20.711652375626528
6254,17,AId6b,morphine,M,1h,1014.8709664056998
6255,18,AId6b,saline,M,1h,0.0
6256,19,AId6b,morphine,F,1h,0.0
6257,20,AId6b,morphine,F,1h,0.0
6258,21,AId6b,morphine,F,1h,0.0
6259,22,AId6b,morphine,M,4h,0.0
6260,23,AId6b,morphine,M,4h,600.6379188931693
6261,24,AId6b,saline,F,1h,0.0
6262,25,AId6b,saline,F,4h,20.711652375626528
6263,26,AId6b,saline,F,4h,0.0
6264,0,AIp,morphine,M,1h,2126.4046305264137
6265,1,AIp,morphine,M,4h,459.61884905525534
6266,2,AIp,saline,M,1h,1222.7750792113452
6267,3,AIp,saline,M,4h,1037.531021191756
6268,4,AIp,morphine,F,4h,777.121414130959
6269,5,AIp,saline,F,4h,78.8622153874969
6270,6,AIp,morphine,M,1h,739.7440099629266
6271,7,AIp,morphine,M,4h,328.1818234094272
6272,8,AIp,saline,M,4h,206.60257468703614
6273,9,AIp,morphine,F,4h,222.62146218762146
6274,10,AIp,saline,F,1h,492.0673647615692
6275,11,AIp,saline,M,1h,179.08294744244088
6276,12,AIp,morphine,M,1h,249.3196080219303
6277,13,AIp,saline,M,4h,30.805552885740976
6278,14,AIp,morphine,M,1h,783.6932654132504
6279,15,AIp,morphine,F,4h,336.3966375122915
6280,16,AIp,saline,F,4h,25.465923718879207
6281,17,AIp,morphine,M,1h,266.5707176379452
6282,18,AIp,saline,M,1h,2.053703525716065
6283,19,AIp,morphine,F,1h,557.7858775844833
6284,20,AIp,morphine,F,1h,738.511787847497
6285,21,AIp,morphine,F,1h,285.464790074533
6286,22,AIp,morphine,M,4h,967.7051013174098
6287,23,AIp,morphine,M,4h,494.53180899242847
6288,24,AIp,saline,F,1h,469.8873666838357
6289,25,AIp,saline,F,4h,223.03220289276467
6290,26,AIp,saline,F,4h,41.89555192460773
6291,0,AIp1,morphine,M,1h,488.1077059411712
6292,1,AIp1,morphine,M,4h,1215.530355086509
6293,2,AIp1,saline,M,1h,1085.2103365099827
6294,3,AIp1,saline,M,4h,1457.214753173885
6295,4,AIp1,morphine,F,4h,9.477819532838275
6296,5,AIp1,saline,F,4h,0.0
6297,6,AIp1,morphine,M,1h,2.3694548832095688
6298,7,AIp1,morphine,M,4h,4.7389097664191375
6299,8,AIp1,saline,M,4h,0.0
6300,9,AIp1,morphine,F,4h,0.0
6301,10,AIp1,saline,F,1h,0.0
6302,11,AIp1,saline,M,1h,0.0
6303,12,AIp1,morphine,M,1h,0.0
6304,13,AIp1,saline,M,4h,0.0
6305,14,AIp1,morphine,M,1h,303.2902250508248
6306,15,AIp1,morphine,F,4h,2.3694548832095688
6307,16,AIp1,saline,F,4h,0.0
6308,17,AIp1,morphine,M,1h,2.3694548832095688
6309,18,AIp1,saline,M,1h,0.0
6310,19,AIp1,morphine,F,1h,104.25601486122103
6311,20,AIp1,morphine,F,1h,78.19201114591577
6312,21,AIp1,morphine,F,1h,146.9062027589933
6313,22,AIp1,morphine,M,4h,75.8225562627062
6314,23,AIp1,morphine,M,4h,18.95563906567655
6315,24,AIp1,saline,F,1h,120.84219904368801
6316,25,AIp1,saline,F,4h,16.586184182466983
6317,26,AIp1,saline,F,4h,0.0
6318,0,AIp2/3,morphine,M,1h,2142.7398201193564
6319,1,AIp2/3,morphine,M,4h,699.3146218972581
6320,2,AIp2/3,saline,M,1h,2934.135015006645
6321,3,AIp2/3,saline,M,4h,1939.913693127803
6322,4,AIp2/3,morphine,F,4h,446.7152122083908
6323,5,AIp2/3,saline,F,4h,53.50627889961227
6324,6,AIp2/3,morphine,M,1h,278.73038310495696
6325,7,AIp2/3,morphine,M,4h,80.88158438313484
6326,8,AIp2/3,saline,M,4h,77.1485881808363
6327,9,AIp2/3,morphine,F,4h,7.465992404597062
6328,10,AIp2/3,saline,F,1h,420.5842387923011
6329,11,AIp2/3,saline,M,1h,88.3475767877319
6330,12,AIp2/3,morphine,M,1h,39.81862615785099
6331,13,AIp2/3,saline,M,4h,17.42064894405981
6332,14,AIp2/3,morphine,M,1h,503.95448731030166
6333,15,AIp2/3,morphine,F,4h,79.63725231570199
6334,16,AIp2/3,saline,F,4h,0.0
6335,17,AIp2/3,morphine,M,1h,375.7882843647187
6336,18,AIp2/3,saline,M,1h,0.0
6337,19,AIp2/3,morphine,F,1h,434.2718915340624
6338,20,AIp2/3,morphine,F,1h,648.2970071325115
6339,21,AIp2/3,morphine,F,1h,405.652253983107
6340,22,AIp2/3,morphine,M,4h,638.3423505930488
6341,23,AIp2/3,morphine,M,4h,360.85629955552463
6342,24,AIp2/3,saline,F,1h,954.402695720991
6343,25,AIp2/3,saline,F,4h,210.29211939615055
6344,26,AIp2/3,saline,F,4h,24.88664134865687
6345,0,AIp5,morphine,M,1h,2486.127646908751
6346,1,AIp5,morphine,M,4h,58.46585594013097
6347,2,AIp5,saline,M,1h,143.50710094395782
6348,3,AIp5,saline,M,4h,360.0965218130794
6349,4,AIp5,morphine,F,4h,1872.236159537376
6350,5,AIp5,saline,F,4h,170.08249000765375
6351,6,AIp5,morphine,M,1h,1704.8112084360916
6352,7,AIp5,morphine,M,4h,935.4536950420955
6353,8,AIp5,saline,M,4h,506.2611616634068
6354,9,AIp5,morphine,F,4h,369.39790798537297
6355,10,AIp5,saline,F,1h,967.3441619185306
6356,11,AIp5,saline,M,1h,429.1925333786887
6357,12,AIp5,morphine,M,1h,253.79496555829581
6358,13,AIp5,saline,M,4h,46.506930861467815
6359,14,AIp5,morphine,M,1h,1429.7559316268391
6360,15,AIp5,morphine,F,4h,523.5351645548092
6361,16,AIp5,saline,F,4h,17.274002891402333
6362,17,AIp5,morphine,M,1h,386.67191087677526
6363,18,AIp5,saline,M,1h,0.0
6364,19,AIp5,morphine,F,1h,1226.4542052895656
6365,20,AIp5,morphine,F,1h,1618.44119397908
6366,21,AIp5,morphine,F,1h,397.30206650225364
6367,22,AIp5,morphine,M,4h,2314.7163874479124
6368,23,AIp5,morphine,M,4h,956.7140062930522
6369,24,AIp5,saline,F,1h,427.8637639255039
6370,25,AIp5,saline,F,4h,473.04192533378693
6371,26,AIp5,saline,F,4h,103.644017348414
6372,0,AIp6a,morphine,M,1h,3121.1416034405997
6373,1,AIp6a,morphine,M,4h,0.0
6374,2,AIp6a,saline,M,1h,121.63272425172926
6375,3,AIp6a,saline,M,4h,185.89152196962397
6376,4,AIp6a,morphine,F,4h,270.8049332396991
6377,5,AIp6a,saline,F,4h,45.899141227067645
6378,6,AIp6a,morphine,M,1h,660.9476336697741
6379,7,AIp6a,morphine,M,4h,64.25879771789471
6380,8,AIp6a,saline,M,4h,137.69742368120293
6381,9,AIp6a,morphine,F,4h,592.0989218291726
6382,10,AIp6a,saline,F,1h,286.8696326691728
6383,11,AIp6a,saline,M,1h,96.38819657684206
6384,12,AIp6a,morphine,M,1h,867.4937691915785
6385,13,AIp6a,saline,M,4h,57.373926533834556
6386,14,AIp6a,morphine,M,1h,686.1921613446613
6387,15,AIp6a,morphine,F,4h,814.7097567804507
6388,16,AIp6a,saline,F,4h,100.97811069954882
6389,17,AIp6a,morphine,M,1h,126.22263837443603
6390,18,AIp6a,saline,M,1h,9.17982824541353
6391,19,AIp6a,morphine,F,1h,94.09323951548868
6392,20,AIp6a,morphine,F,1h,59.66888359518794
6393,21,AIp6a,morphine,F,1h,18.35965649082706
6394,22,AIp6a,morphine,M,4h,153.7621231106766
6395,23,AIp6a,morphine,M,4h,374.0780010006013
6396,24,AIp6a,saline,F,1h,9.17982824541353
6397,25,AIp6a,saline,F,4h,25.244527674887205
6398,26,AIp6a,saline,F,4h,9.17982824541353
6399,0,AIp6b,morphine,M,1h,872.515753756665
6400,1,AIp6b,morphine,M,4h,0.0
6401,2,AIp6b,saline,M,1h,0.0
6402,3,AIp6b,saline,M,4h,0.0
6403,4,AIp6b,morphine,F,4h,96.94619486185168
6404,5,AIp6b,saline,F,4h,48.47309743092584
6405,6,AIp6b,morphine,M,1h,242.3654871546292
6406,7,AIp6b,morphine,M,4h,0.0
6407,8,AIp6b,saline,M,4h,0.0
6408,9,AIp6b,morphine,F,4h,0.0
6409,10,AIp6b,saline,F,1h,339.31168201648086
6410,11,AIp6b,saline,M,1h,0.0
6411,12,AIp6b,morphine,M,1h,290.83858458555505
6412,13,AIp6b,saline,M,4h,48.47309743092584
6413,14,AIp6b,morphine,M,1h,0.0
6414,15,AIp6b,morphine,F,4h,242.3654871546292
6415,16,AIp6b,saline,F,4h,242.3654871546292
6416,17,AIp6b,morphine,M,1h,0.0
6417,18,AIp6b,saline,M,1h,48.47309743092584
6418,19,AIp6b,morphine,F,1h,48.47309743092584
6419,20,AIp6b,morphine,F,1h,0.0
6420,21,AIp6b,morphine,F,1h,0.0
6421,22,AIp6b,morphine,M,4h,96.94619486185168
6422,23,AIp6b,morphine,M,4h,1114.8812409112943
6423,24,AIp6b,saline,F,1h,0.0
6424,25,AIp6b,saline,F,4h,0.0
6425,26,AIp6b,saline,F,4h,0.0
6426,0,AIv,morphine,M,1h,2484.3932834917546
6427,1,AIv,morphine,M,4h,806.9954981179712
6428,2,AIv,saline,M,1h,2389.859525140792
6429,3,AIv,saline,M,4h,1080.2211167664843
6430,4,AIv,morphine,F,4h,531.4641780462639
6431,5,AIv,saline,F,4h,36.89122277110726
6432,6,AIv,morphine,M,1h,691.1340016024625
6433,7,AIv,morphine,M,4h,206.36027737588122
6434,8,AIv,saline,M,4h,269.76706651372183
6435,9,AIv,morphine,F,4h,307.23471464062766
6436,10,AIv,saline,F,1h,497.45508205414944
6437,11,AIv,saline,M,1h,331.4445795841668
6438,12,AIv,morphine,M,1h,153.32914464241455
6439,13,AIv,saline,M,4h,33.432670636315954
6440,14,AIv,morphine,M,1h,468.0573889084233
6441,15,AIv,morphine,F,4h,298.0119089478508
6442,16,AIv,saline,F,4h,8.646380336978263
6443,17,AIv,morphine,M,1h,17.869186029755078
6444,18,AIv,saline,M,1h,2.3057014231942037
6445,19,AIv,morphine,F,1h,627.727212464622
6446,20,AIv,morphine,F,1h,534.3463048252567
6447,21,AIv,morphine,F,1h,268.6142158021247
6448,22,AIv,morphine,M,4h,1060.0462293135352
6449,23,AIv,morphine,M,4h,754.5407907403031
6450,24,AIv,saline,F,1h,932.6562256820554
6451,25,AIv,saline,F,4h,186.7618152787305
6452,26,AIv,saline,F,4h,37.46764812690581
6453,0,AIv1,morphine,M,1h,104.63534581981794
6454,1,AIv1,morphine,M,4h,2197.342262216177
6455,2,AIv1,saline,M,1h,3650.163794560572
6456,3,AIv1,saline,M,4h,1440.7482232113393
6457,4,AIv1,morphine,F,4h,4.024436377685306
6458,5,AIv1,saline,F,4h,0.0
6459,6,AIv1,morphine,M,1h,0.0
6460,7,AIv1,morphine,M,4h,24.146618266111833
6461,8,AIv1,saline,M,4h,8.048872755370612
6462,9,AIv1,morphine,F,4h,0.0
6463,10,AIv1,saline,F,1h,185.12407337352406
6464,11,AIv1,saline,M,1h,36.21992739916775
6465,12,AIv1,morphine,M,1h,0.0
6466,13,AIv1,saline,M,4h,28.171054643797138
6467,14,AIv1,morphine,M,1h,52.31767290990897
6468,15,AIv1,morphine,F,4h,16.097745510741223
6469,16,AIv1,saline,F,4h,0.0
6470,17,AIv1,morphine,M,1h,0.0
6471,18,AIv1,saline,M,1h,4.024436377685306
6472,19,AIv1,morphine,F,1h,96.58647306444733
6473,20,AIv1,morphine,F,1h,0.0
6474,21,AIv1,morphine,F,1h,0.0
6475,22,AIv1,morphine,M,4h,88.53760030907672
6476,23,AIv1,morphine,M,4h,8.048872755370612
6477,24,AIv1,saline,F,1h,1002.0846580436411
6478,25,AIv1,saline,F,4h,4.024436377685306
6479,26,AIv1,saline,F,4h,8.048872755370612
6480,0,AIv2/3,morphine,M,1h,2233.883764085738
6481,1,AIv2/3,morphine,M,4h,1274.1037570932954
6482,2,AIv2/3,saline,M,1h,4165.209907753543
6483,3,AIv2/3,saline,M,4h,1543.043864131458
6484,4,AIv2/3,morphine,F,4h,203.38595594761046
6485,5,AIv2/3,saline,F,4h,3.3617513379770325
6486,6,AIv2/3,morphine,M,1h,107.57604281526504
6487,7,AIv2/3,morphine,M,4h,77.32028077347175
6488,8,AIv2/3,saline,M,4h,215.15208563053008
6489,9,AIv2/3,morphine,F,4h,11.766129682919614
6490,10,AIv2/3,saline,F,1h,576.540354463061
6491,11,AIv2/3,saline,M,1h,164.7258155608746
6492,12,AIv2/3,morphine,M,1h,18.489632358873678
6493,13,AIv2/3,saline,M,4h,48.74539440066697
6494,14,AIv2/3,morphine,M,1h,213.47120996154155
6495,15,AIv2/3,morphine,F,4h,117.66129682919613
6496,16,AIv2/3,saline,F,4h,10.085254013931097
6497,17,AIv2/3,morphine,M,1h,0.0
6498,18,AIv2/3,saline,M,1h,5.0426270069655486
6499,19,AIv2/3,morphine,F,1h,581.5829814700267
6500,20,AIv2/3,morphine,F,1h,144.55530753301238
6501,21,AIv2/3,morphine,F,1h,72.27765376650619
6502,22,AIv2/3,morphine,M,4h,665.6267649194524
6503,23,AIv2/3,morphine,M,4h,403.4101605572439
6504,24,AIv2/3,saline,F,1h,1714.4931823682866
6505,25,AIv2/3,saline,F,4h,152.95968587795497
6506,26,AIv2/3,saline,F,4h,23.532259365839227
6507,0,AIv5,morphine,M,1h,3316.065916005952
6508,1,AIv5,morphine,M,4h,133.2533813045506
6509,2,AIv5,saline,M,1h,1034.101761165523
6510,3,AIv5,saline,M,4h,814.7889044351167
6511,4,AIv5,morphine,F,4h,924.4453328003199
6512,5,AIv5,saline,F,4h,49.970017989206475
6513,6,AIv5,morphine,M,1h,1394.9963355320142
6514,7,AIv5,morphine,M,4h,324.8051169298421
6515,8,AIv5,saline,M,4h,363.67068647700273
6516,9,AIv5,morphine,F,4h,445.5659937370911
6517,10,AIv5,saline,F,1h,644.0580096386612
6518,11,AIv5,saline,M,1h,621.8491127545695
6519,12,AIv5,morphine,M,1h,138.80560552557355
6520,13,AIv5,saline,M,4h,29.149177160370446
6521,14,AIv5,morphine,M,1h,542.7299176049926
6522,15,AIv5,morphine,F,4h,506.64046016834345
6523,16,AIv5,saline,F,4h,12.492504497301619
6524,17,AIv5,morphine,M,1h,24.985008994603238
6525,18,AIv5,saline,M,1h,0.0
6526,19,AIv5,morphine,F,1h,998.0123037288738
6527,20,AIv5,morphine,F,1h,981.355631065805
6528,21,AIv5,morphine,F,1h,502.47629200257626
6529,22,AIv5,morphine,M,4h,1966.8754302973773
6530,23,AIv5,morphine,M,4h,1317.265196437693
6531,24,AIv5,saline,F,1h,484.4315632842517
6532,25,AIv5,saline,F,4h,317.86483665356343
6533,26,AIv5,saline,F,4h,47.193905878695006
6534,0,AIv6a,morphine,M,1h,3364.537182602068
6535,1,AIv6a,morphine,M,4h,0.0
6536,2,AIv6a,saline,M,1h,95.27892906483731
6537,3,AIv6a,saline,M,4h,65.50426373207566
6538,4,AIv6a,morphine,F,4h,797.9610309180125
6539,5,AIv6a,saline,F,4h,154.82825973036063
6540,6,AIv6a,morphine,M,1h,768.1863655852509
6541,7,AIv6a,morphine,M,4h,428.75518079176794
6542,8,AIv6a,saline,M,4h,452.57491305797726
6543,9,AIv6a,morphine,F,4h,1220.761278643228
6544,10,AIv6a,saline,F,1h,59.54933066552332
6545,11,AIv6a,saline,M,1h,119.09866133104664
6546,12,AIv6a,morphine,M,1h,923.0146253156115
6547,13,AIv6a,saline,M,4h,5.954933066552332
6548,14,AIv6a,morphine,M,1h,1673.3361917012053
6549,15,AIv6a,morphine,F,4h,464.4847791910819
6550,16,AIv6a,saline,F,4h,0.0
6551,17,AIv6a,morphine,M,1h,35.72959839931399
6552,18,AIv6a,saline,M,1h,0.0
6553,19,AIv6a,morphine,F,1h,0.0
6554,20,AIv6a,morphine,F,1h,797.9610309180125
6555,21,AIv6a,morphine,F,1h,363.25091705969226
6556,22,AIv6a,morphine,M,4h,23.81973226620933
6557,23,AIv6a,morphine,M,4h,690.7722357200705
6558,24,AIv6a,saline,F,1h,0.0
6559,25,AIv6a,saline,F,4h,17.864799199656996
6560,26,AIv6a,saline,F,4h,89.32399599828499
6561,0,AIv6b,morphine,M,1h,326.79738562091507
6562,1,AIv6b,morphine,M,4h,0.0
6563,2,AIv6b,saline,M,1h,0.0
6564,3,AIv6b,saline,M,4h,0.0
6565,4,AIv6b,morphine,F,4h,0.0
6566,5,AIv6b,saline,F,4h,0.0
6567,6,AIv6b,morphine,M,1h,326.79738562091507
6568,7,AIv6b,morphine,M,4h,0.0
6569,8,AIv6b,saline,M,4h,0.0
6570,9,AIv6b,morphine,F,4h,0.0
6571,10,AIv6b,saline,F,1h,0.0
6572,11,AIv6b,saline,M,1h,0.0
6573,12,AIv6b,morphine,M,1h,0.0
6574,13,AIv6b,saline,M,4h,0.0
6575,14,AIv6b,morphine,M,1h,0.0
6576,15,AIv6b,morphine,F,4h,0.0
6577,16,AIv6b,saline,F,4h,0.0
6578,17,AIv6b,morphine,M,1h,2287.5816993464055
6579,18,AIv6b,saline,M,1h,0.0
6580,19,AIv6b,morphine,F,1h,0.0
6581,20,AIv6b,morphine,F,1h,0.0
6582,21,AIv6b,morphine,F,1h,0.0
6583,22,AIv6b,morphine,M,4h,0.0
6584,23,AIv6b,morphine,M,4h,653.5947712418301
6585,24,AIv6b,saline,F,1h,0.0
6586,25,AIv6b,saline,F,4h,0.0
6587,26,AIv6b,saline,F,4h,0.0
6588,0,RSP,morphine,M,1h,2873.8619655136563
6589,1,RSP,morphine,M,4h,892.3576559583748
6590,2,RSP,saline,M,1h,2405.6431506194617
6591,3,RSP,saline,M,4h,1315.354035497803
6592,4,RSP,morphine,F,4h,169.08430566329602
6593,5,RSP,saline,F,4h,26.276615069296003
6594,6,RSP,morphine,M,1h,412.3334053084094
6595,7,RSP,morphine,M,4h,127.67007539103602
6596,8,RSP,saline,M,4h,96.72840909566935
6597,9,RSP,morphine,F,4h,279.1414325477387
6598,10,RSP,saline,F,1h,212.497843603872
6599,11,RSP,saline,M,1h,40.08135849338267
6600,12,RSP,morphine,M,1h,187.55410031345335
6601,13,RSP,saline,M,4h,8.282846054452001
6602,14,RSP,morphine,M,1h,541.7171729865734
6603,15,RSP,morphine,F,4h,102.15510133824135
6604,16,RSP,saline,F,4h,27.133461212860002
6605,17,RSP,morphine,M,1h,156.04120325571068
6606,18,RSP,saline,M,1h,41.223820018134674
6607,19,RSP,morphine,F,1h,353.68704703780674
6608,20,RSP,morphine,F,1h,346.2610471269187
6609,21,RSP,morphine,F,1h,255.62576616326004
6610,22,RSP,morphine,M,4h,101.77428082999067
6611,23,RSP,morphine,M,4h,543.8116857819521
6612,24,RSP,saline,F,1h,445.0839690179667
6613,25,RSP,saline,F,4h,185.84040802632535
6614,26,RSP,saline,F,4h,73.11753758412802
6615,0,RSPagl,morphine,M,1h,5028.246765919246
6616,1,RSPagl,morphine,M,4h,1357.1854036597763
6617,2,RSPagl,saline,M,1h,3794.518990413579
6618,3,RSPagl,saline,M,4h,1815.8029158061402
6619,4,RSPagl,morphine,F,4h,181.1560385629023
6620,5,RSPagl,saline,F,4h,13.57609656677488
6621,6,RSPagl,morphine,M,1h,258.37008778643445
6622,7,RSPagl,morphine,M,4h,129.8214234197848
6623,8,RSPagl,saline,M,4h,94.60842294971245
6624,9,RSPagl,morphine,F,4h,319.4625223369214
6625,10,RSPagl,saline,F,1h,263.461123998975
6626,11,RSPagl,saline,M,1h,55.15289230252295
6627,12,RSPagl,morphine,M,1h,381.8277159405435
6628,13,RSPagl,saline,M,4h,12.303337513639734
6629,14,RSPagl,morphine,M,1h,722.9271421807623
6630,15,RSPagl,morphine,F,4h,191.7623640056952
6631,16,RSPagl,saline,F,4h,34.78874745236063
6632,17,RSPagl,morphine,M,1h,226.5511114580558
6633,18,RSPagl,saline,M,1h,38.18277159405435
6634,19,RSPagl,morphine,F,1h,725.0484072693209
6635,20,RSPagl,morphine,F,1h,526.92224799795
6636,21,RSPagl,morphine,F,1h,605.833309292329
6637,22,RSPagl,morphine,M,4h,144.6702790396948
6638,23,RSPagl,morphine,M,4h,413.6466922689221
6639,24,RSPagl,saline,F,1h,316.9170042306511
6640,25,RSPagl,saline,F,4h,291.88607618565993
6641,26,RSPagl,saline,F,4h,112.00279667589275
6642,0,RSPagl1,morphine,M,1h,2734.103955087365
6643,1,RSPagl1,morphine,M,4h,5213.918501230051
6644,2,RSPagl1,saline,M,1h,8691.178325868921
6645,3,RSPagl1,saline,M,4h,3390.5254525957234
6646,4,RSPagl1,morphine,F,4h,9.856178641266638
6647,5,RSPagl1,saline,F,4h,1.9712357282533275
6648,6,RSPagl1,morphine,M,1h,15.76988582602662
6649,7,RSPagl1,morphine,M,4h,13.798650097773294
6650,8,RSPagl1,saline,M,4h,53.22336466283984
6651,9,RSPagl1,morphine,F,4h,23.65482873903993
6652,10,RSPagl1,saline,F,1h,3.942471456506655
6653,11,RSPagl1,saline,M,1h,13.798650097773294
6654,12,RSPagl1,morphine,M,1h,199.0948085535861
6655,13,RSPagl1,saline,M,4h,19.712357282533276
6656,14,RSPagl1,morphine,M,1h,181.35368699930615
6657,15,RSPagl1,morphine,F,4h,3.942471456506655
6658,16,RSPagl1,saline,F,4h,15.76988582602662
6659,17,RSPagl1,morphine,M,1h,7.88494291301331
6660,18,RSPagl1,saline,M,1h,23.65482873903993
6661,19,RSPagl1,morphine,F,1h,173.46874408629282
6662,20,RSPagl1,morphine,F,1h,206.9797514665994
6663,21,RSPagl1,morphine,F,1h,96.59055068441305
6664,22,RSPagl1,morphine,M,4h,179.38245127105282
6665,23,RSPagl1,morphine,M,4h,0.0
6666,24,RSPagl1,saline,F,1h,587.4282470194917
6667,25,RSPagl1,saline,F,4h,248.37570175991928
6668,26,RSPagl1,saline,F,4h,175.43997981454615
6669,0,RSPagl2/3,morphine,M,1h,6394.545232003774
6670,1,RSPagl2/3,morphine,M,4h,758.2700695279918
6671,2,RSPagl2/3,saline,M,1h,5506.413949781027
6672,3,RSPagl2/3,saline,M,4h,3107.713158971022
6673,4,RSPagl2/3,morphine,F,4h,122.39792460884908
6674,5,RSPagl2/3,saline,F,4h,11.94126093744869
6675,6,RSPagl2/3,morphine,M,1h,68.66225039032997
6676,7,RSPagl2/3,morphine,M,4h,86.57414179650301
6677,8,RSPagl2/3,saline,M,4h,128.36855507757343
6678,9,RSPagl2/3,morphine,F,4h,168.67031074146277
6679,10,RSPagl2/3,saline,F,1h,22.389864257716297
6680,11,RSPagl2/3,saline,M,1h,4.477972851543259
6681,12,RSPagl2/3,morphine,M,1h,485.11372558385307
6682,13,RSPagl2/3,saline,M,4h,13.433918554629777
6683,14,RSPagl2/3,morphine,M,1h,1368.7670349550563
6684,15,RSPagl2/3,morphine,F,4h,65.6769351559678
6685,16,RSPagl2/3,saline,F,4h,46.272386132613676
6686,17,RSPagl2/3,morphine,M,1h,26.867837109259554
6687,18,RSPagl2/3,saline,M,1h,49.25770136697585
6688,19,RSPagl2/3,morphine,F,1h,692.5931343720241
6689,20,RSPagl2/3,morphine,F,1h,494.0696712869396
6690,21,RSPagl2/3,morphine,F,1h,743.343493356181
6691,22,RSPagl2/3,morphine,M,4h,205.98675117098992
6692,23,RSPagl2/3,morphine,M,4h,77.61819609341649
6693,24,RSPagl2/3,saline,F,1h,361.2231433578229
6694,25,RSPagl2/3,saline,F,4h,423.91476327942854
6695,26,RSPagl2/3,saline,F,4h,155.23639218683297
6696,0,RSPagl5,morphine,M,1h,6464.441480438928
6697,1,RSPagl5,morphine,M,4h,60.00747365808287
6698,2,RSPagl5,saline,M,1h,1031.0375019434239
6699,3,RSPagl5,saline,M,4h,561.888162434776
6700,4,RSPagl5,morphine,F,4h,324.58588024144825
6701,5,RSPagl5,saline,F,4h,16.365674634022604
6702,6,RSPagl5,morphine,M,1h,511.4273323132063
6703,7,RSPagl5,morphine,M,4h,210.02615780329006
6704,8,RSPagl5,saline,M,4h,110.46830377965256
6705,9,RSPagl5,morphine,F,4h,576.8900308492967
6706,10,RSPagl5,saline,F,1h,320.4944615829426
6707,11,RSPagl5,saline,M,1h,133.6530095111846
6708,12,RSPagl5,morphine,M,1h,433.69037780159897
6709,13,RSPagl5,saline,M,4h,2.727612439003767
6710,14,RSPagl5,morphine,M,1h,533.2482318252364
6711,15,RSPagl5,morphine,F,4h,338.2239424364671
6712,16,RSPagl5,saline,F,4h,49.097023902067804
6713,17,RSPagl5,morphine,M,1h,280.944081217388
6714,18,RSPagl5,saline,M,1h,39.55038036555462
6715,19,RSPagl5,morphine,F,1h,1343.3491262093553
6716,20,RSPagl5,morphine,F,1h,837.3770187741565
6717,21,RSPagl5,morphine,F,1h,1051.4945952359521
6718,22,RSPagl5,morphine,M,4h,125.47017219417329
6719,23,RSPagl5,morphine,M,4h,594.6195117028212
6720,24,RSPagl5,saline,F,1h,230.4832510958183
6721,25,RSPagl5,saline,F,4h,246.84892572984091
6722,26,RSPagl5,saline,F,4h,60.00747365808287
6723,0,RSPagl6a,morphine,M,1h,3388.8190802400554
6724,1,RSPagl6a,morphine,M,4h,4.8515663281890555
6725,2,RSPagl6a,saline,M,1h,191.63686996346772
6726,3,RSPagl6a,saline,M,4h,135.84385718929357
6727,4,RSPagl6a,morphine,F,4h,247.42988273764186
6728,5,RSPagl6a,saline,F,4h,26.683614805039806
6729,6,RSPagl6a,morphine,M,1h,429.3636200447315
6730,7,RSPagl6a,morphine,M,4h,206.19156894803487
6731,8,RSPagl6a,saline,M,4h,65.49614543055226
6732,9,RSPagl6a,morphine,F,4h,490.0081991470947
6733,10,RSPagl6a,saline,F,1h,875.7077222381246
6734,11,RSPagl6a,saline,M,1h,53.36722961007961
6735,12,RSPagl6a,morphine,M,1h,378.4221735987464
6736,13,RSPagl6a,saline,M,4h,19.406265312756222
6737,14,RSPagl6a,morphine,M,1h,718.0318165719802
6738,15,RSPagl6a,morphine,F,4h,380.8479567628409
6739,16,RSPagl6a,saline,F,4h,16.980482148661697
6740,17,RSPagl6a,morphine,M,1h,715.6060334078858
6741,18,RSPagl6a,saline,M,1h,38.812530625512444
6742,19,RSPagl6a,morphine,F,1h,417.2347042242588
6743,20,RSPagl6a,morphine,F,1h,451.1956685215822
6744,21,RSPagl6a,morphine,F,1h,266.8361480503981
6745,22,RSPagl6a,morphine,M,4h,48.51566328189056
6746,23,RSPagl6a,morphine,M,4h,1130.41495446805
6747,24,RSPagl6a,saline,F,1h,75.19927808693036
6748,25,RSPagl6a,saline,F,4h,230.44940058898015
6749,26,RSPagl6a,saline,F,4h,63.07036226645773
6750,0,RSPagl6b,morphine,M,1h,1280.484255864036
6751,1,RSPagl6b,morphine,M,4h,0.0
6752,2,RSPagl6b,saline,M,1h,320.121063966009
6753,3,RSPagl6b,saline,M,4h,291.0191490600082
6754,4,RSPagl6b,morphine,F,4h,0.0
6755,5,RSPagl6b,saline,F,4h,0.0
6756,6,RSPagl6b,morphine,M,1h,87.30574471800246
6757,7,RSPagl6b,morphine,M,4h,58.203829812001636
6758,8,RSPagl6b,saline,M,4h,58.203829812001636
6759,9,RSPagl6b,morphine,F,4h,87.30574471800246
6760,10,RSPagl6b,saline,F,1h,232.81531924800655
6761,11,RSPagl6b,saline,M,1h,0.0
6762,12,RSPagl6b,morphine,M,1h,0.0
6763,13,RSPagl6b,saline,M,4h,0.0
6764,14,RSPagl6b,morphine,M,1h,232.81531924800655
6765,15,RSPagl6b,morphine,F,4h,29.101914906000818
6766,16,RSPagl6b,saline,F,4h,0.0
6767,17,RSPagl6b,morphine,M,1h,320.121063966009
6768,18,RSPagl6b,saline,M,1h,0.0
6769,19,RSPagl6b,morphine,F,1h,0.0
6770,20,RSPagl6b,morphine,F,1h,174.61148943600492
6771,21,RSPagl6b,morphine,F,1h,0.0
6772,22,RSPagl6b,morphine,M,4h,0.0
6773,23,RSPagl6b,morphine,M,4h,611.1402130260171
6774,24,RSPagl6b,saline,F,1h,203.71340434200573
6775,25,RSPagl6b,saline,F,4h,58.203829812001636
6776,26,RSPagl6b,saline,F,4h,29.101914906000818
6777,0,RSPd,morphine,M,1h,3580.3153456900673
6778,1,RSPd,morphine,M,4h,1132.5514175185149
6779,2,RSPd,saline,M,1h,3212.6243556195664
6780,3,RSPd,saline,M,4h,1888.9894314502396
6781,4,RSPd,morphine,F,4h,189.2411036941232
6782,5,RSPd,saline,F,4h,20.003232101186878
6783,6,RSPd,morphine,M,1h,533.7704565948288
6784,7,RSPd,morphine,M,4h,170.55387370485653
6785,8,RSPd,saline,M,4h,81.06573009428367
6786,9,RSPd,morphine,F,4h,358.47897528705954
6787,10,RSPd,saline,F,1h,278.7292473046961
6788,11,RSPd,saline,M,1h,34.742455754693
6789,12,RSPd,morphine,M,1h,193.71551087465187
6790,13,RSPd,saline,M,4h,10.791217317745552
6791,14,RSPd,morphine,M,1h,778.2836489896
6792,15,RSPd,morphine,F,4h,131.3370107696349
6793,16,RSPd,saline,F,4h,32.37365195323666
6794,17,RSPd,morphine,M,1h,212.40274086391855
6795,18,RSPd,saline,M,1h,46.5864747619747
6796,19,RSPd,morphine,F,1h,289.52046462244164
6797,20,RSPd,morphine,F,1h,411.11905976386714
6798,21,RSPd,morphine,F,1h,238.19638225755426
6799,22,RSPd,morphine,M,4h,85.27693685242826
6800,23,RSPd,morphine,M,4h,564.0385051689931
6801,24,RSPd,saline,F,1h,301.36448362972334
6802,25,RSPd,saline,F,4h,274.5180405465515
6803,26,RSPd,saline,F,4h,65.01050432885735
6804,0,RSPd1,morphine,M,1h,1171.3311890931784
6805,1,RSPd1,morphine,M,4h,3245.1634583073305
6806,2,RSPd1,saline,M,1h,4894.1481445921945
6807,3,RSPd1,saline,M,4h,2555.086169651001
6808,4,RSPd1,morphine,F,4h,33.60376362152561
6809,5,RSPd1,saline,F,4h,12.001344150544861
6810,6,RSPd1,morphine,M,1h,386.44328164754455
6811,7,RSPd1,morphine,M,4h,12.001344150544861
6812,8,RSPd1,saline,M,4h,24.002688301089723
6813,9,RSPd1,morphine,F,4h,45.605107772070475
6814,10,RSPd1,saline,F,1h,12.001344150544861
6815,11,RSPd1,saline,M,1h,10.801209735490374
6816,12,RSPd1,morphine,M,1h,116.41303826028515
6817,13,RSPd1,saline,M,4h,0.0
6818,14,RSPd1,morphine,M,1h,300.03360376362156
6819,15,RSPd1,morphine,F,4h,18.002016225817293
6820,16,RSPd1,saline,F,4h,20.402285055926264
6821,17,RSPd1,morphine,M,1h,46.80524218712496
6822,18,RSPd1,saline,M,1h,34.8038980365801
6823,19,RSPd1,morphine,F,1h,114.01276943017618
6824,20,RSPd1,morphine,F,1h,170.41908693773703
6825,21,RSPd1,morphine,F,1h,58.80658633766982
6826,22,RSPd1,morphine,M,4h,114.01276943017618
6827,23,RSPd1,morphine,M,4h,26.402957131198693
6828,24,RSPd1,saline,F,1h,446.45000240026883
6829,25,RSPd1,saline,F,4h,81.60914022370505
6830,26,RSPd1,saline,F,4h,25.202822716144208
6831,0,RSPd2/3,morphine,M,1h,3362.64075273793
6832,1,RSPd2/3,morphine,M,4h,1411.897783947761
6833,2,RSPd2/3,saline,M,1h,4624.402282893722
6834,3,RSPd2/3,saline,M,4h,3650.5732942567743
6835,4,RSPd2/3,morphine,F,4h,113.11635559668879
6836,5,RSPd2/3,saline,F,4h,16.453288086791098
6837,6,RSPd2/3,morphine,M,1h,297.18751606766415
6838,7,RSPd2/3,morphine,M,4h,93.57807599362435
6839,8,RSPd2/3,saline,M,4h,79.18144891768215
6840,9,RSPd2/3,morphine,F,4h,148.07959278111986
6841,10,RSPd2/3,saline,F,1h,55.529847292919946
6842,11,RSPd2/3,saline,M,1h,9.254974548819991
6843,12,RSPd2/3,morphine,M,1h,226.23271119337758
6844,13,RSPd2/3,saline,M,4h,11.31163555966888
6845,14,RSPd2/3,morphine,M,1h,1228.85495398221
6846,15,RSPd2/3,morphine,F,4h,37.019898195279964
6847,16,RSPd2/3,saline,F,4h,13.368296570517765
6848,17,RSPd2/3,morphine,M,1h,54.501516787495504
6849,18,RSPd2/3,saline,M,1h,67.86981335801327
6850,19,RSPd2/3,morphine,F,1h,219.03439765540645
6851,20,RSPd2/3,morphine,F,1h,279.70589747544864
6852,21,RSPd2/3,morphine,F,1h,303.3574991002108
6853,22,RSPd2/3,morphine,M,4h,111.05969458583989
6854,23,RSPd2/3,morphine,M,4h,152.19291480281763
6855,24,RSPd2/3,saline,F,1h,386.65227003959075
6856,25,RSPd2/3,saline,F,4h,331.1224227466708
6857,26,RSPd2/3,saline,F,4h,86.37976245565325
6858,0,RSPd4,morphine,M,1h,0.0
6859,1,RSPd4,morphine,M,4h,0.0
6860,2,RSPd4,saline,M,1h,0.0
6861,3,RSPd4,saline,M,4h,0.0
6862,4,RSPd4,morphine,F,4h,0.0
6863,5,RSPd4,saline,F,4h,0.0
6864,6,RSPd4,morphine,M,1h,0.0
6865,7,RSPd4,morphine,M,4h,0.0
6866,8,RSPd4,saline,M,4h,0.0
6867,9,RSPd4,morphine,F,4h,0.0
6868,10,RSPd4,saline,F,1h,0.0
6869,11,RSPd4,saline,M,1h,0.0
6870,12,RSPd4,morphine,M,1h,0.0
6871,13,RSPd4,saline,M,4h,0.0
6872,14,RSPd4,morphine,M,1h,0.0
6873,15,RSPd4,morphine,F,4h,0.0
6874,16,RSPd4,saline,F,4h,0.0
6875,17,RSPd4,morphine,M,1h,0.0
6876,18,RSPd4,saline,M,1h,0.0
6877,19,RSPd4,morphine,F,1h,0.0
6878,20,RSPd4,morphine,F,1h,0.0
6879,21,RSPd4,morphine,F,1h,0.0
6880,22,RSPd4,morphine,M,4h,0.0
6881,23,RSPd4,morphine,M,4h,0.0
6882,24,RSPd4,saline,F,1h,0.0
6883,25,RSPd4,saline,F,4h,0.0
6884,26,RSPd4,saline,F,4h,0.0
6885,0,RSPd5,morphine,M,1h,5210.656804782793
6886,1,RSPd5,morphine,M,4h,167.49724292904585
6887,2,RSPd5,saline,M,1h,2235.507757112414
6888,3,RSPd5,saline,M,4h,965.1821325218286
6889,4,RSPd5,morphine,F,4h,333.3360973142398
6890,5,RSPd5,saline,F,4h,23.217439613927148
6891,6,RSPd5,morphine,M,1h,707.3027139528521
6892,7,RSPd5,morphine,M,4h,268.65894410401415
6893,8,RSPd5,saline,M,4h,110.28283816615395
6894,9,RSPd5,morphine,F,4h,549.7558022869179
6895,10,RSPd5,saline,F,1h,252.90425293742072
6896,11,RSPd5,saline,M,1h,67.99393029792951
6897,12,RSPd5,morphine,M,1h,144.2798033151187
6898,13,RSPd5,saline,M,4h,18.24227398237133
6899,14,RSPd5,morphine,M,1h,909.6261163027887
6900,15,RSPd5,morphine,F,4h,108.62444962230202
6901,16,RSPd5,saline,F,4h,58.04359903481787
6902,17,RSPd5,morphine,M,1h,166.6680486571199
6903,18,RSPd5,saline,M,1h,31.509382333186846
6904,19,RSPd5,morphine,F,1h,448.59410111194956
6905,20,RSPd5,morphine,F,1h,694.0356056020365
6906,21,RSPd5,morphine,F,1h,347.43239993698126
6907,22,RSPd5,morphine,M,4h,88.72378709607875
6908,23,RSPd5,morphine,M,4h,742.1288733737427
6909,24,RSPd5,saline,F,1h,239.63714458660522
6910,25,RSPd5,saline,F,4h,393.86727916483557
6911,26,RSPd5,saline,F,4h,52.239239131336085
6912,0,RSPd6a,morphine,M,1h,3940.8268071373636
6913,1,RSPd6a,morphine,M,4h,29.073839623414486
6914,2,RSPd6a,saline,M,1h,1221.1012641834084
6915,3,RSPd6a,saline,M,4h,434.78605618651665
6916,4,RSPd6a,morphine,F,4h,235.2337933167172
6917,5,RSPd6a,saline,F,4h,29.073839623414486
6918,6,RSPd6a,morphine,M,1h,741.3829103970694
6919,7,RSPd6a,morphine,M,4h,292.0599343988455
6920,8,RSPd6a,saline,M,4h,103.07997684665136
6921,9,RSPd6a,morphine,F,4h,683.2352311502405
6922,10,RSPd6a,saline,F,1h,892.0382611729444
6923,11,RSPd6a,saline,M,1h,42.289221270421066
6924,12,RSPd6a,morphine,M,1h,322.45531218696067
6925,13,RSPd6a,saline,M,4h,10.572305317605267
6926,14,RSPd6a,morphine,M,1h,536.5444948684673
6927,15,RSPd6a,morphine,F,4h,418.9275982101087
6928,16,RSPd6a,saline,F,4h,30.395377788115145
6929,17,RSPd6a,morphine,M,1h,659.4475441856285
6930,18,RSPd6a,saline,M,1h,55.504602917427654
6931,19,RSPd6a,morphine,F,1h,331.70607933986525
6932,20,RSPd6a,morphine,F,1h,404.39067839840146
6933,21,RSPd6a,morphine,F,1h,187.6584193874935
6934,22,RSPd6a,morphine,M,4h,18.50153430580922
6935,23,RSPd6a,morphine,M,4h,1371.7566149592835
6936,24,RSPd6a,saline,F,1h,136.11843096416783
6937,25,RSPd6a,saline,F,4h,235.2337933167172
6938,26,RSPd6a,saline,F,4h,104.40151501135202
6939,0,RSPd6b,morphine,M,1h,2934.5372460496615
6940,1,RSPd6b,morphine,M,4h,64.49532408900355
6941,2,RSPd6b,saline,M,1h,354.7242824895195
6942,3,RSPd6b,saline,M,4h,161.23831022250886
6943,4,RSPd6b,morphine,F,4h,32.24766204450177
6944,5,RSPd6b,saline,F,4h,0.0
6945,6,RSPd6b,morphine,M,1h,96.74298613350533
6946,7,RSPd6b,morphine,M,4h,64.49532408900355
6947,8,RSPd6b,saline,M,4h,0.0
6948,9,RSPd6b,morphine,F,4h,0.0
6949,10,RSPd6b,saline,F,1h,483.71493066752663
6950,11,RSPd6b,saline,M,1h,0.0
6951,12,RSPd6b,morphine,M,1h,32.24766204450177
6952,13,RSPd6b,saline,M,4h,0.0
6953,14,RSPd6b,morphine,M,1h,290.228958400516
6954,15,RSPd6b,morphine,F,4h,0.0
6955,16,RSPd6b,saline,F,4h,0.0
6956,17,RSPd6b,morphine,M,1h,483.71493066752663
6957,18,RSPd6b,saline,M,1h,64.49532408900355
6958,19,RSPd6b,morphine,F,1h,0.0
6959,20,RSPd6b,morphine,F,1h,161.23831022250886
6960,21,RSPd6b,morphine,F,1h,0.0
6961,22,RSPd6b,morphine,M,4h,0.0
6962,23,RSPd6b,morphine,M,4h,1289.9064817800709
6963,24,RSPd6b,saline,F,1h,161.23831022250886
6964,25,RSPd6b,saline,F,4h,0.0
6965,26,RSPd6b,saline,F,4h,0.0
6966,0,RSPv,morphine,M,1h,1088.2952249810567
6967,1,RSPv,morphine,M,4h,430.3953426209167
6968,2,RSPv,saline,M,1h,947.2838166290406
6969,3,RSPv,saline,M,4h,542.6523854851644
6970,4,RSPv,morphine,F,4h,144.92200205835252
6971,5,RSPv,saline,F,4h,38.64586721556067
6972,6,RSPv,morphine,M,1h,389.67916109023673
6973,7,RSPv,morphine,M,4h,89.02351555013082
6974,8,RSPv,saline,M,4h,111.56693809254122
6975,9,RSPv,morphine,F,4h,187.93853282805398
6976,10,RSPv,saline,F,1h,126.97927799398505
6977,11,RSPv,saline,M,1h,36.575552900441345
6978,12,RSPv,morphine,M,1h,76.83166458331705
6979,13,RSPv,saline,M,4h,3.9105937063364964
6980,14,RSPv,morphine,M,1h,236.7059366953091
6981,15,RSPv,morphine,F,4h,28.064260716061916
6982,16,RSPv,saline,F,4h,18.40279391217175
6983,17,RSPv,morphine,M,1h,68.55040732283976
6984,18,RSPv,saline,M,1h,38.18579736775638
6985,19,RSPv,morphine,F,1h,208.41164105534503
6986,20,RSPv,morphine,F,1h,191.6190916104883
6987,21,RSPv,morphine,F,1h,80.97229321355569
6988,22,RSPv,morphine,M,4h,92.93410925646732
6989,23,RSPv,morphine,M,4h,596.710592602169
6990,24,RSPv,saline,F,1h,640.1871932196747
6991,25,RSPv,saline,F,4h,50.83771818237445
6992,26,RSPv,saline,F,4h,59.11897544285174
6993,0,RSPv1,morphine,M,1h,420.090013257112
6994,1,RSPv1,morphine,M,4h,658.6335886242158
6995,2,RSPv1,saline,M,1h,1266.603055046569
6996,3,RSPv1,saline,M,4h,744.1292948398592
6997,4,RSPv1,morphine,F,4h,49.608619655990616
6998,5,RSPv1,saline,F,4h,46.44211201837419
6999,6,RSPv1,morphine,M,1h,258.5981237386745
7000,7,RSPv1,morphine,M,4h,69.66316802756128
7001,8,RSPv1,saline,M,4h,108.71676222483049
7002,9,RSPv1,morphine,F,4h,94.99522912849267
7003,10,RSPv1,saline,F,1h,41.16459928901349
7004,11,RSPv1,saline,M,1h,20.054548371570675
7005,12,RSPv1,morphine,M,1h,4.222010183488563
7006,13,RSPv1,saline,M,4h,5.277512729360704
7007,14,RSPv1,morphine,M,1h,224.82204227076596
7008,15,RSPv1,morphine,F,4h,40.10909674314135
7009,16,RSPv1,saline,F,4h,5.277512729360704
7010,17,RSPv1,morphine,M,1h,0.0
7011,18,RSPv1,saline,M,1h,35.887086559652786
7012,19,RSPv1,morphine,F,1h,50.66412220186275
7013,20,RSPv1,morphine,F,1h,75.99618330279414
7014,21,RSPv1,morphine,F,1h,7.388517821104985
7015,22,RSPv1,morphine,M,4h,322.98377903687503
7016,23,RSPv1,morphine,M,4h,478.14265328007974
7017,24,RSPv1,saline,F,1h,276.54166701850085
7018,25,RSPv1,saline,F,4h,24.276558555059236
7019,26,RSPv1,saline,F,4h,64.38565529820059
7020,0,RSPv2/3,morphine,M,1h,1197.4688292841843
7021,1,RSPv2/3,morphine,M,4h,582.4456795364127
7022,2,RSPv2/3,saline,M,1h,1380.100101681195
7023,3,RSPv2/3,saline,M,4h,601.2024048096193
7024,4,RSPv2/3,morphine,F,4h,112.54035163923908
7025,5,RSPv2/3,saline,F,4h,43.43662694847824
7026,6,RSPv2/3,morphine,M,1h,195.4648212681521
7027,7,RSPv2/3,morphine,M,4h,98.71960670108692
7028,8,RSPv2/3,saline,M,4h,150.0538021856521
7029,9,RSPv2/3,morphine,F,4h,105.629979170163
7030,10,RSPv2/3,saline,F,1h,138.20744938152168
7031,11,RSPv2/3,saline,M,1h,34.55186234538042
7032,12,RSPv2/3,morphine,M,1h,76.01409715983692
7033,13,RSPv2/3,saline,M,4h,8.884764603097821
7034,14,RSPv2/3,morphine,M,1h,274.4405066290216
7035,15,RSPv2/3,morphine,F,4h,8.884764603097821
7036,16,RSPv2/3,saline,F,4h,10.85915673711956
7037,17,RSPv2/3,morphine,M,1h,29.61588201032607
7038,18,RSPv2/3,saline,M,1h,41.4622348144565
7039,19,RSPv2/3,morphine,F,1h,183.61846846402165
7040,20,RSPv2/3,morphine,F,1h,140.18184151554343
7041,21,RSPv2/3,morphine,F,1h,39.48784268043477
7042,22,RSPv2/3,morphine,M,4h,72.06531289179344
7043,23,RSPv2/3,morphine,M,4h,625.882306484891
7044,24,RSPv2/3,saline,F,1h,725.5891092529888
7045,25,RSPv2/3,saline,F,4h,35.539058412391284
7046,26,RSPv2/3,saline,F,4h,28.628685943315205
7047,0,RSPv5,morphine,M,1h,1307.5204765450485
7048,1,RSPv5,morphine,M,4h,358.00446760982874
7049,2,RSPv5,saline,M,1h,720.7743857036486
7050,3,RSPv5,saline,M,4h,570.0670141474311
7051,4,RSPv5,morphine,F,4h,211.4668652271035
7052,5,RSPv5,saline,F,4h,44.08041697691735
7053,6,RSPv5,morphine,M,1h,604.6165301563664
7054,7,RSPv5,morphine,M,4h,98.2874162323157
7055,8,RSPv5,saline,M,4h,117.34921816827998
7056,9,RSPv5,morphine,F,4h,275.8004467609829
7057,10,RSPv5,saline,F,1h,156.66418466120626
7058,11,RSPv5,saline,M,1h,48.25018615040953
7059,12,RSPv5,morphine,M,1h,101.26582278481013
7060,13,RSPv5,saline,M,4h,1.7870439314966493
7061,14,RSPv5,morphine,M,1h,208.4884586746091
7062,15,RSPv5,morphine,F,4h,19.657483246463144
7063,16,RSPv5,saline,F,4h,30.975428145941923
7064,17,RSPv5,morphine,M,1h,88.1608339538347
7065,18,RSPv5,saline,M,1h,39.91064780342517
7066,19,RSPv5,morphine,F,1h,353.2390171258377
7067,20,RSPv5,morphine,F,1h,313.9240506329114
7068,21,RSPv5,morphine,F,1h,172.7475800446761
7069,22,RSPv5,morphine,M,4h,13.700670141474312
7070,23,RSPv5,morphine,M,4h,742.2189128816084
7071,24,RSPv5,saline,F,1h,1020.4020848845868
7072,25,RSPv5,saline,F,4h,81.0126582278481
7073,26,RSPv5,saline,F,4h,83.39538346984364
7074,0,RSPv6a,morphine,M,1h,1347.520955542419
7075,1,RSPv6a,morphine,M,4h,81.8516665908781
7076,2,RSPv6a,saline,M,1h,451.6999378533643
7077,3,RSPv6a,saline,M,4h,128.84058630045627
7078,4,RSPv6a,morphine,F,4h,171.2821911994301
7079,5,RSPv6a,saline,F,4h,9.094629621208677
7080,6,RSPv6a,morphine,M,1h,339.53283919179063
7081,7,RSPv6a,morphine,M,4h,84.88320979794766
7082,8,RSPv6a,saline,M,4h,46.98891970957816
7083,9,RSPv6a,morphine,F,4h,237.9761417549604
7084,10,RSPv6a,saline,F,1h,166.73487638882574
7085,11,RSPv6a,saline,M,1h,36.37851848483471
7086,12,RSPv6a,morphine,M,1h,125.8090430933867
7087,13,RSPv6a,saline,M,4h,0.0
7088,14,RSPv6a,morphine,M,1h,265.2600306185864
7089,15,RSPv6a,morphine,F,4h,63.66240734846074
7090,16,RSPv6a,saline,F,4h,18.189259242417354
7091,17,RSPv6a,morphine,M,1h,169.76641959589531
7092,18,RSPv6a,saline,M,1h,30.31543207069559
7093,19,RSPv6a,morphine,F,1h,119.74595667924758
7094,20,RSPv6a,morphine,F,1h,139.4509875251997
7095,21,RSPv6a,morphine,F,1h,22.736574053021695
7096,22,RSPv6a,morphine,M,4h,3.031543207069559
7097,23,RSPv6a,morphine,M,4h,378.9429008836949
7098,24,RSPv6a,saline,F,1h,106.10401224743457
7099,25,RSPv6a,saline,F,4h,39.41006169190427
7100,26,RSPv6a,saline,F,4h,40.92583329543905
7101,0,RSPv6b,morphine,M,1h,745.3416149068323
7102,1,RSPv6b,morphine,M,4h,41.40786749482402
7103,2,RSPv6b,saline,M,1h,248.44720496894413
7104,3,RSPv6b,saline,M,4h,62.111801242236034
7105,4,RSPv6b,morphine,F,4h,20.70393374741201
7106,5,RSPv6b,saline,F,4h,0.0
7107,6,RSPv6b,morphine,M,1h,248.44720496894413
7108,7,RSPv6b,morphine,M,4h,0.0
7109,8,RSPv6b,saline,M,4h,41.40786749482402
7110,9,RSPv6b,morphine,F,4h,0.0
7111,10,RSPv6b,saline,F,1h,0.0
7112,11,RSPv6b,saline,M,1h,0.0
7113,12,RSPv6b,morphine,M,1h,0.0
7114,13,RSPv6b,saline,M,4h,0.0
7115,14,RSPv6b,morphine,M,1h,269.1511387163561
7116,15,RSPv6b,morphine,F,4h,0.0
7117,16,RSPv6b,saline,F,4h,0.0
7118,17,RSPv6b,morphine,M,1h,165.63146997929607
7119,18,RSPv6b,saline,M,1h,62.111801242236034
7120,19,RSPv6b,morphine,F,1h,0.0
7121,20,RSPv6b,morphine,F,1h,0.0
7122,21,RSPv6b,morphine,F,1h,0.0
7123,22,RSPv6b,morphine,M,4h,0.0
7124,23,RSPv6b,morphine,M,4h,227.7432712215321
7125,24,RSPv6b,saline,F,1h,62.111801242236034
7126,25,RSPv6b,saline,F,4h,0.0
7127,26,RSPv6b,saline,F,4h,0.0
7128,0,PTLp,morphine,M,1h,1722.1392787773505
7129,1,PTLp,morphine,M,4h,539.3132934010847
7130,2,PTLp,saline,M,1h,1355.4062392646129
7131,3,PTLp,saline,M,4h,542.1624957058451
7132,4,PTLp,morphine,F,4h,94.02367605709476
7133,5,PTLp,saline,F,4h,12.617895921081981
7134,6,PTLp,morphine,M,1h,109.08374538225713
7135,7,PTLp,morphine,M,4h,90.76744485165426
7136,8,PTLp,saline,M,4h,52.91375708840831
7137,9,PTLp,morphine,F,4h,168.50996488154647
7138,10,PTLp,saline,F,1h,119.25946789925872
7139,11,PTLp,saline,M,1h,27.270936345564284
7140,12,PTLp,morphine,M,1h,236.48379129511713
7141,13,PTLp,saline,M,4h,1.6281156027202557
7142,14,PTLp,morphine,M,1h,377.72281983109934
7143,15,PTLp,morphine,F,4h,34.19042765712537
7144,16,PTLp,saline,F,4h,8.547606914281342
7145,17,PTLp,morphine,M,1h,162.4045313713455
7146,18,PTLp,saline,M,1h,50.87861258500799
7147,19,PTLp,morphine,F,1h,202.70039253867182
7148,20,PTLp,morphine,F,1h,236.48379129511713
7149,21,PTLp,morphine,F,1h,139.61091293326191
7150,22,PTLp,morphine,M,4h,35.41151435916556
7151,23,PTLp,morphine,M,4h,288.17646168148525
7152,24,PTLp,saline,F,1h,47.62238137956748
7153,25,PTLp,saline,F,4h,15.46709822584243
7154,26,PTLp,saline,F,4h,24.421734040803834
7155,0,VISa,morphine,M,1h,1935.1512405813376
7156,1,VISa,morphine,M,4h,532.2534471401453
7157,2,VISa,saline,M,1h,1522.4116223029482
7158,3,VISa,saline,M,4h,514.8822510846575
7159,4,VISa,morphine,F,4h,101.44778496404858
7160,5,VISa,saline,F,4h,12.507261159951195
7161,6,VISa,morphine,M,1h,115.3447418084388
7162,7,VISa,morphine,M,4h,64.6208493264145
7163,8,VISa,saline,M,4h,67.40024069529255
7164,9,VISa,morphine,F,4h,179.9655911348533
7165,10,VISa,saline,F,1h,93.10961085741445
7166,11,VISa,saline,M,1h,12.507261159951195
7167,12,VISa,morphine,M,1h,261.9576365167556
7168,13,VISa,saline,M,4h,2.779391368878043
7169,14,VISa,morphine,M,1h,364.7951171652432
7170,15,VISa,morphine,F,4h,34.742392110975544
7171,16,VISa,saline,F,4h,7.643326264414619
7172,17,VISa,morphine,M,1h,140.35926412834118
7173,18,VISa,saline,M,1h,26.404218004341413
7174,19,VISa,morphine,F,1h,190.38830876814598
7175,20,VISa,morphine,F,1h,210.53889619251177
7176,21,VISa,morphine,F,1h,139.66441628612168
7177,22,VISa,morphine,M,4h,0.0
7178,23,VISa,morphine,M,4h,163.98409076380455
7179,24,VISa,saline,F,1h,37.52178347985358
7180,25,VISa,saline,F,4h,16.67634821326826
7181,26,VISa,saline,F,4h,18.06604389770728
7182,0,VISa1,morphine,M,1h,204.44437026961623
7183,1,VISa1,morphine,M,4h,2253.0604070529134
7184,2,VISa1,saline,M,1h,1527.0742758914191
7185,3,VISa1,saline,M,4h,1034.7388536094861
7186,4,VISa1,morphine,F,4h,12.517002261405075
7187,5,VISa1,saline,F,4h,0.0
7188,6,VISa1,morphine,M,1h,0.0
7189,7,VISa1,morphine,M,4h,8.34466817427005
7190,8,VISa1,saline,M,4h,25.03400452281015
7191,9,VISa1,morphine,F,4h,29.206338609945174
7192,10,VISa1,saline,F,1h,0.0
7193,11,VISa1,saline,M,1h,4.172334087135025
7194,12,VISa1,morphine,M,1h,150.2040271368609
7195,13,VISa1,saline,M,4h,0.0
7196,14,VISa1,morphine,M,1h,166.893363485401
7197,15,VISa1,morphine,F,4h,16.6893363485401
7198,16,VISa1,saline,F,4h,0.0
7199,17,VISa1,morphine,M,1h,0.0
7200,18,VISa1,saline,M,1h,0.0
7201,19,VISa1,morphine,F,1h,133.5146907883208
7202,20,VISa1,morphine,F,1h,4.172334087135025
7203,21,VISa1,morphine,F,1h,87.61901582983553
7204,22,VISa1,morphine,M,4h,0.0
7205,23,VISa1,morphine,M,4h,0.0
7206,24,VISa1,saline,F,1h,0.0
7207,25,VISa1,saline,F,4h,0.0
7208,26,VISa1,saline,F,4h,16.6893363485401
7209,0,VISa2/3,morphine,M,1h,3025.4172544865696
7210,1,VISa2/3,morphine,M,4h,482.7544186090111
7211,2,VISa2/3,saline,M,1h,4072.947473507094
7212,3,VISa2/3,saline,M,4h,1038.1563468145239
7213,4,VISa2/3,morphine,F,4h,142.9515511415033
7214,5,VISa2/3,saline,F,4h,32.80855272100076
7215,6,VISa2/3,morphine,M,1h,0.0
7216,7,VISa2/3,morphine,M,4h,135.92114698700314
7217,8,VISa2/3,saline,M,4h,114.82993452350264
7218,9,VISa2/3,morphine,F,4h,203.8817204805047
7219,10,VISa2/3,saline,F,1h,53.89976518450124
7220,11,VISa2/3,saline,M,1h,11.71734025750027
7221,12,VISa2/3,morphine,M,1h,513.2195032785119
7222,13,VISa2/3,saline,M,4h,9.373872206000216
7223,14,VISa2/3,morphine,M,1h,693.666543244016
7224,15,VISa2/3,morphine,F,4h,58.58670128750135
7225,16,VISa2/3,saline,F,4h,4.686936103000108
7226,17,VISa2/3,morphine,M,1h,0.0
7227,18,VISa2/3,saline,M,1h,0.0
7228,19,VISa2/3,morphine,F,1h,290.5900383860067
7229,20,VISa2/3,morphine,F,1h,255.43801761350588
7230,21,VISa2/3,morphine,F,1h,292.93350643750676
7231,22,VISa2/3,morphine,M,4h,0.0
7232,23,VISa2/3,morphine,M,4h,0.0
7233,24,VISa2/3,saline,F,1h,0.0
7234,25,VISa2/3,saline,F,4h,14.060808309000324
7235,26,VISa2/3,saline,F,4h,49.212829081501134
7236,0,VISa4,morphine,M,1h,3326.87338501292
7237,1,VISa4,morphine,M,4h,38.759689922480625
7238,2,VISa4,saline,M,1h,290.69767441860466
7239,3,VISa4,saline,M,4h,200.25839793281654
7240,4,VISa4,morphine,F,4h,200.25839793281654
7241,5,VISa4,saline,F,4h,12.919896640826874
7242,6,VISa4,morphine,M,1h,0.0
7243,7,VISa4,morphine,M,4h,38.759689922480625
7244,8,VISa4,saline,M,4h,129.19896640826875
7245,9,VISa4,morphine,F,4h,251.93798449612405
7246,10,VISa4,saline,F,1h,71.0594315245478
7247,11,VISa4,saline,M,1h,12.919896640826874
7248,12,VISa4,morphine,M,1h,284.2377260981912
7249,13,VISa4,saline,M,4h,0.0
7250,14,VISa4,morphine,M,1h,284.2377260981912
7251,15,VISa4,morphine,F,4h,58.139534883720934
7252,16,VISa4,saline,F,4h,0.0
7253,17,VISa4,morphine,M,1h,25.839793281653748
7254,18,VISa4,saline,M,1h,0.0
7255,19,VISa4,morphine,F,1h,200.25839793281654
7256,20,VISa4,morphine,F,1h,413.43669250645996
7257,21,VISa4,morphine,F,1h,193.79844961240312
7258,22,VISa4,morphine,M,4h,0.0
7259,23,VISa4,morphine,M,4h,38.759689922480625
7260,24,VISa4,saline,F,1h,6.459948320413437
7261,25,VISa4,saline,F,4h,45.21963824289406
7262,26,VISa4,saline,F,4h,0.0
7263,0,VISa5,morphine,M,1h,2350.5368232002206
7264,1,VISa5,morphine,M,4h,30.965155754733445
7265,2,VISa5,saline,M,1h,59.11529734994567
7266,3,VISa5,saline,M,4h,45.04022655233956
7267,4,VISa5,morphine,F,4h,95.71048142372156
7268,5,VISa5,saline,F,4h,2.8150141595212226
7269,6,VISa5,morphine,M,1h,132.30566549749744
7270,7,VISa5,morphine,M,4h,50.67025487138201
7271,8,VISa5,saline,M,4h,47.85524071186078
7272,9,VISa5,morphine,F,4h,332.17167082350426
7273,10,VISa5,saline,F,1h,157.64079293318846
7274,11,VISa5,saline,M,1h,22.52011327616978
7275,12,VISa5,morphine,M,1h,199.86600532600679
7276,13,VISa5,saline,M,4h,0.0
7277,14,VISa5,morphine,M,1h,332.17167082350426
7278,15,VISa5,morphine,F,4h,28.150141595212226
7279,16,VISa5,saline,F,4h,2.8150141595212226
7280,17,VISa5,morphine,M,1h,287.1314442711647
7281,18,VISa5,saline,M,1h,8.445042478563668
7282,19,VISa5,morphine,F,1h,205.49603364504924
7283,20,VISa5,morphine,F,1h,323.7266283449406
7284,21,VISa5,morphine,F,1h,70.37535398803055
7285,22,VISa5,morphine,M,4h,0.0
7286,23,VISa5,morphine,M,4h,385.6569398544075
7287,24,VISa5,saline,F,1h,30.965155754733445
7288,25,VISa5,saline,F,4h,22.52011327616978
7289,26,VISa5,saline,F,4h,0.0
7290,0,VISa6a,morphine,M,1h,385.00452156473
7291,1,VISa6a,morphine,M,4h,8.953593524761164
7292,2,VISa6a,saline,M,1h,85.05913848523105
7293,3,VISa6a,saline,M,4h,13.430390287141744
7294,4,VISa6a,morphine,F,4h,44.767967623805816
7295,5,VISa6a,saline,F,4h,4.476796762380582
7296,6,VISa6a,morphine,M,1h,474.54045681234163
7297,7,VISa6a,morphine,M,4h,26.86078057428349
7298,8,VISa6a,saline,M,4h,17.907187049522328
7299,9,VISa6a,morphine,F,4h,22.383983811902908
7300,10,VISa6a,saline,F,1h,170.1182769704621
7301,11,VISa6a,saline,M,1h,4.476796762380582
7302,12,VISa6a,morphine,M,1h,31.337577336664072
7303,13,VISa6a,saline,M,4h,0.0
7304,14,VISa6a,morphine,M,1h,111.91991905951454
7305,15,VISa6a,morphine,F,4h,4.476796762380582
7306,16,VISa6a,saline,F,4h,26.86078057428349
7307,17,VISa6a,morphine,M,1h,398.4349118518718
7308,18,VISa6a,saline,M,1h,120.8735125842757
7309,19,VISa6a,morphine,F,1h,53.72156114856698
7310,20,VISa6a,morphine,F,1h,53.72156114856698
7311,21,VISa6a,morphine,F,1h,0.0
7312,22,VISa6a,morphine,M,4h,0.0
7313,23,VISa6a,morphine,M,4h,335.7597571785436
7314,24,VISa6a,saline,F,1h,165.64148020808153
7315,25,VISa6a,saline,F,4h,13.430390287141744
7316,26,VISa6a,saline,F,4h,0.0
7317,0,VISa6b,morphine,M,1h,228.65853658536585
7318,1,VISa6b,morphine,M,4h,25.40650406504065
7319,2,VISa6b,saline,M,1h,50.8130081300813
7320,3,VISa6b,saline,M,4h,0.0
7321,4,VISa6b,morphine,F,4h,177.84552845528455
7322,5,VISa6b,saline,F,4h,0.0
7323,6,VISa6b,morphine,M,1h,330.2845528455285
7324,7,VISa6b,morphine,M,4h,76.21951219512195
7325,8,VISa6b,saline,M,4h,25.40650406504065
7326,9,VISa6b,morphine,F,4h,76.21951219512195
7327,10,VISa6b,saline,F,1h,152.4390243902439
7328,11,VISa6b,saline,M,1h,25.40650406504065
7329,12,VISa6b,morphine,M,1h,0.0
7330,13,VISa6b,saline,M,4h,0.0
7331,14,VISa6b,morphine,M,1h,50.8130081300813
7332,15,VISa6b,morphine,F,4h,25.40650406504065
7333,16,VISa6b,saline,F,4h,50.8130081300813
7334,17,VISa6b,morphine,M,1h,177.84552845528455
7335,18,VISa6b,saline,M,1h,203.2520325203252
7336,19,VISa6b,morphine,F,1h,50.8130081300813
7337,20,VISa6b,morphine,F,1h,50.8130081300813
7338,21,VISa6b,morphine,F,1h,0.0
7339,22,VISa6b,morphine,M,4h,0.0
7340,23,VISa6b,morphine,M,4h,457.3170731707317
7341,24,VISa6b,saline,F,1h,127.03252032520325
7342,25,VISa6b,saline,F,4h,0.0
7343,26,VISa6b,saline,F,4h,25.40650406504065
7344,0,VISrl,morphine,M,1h,1420.9012011823156
7345,1,VISrl,morphine,M,4h,549.2972140116974
7346,2,VISrl,saline,M,1h,1119.2299226463745
7347,3,VISrl,saline,M,4h,580.7417772467142
7348,4,VISrl,morphine,F,4h,83.52462109301302
7349,5,VISrl,saline,F,4h,12.774353814225522
7350,6,VISrl,morphine,M,1h,100.22954531161564
7351,7,VISrl,morphine,M,4h,127.74353814225522
7352,8,VISrl,saline,M,4h,32.42720583611094
7353,9,VISrl,morphine,F,4h,152.309603169612
7354,10,VISrl,saline,F,1h,156.24017357398907
7355,11,VISrl,saline,M,1h,48.14948745361927
7356,12,VISrl,morphine,M,1h,200.45909062323128
7357,13,VISrl,saline,M,4h,0.0
7358,14,VISrl,morphine,M,1h,396.00496824099116
7359,15,VISrl,morphine,F,4h,33.40984843720521
7360,16,VISrl,saline,F,4h,9.82642601094271
7361,17,VISrl,morphine,M,1h,193.58059241557137
7362,18,VISrl,saline,M,1h,85.48990629520156
7363,19,VISrl,morphine,F,1h,220.11194264511667
7364,20,VISrl,morphine,F,1h,273.1746431042073
7365,21,VISrl,morphine,F,1h,139.53524935538647
7366,22,VISrl,morphine,M,4h,85.48990629520156
7367,23,VISrl,morphine,M,4h,463.80730771649587
7368,24,VISrl,saline,F,1h,61.90648386893907
7369,25,VISrl,saline,F,4h,13.756996415319792
7370,26,VISrl,saline,F,4h,33.40984843720521
7371,0,VISrl1,morphine,M,1h,322.1272109640389
7372,1,VISrl1,morphine,M,4h,2131.896450743821
7373,2,VISrl1,saline,M,1h,210.84690172191637
7374,3,VISrl1,saline,M,4h,907.8130490804732
7375,4,VISrl1,morphine,F,4h,17.57057514349303
7376,5,VISrl1,saline,F,4h,11.713716762328687
7377,6,VISrl1,morphine,M,1h,0.0
7378,7,VISrl1,morphine,M,4h,0.0
7379,8,VISrl1,saline,M,4h,29.284291905821718
7380,9,VISrl1,morphine,F,4h,23.427433524657374
7381,10,VISrl1,saline,F,1h,11.713716762328687
7382,11,VISrl1,saline,M,1h,0.0
7383,12,VISrl1,morphine,M,1h,117.13716762328687
7384,13,VISrl1,saline,M,4h,0.0
7385,14,VISrl1,morphine,M,1h,193.27632657842332
7386,15,VISrl1,morphine,F,4h,23.427433524657374
7387,16,VISrl1,saline,F,4h,0.0
7388,17,VISrl1,morphine,M,1h,0.0
7389,18,VISrl1,saline,M,1h,0.0
7390,19,VISrl1,morphine,F,1h,117.13716762328687
7391,20,VISrl1,morphine,F,1h,17.57057514349303
7392,21,VISrl1,morphine,F,1h,35.14115028698606
7393,22,VISrl1,morphine,M,4h,5.8568583811643435
7394,23,VISrl1,morphine,M,4h,0.0
7395,24,VISrl1,saline,F,1h,0.0
7396,25,VISrl1,saline,F,4h,0.0
7397,26,VISrl1,saline,F,4h,5.8568583811643435
7398,0,VISrl2/3,morphine,M,1h,2789.536524476284
7399,1,VISrl2/3,morphine,M,4h,604.2186765078332
7400,2,VISrl2/3,saline,M,1h,3234.5598610658853
7401,3,VISrl2/3,saline,M,4h,1284.4169470675497
7402,4,VISrl2/3,morphine,F,4h,43.41691088679041
7403,5,VISrl2/3,saline,F,4h,7.236151814465068
7404,6,VISrl2/3,morphine,M,1h,18.090379536162672
7405,7,VISrl2/3,morphine,M,4h,166.43149173269657
7406,8,VISrl2/3,saline,M,4h,43.41691088679041
7407,9,VISrl2/3,morphine,F,4h,115.77842903144109
7408,10,VISrl2/3,saline,F,1h,79.59766995911575
7409,11,VISrl2/3,saline,M,1h,36.180759072325344
7410,12,VISrl2/3,morphine,M,1h,260.50146532074245
7411,13,VISrl2/3,saline,M,4h,0.0
7412,14,VISrl2/3,morphine,M,1h,524.6210065487174
7413,15,VISrl2/3,morphine,F,4h,57.889214515720546
7414,16,VISrl2/3,saline,F,4h,10.854227721697603
7415,17,VISrl2/3,morphine,M,1h,0.0
7416,18,VISrl2/3,saline,M,1h,0.0
7417,19,VISrl2/3,morphine,F,1h,170.0495676399291
7418,20,VISrl2/3,morphine,F,1h,492.05832338362467
7419,21,VISrl2/3,morphine,F,1h,246.02916169181233
7420,22,VISrl2/3,morphine,M,4h,57.889214515720546
7421,23,VISrl2/3,morphine,M,4h,112.16035312420856
7422,24,VISrl2/3,saline,F,1h,39.798834979557874
7423,25,VISrl2/3,saline,F,4h,10.854227721697603
7424,26,VISrl2/3,saline,F,4h,94.06997358804588
7425,0,VISrl4,morphine,M,1h,1838.763038812255
7426,1,VISrl4,morphine,M,4h,95.69770462219914
7427,2,VISrl4,saline,M,1h,1107.3591534854472
7428,3,VISrl4,saline,M,4h,252.91536221581202
7429,4,VISrl4,morphine,F,4h,109.3688052825133
7430,5,VISrl4,saline,F,4h,20.506650990471247
7431,6,VISrl4,morphine,M,1h,41.013301980942494
7432,7,VISrl4,morphine,M,4h,164.05320792376997
7433,8,VISrl4,saline,M,4h,54.68440264125665
7434,9,VISrl4,morphine,F,4h,143.54655693329872
7435,10,VISrl4,saline,F,1h,164.05320792376997
7436,11,VISrl4,saline,M,1h,47.84885231109957
7437,12,VISrl4,morphine,M,1h,300.7642145269116
7438,13,VISrl4,saline,M,4h,0.0
7439,14,VISrl4,morphine,M,1h,410.1330198094249
7440,15,VISrl4,morphine,F,4h,13.671100660314163
7441,16,VISrl4,saline,F,4h,13.671100660314163
7442,17,VISrl4,morphine,M,1h,54.68440264125665
7443,18,VISrl4,saline,M,1h,0.0
7444,19,VISrl4,morphine,F,1h,232.4087112253408
7445,20,VISrl4,morphine,F,1h,341.7775165078541
7446,21,VISrl4,morphine,F,1h,437.4752211300532
7447,22,VISrl4,morphine,M,4h,136.71100660314164
7448,23,VISrl4,morphine,M,4h,587.8573283935091
7449,24,VISrl4,saline,F,1h,61.51995297141374
7450,25,VISrl4,saline,F,4h,27.342201320628327
7451,26,VISrl4,saline,F,4h,27.342201320628327
7452,0,VISrl5,morphine,M,1h,1113.412527528306
7453,1,VISrl5,morphine,M,4h,45.02771251033591
7454,2,VISrl5,saline,M,1h,171.92399322128256
7455,3,VISrl5,saline,M,4h,130.98970912097718
7456,4,VISrl5,morphine,F,4h,155.55027958116042
7457,5,VISrl5,saline,F,4h,16.373713640122148
7458,6,VISrl5,morphine,M,1h,257.88598983192384
7459,7,VISrl5,morphine,M,4h,188.29770686140472
7460,8,VISrl5,saline,M,4h,12.280285230091613
7461,9,VISrl5,morphine,F,4h,331.56770121247354
7462,10,VISrl5,saline,F,1h,397.0625557729621
7463,11,VISrl5,saline,M,1h,122.80285230091611
7464,12,VISrl5,morphine,M,1h,241.5122761918017
7465,13,VISrl5,saline,M,4h,0.0
7466,14,VISrl5,morphine,M,1h,609.9208330945501
7467,15,VISrl5,morphine,F,4h,40.93428410030537
7468,16,VISrl5,saline,F,4h,12.280285230091613
7469,17,VISrl5,morphine,M,1h,429.8099830532064
7470,18,VISrl5,saline,M,1h,53.214569330396984
7471,19,VISrl5,morphine,F,1h,437.9968398732675
7472,20,VISrl5,morphine,F,1h,364.3151284927178
7473,21,VISrl5,morphine,F,1h,8.186856820061074
7474,22,VISrl5,morphine,M,4h,171.92399322128256
7475,23,VISrl5,morphine,M,4h,1142.06652639852
7476,24,VISrl5,saline,F,1h,49.12114092036645
7477,25,VISrl5,saline,F,4h,24.560570460183225
7478,26,VISrl5,saline,F,4h,12.280285230091613
7479,0,VISrl6a,morphine,M,1h,488.6810893626014
7480,1,VISrl6a,morphine,M,4h,19.81139551470006
7481,2,VISrl6a,saline,M,1h,33.0189925245001
7482,3,VISrl6a,saline,M,4h,66.0379850490002
7483,4,VISrl6a,morphine,F,4h,66.0379850490002
7484,5,VISrl6a,saline,F,4h,13.207597009800038
7485,6,VISrl6a,morphine,M,1h,184.90635813720056
7486,7,VISrl6a,morphine,M,4h,79.24558205880024
7487,8,VISrl6a,saline,M,4h,13.207597009800038
7488,9,VISrl6a,morphine,F,4h,79.24558205880024
7489,10,VISrl6a,saline,F,1h,92.45317906860028
7490,11,VISrl6a,saline,M,1h,6.603798504900019
7491,12,VISrl6a,morphine,M,1h,52.83038803920015
7492,13,VISrl6a,saline,M,4h,0.0
7493,14,VISrl6a,morphine,M,1h,66.0379850490002
7494,15,VISrl6a,morphine,F,4h,13.207597009800038
7495,16,VISrl6a,saline,F,4h,6.603798504900019
7496,17,VISrl6a,morphine,M,1h,508.4924848773015
7497,18,VISrl6a,saline,M,1h,350.001320759701
7498,19,VISrl6a,morphine,F,1h,85.84938056370025
7499,20,VISrl6a,morphine,F,1h,0.0
7500,21,VISrl6a,morphine,F,1h,13.207597009800038
7501,22,VISrl6a,morphine,M,4h,52.83038803920015
7502,23,VISrl6a,morphine,M,4h,442.4544998283013
7503,24,VISrl6a,saline,F,1h,191.51015664210055
7504,25,VISrl6a,saline,F,4h,6.603798504900019
7505,26,VISrl6a,saline,F,4h,0.0
7506,0,VISrl6b,morphine,M,1h,175.3278631040045
7507,1,VISrl6b,morphine,M,4h,0.0
7508,2,VISrl6b,saline,M,1h,0.0
7509,3,VISrl6b,saline,M,4h,70.1311452416018
7510,4,VISrl6b,morphine,F,4h,210.39343572480539
7511,5,VISrl6b,saline,F,4h,0.0
7512,6,VISrl6b,morphine,M,1h,0.0
7513,7,VISrl6b,morphine,M,4h,70.1311452416018
7514,8,VISrl6b,saline,M,4h,105.19671786240269
7515,9,VISrl6b,morphine,F,4h,175.3278631040045
7516,10,VISrl6b,saline,F,1h,0.0
7517,11,VISrl6b,saline,M,1h,35.0655726208009
7518,12,VISrl6b,morphine,M,1h,35.0655726208009
7519,13,VISrl6b,saline,M,4h,0.0
7520,14,VISrl6b,morphine,M,1h,210.39343572480539
7521,15,VISrl6b,morphine,F,4h,0.0
7522,16,VISrl6b,saline,F,4h,35.0655726208009
7523,17,VISrl6b,morphine,M,1h,245.4590083456063
7524,18,VISrl6b,saline,M,1h,736.3770250368188
7525,19,VISrl6b,morphine,F,1h,105.19671786240269
7526,20,VISrl6b,morphine,F,1h,0.0
7527,21,VISrl6b,morphine,F,1h,0.0
7528,22,VISrl6b,morphine,M,4h,0.0
7529,23,VISrl6b,morphine,M,4h,315.5901535872081
7530,24,VISrl6b,saline,F,1h,70.1311452416018
7531,25,VISrl6b,saline,F,4h,0.0
7532,26,VISrl6b,saline,F,4h,0.0
7533,0,TEa,morphine,M,1h,3402.656496089008
7534,1,TEa,morphine,M,4h,634.3717302295537
7535,2,TEa,saline,M,1h,1682.9546765896848
7536,3,TEa,saline,M,4h,1379.951919264593
7537,4,TEa,morphine,F,4h,951.879938703187
7538,5,TEa,saline,F,4h,179.22290752420315
7539,6,TEa,morphine,M,1h,749.7706527001736
7540,7,TEa,morphine,M,4h,586.0202264010816
7541,8,TEa,saline,M,4h,270.44607808058714
7542,9,TEa,morphine,F,4h,629.858923205563
7543,10,TEa,saline,F,1h,659.1921688615026
7544,11,TEa,saline,M,1h,272.05779487486956
7545,12,TEa,morphine,M,1h,448.05726881050794
7546,13,TEa,saline,M,4h,62.8569549770137
7547,14,TEa,morphine,M,1h,1102.4142872891634
7548,15,TEa,morphine,F,4h,818.7521314954605
7549,16,TEa,saline,F,4h,156.981215763106
7550,17,TEa,morphine,M,1h,558.6210408982807
7551,18,TEa,saline,M,1h,149.2449751505505
7552,19,TEa,morphine,F,1h,855.4992744050993
7553,20,TEa,morphine,F,1h,842.6055400508401
7554,21,TEa,morphine,F,1h,650.4888981723777
7555,22,TEa,morphine,M,4h,1724.5369698821708
7556,23,TEa,morphine,M,4h,1179.7766934147187
7557,24,TEa,saline,F,1h,212.42427348642065
7558,25,TEa,saline,F,4h,258.51937380289735
7559,26,TEa,saline,F,4h,84.77630337925437
7560,0,TEa1,morphine,M,1h,805.0916814806075
7561,1,TEa1,morphine,M,4h,399.69090569959235
7562,2,TEa1,saline,M,1h,0.0
7563,3,TEa1,saline,M,4h,708.0238900964208
7564,4,TEa1,morphine,F,4h,32.35593046139557
7565,5,TEa1,saline,F,4h,0.0
7566,6,TEa1,morphine,M,1h,0.0
7567,7,TEa1,morphine,M,4h,0.0
7568,8,TEa1,saline,M,4h,5.709870081422748
7569,9,TEa1,morphine,F,4h,1.903290027140916
7570,10,TEa1,saline,F,1h,1.903290027140916
7571,11,TEa1,saline,M,1h,3.806580054281832
7572,12,TEa1,morphine,M,1h,11.419740162845496
7573,13,TEa1,saline,M,4h,0.0
7574,14,TEa1,morphine,M,1h,98.97108141132763
7575,15,TEa1,morphine,F,4h,43.775670624241066
7576,16,TEa1,saline,F,4h,0.0
7577,17,TEa1,morphine,M,1h,15.226320217127329
7578,18,TEa1,saline,M,1h,270.26718385401006
7579,19,TEa1,morphine,F,1h,110.39082157417313
7580,20,TEa1,morphine,F,1h,47.582250678522904
7581,21,TEa1,morphine,F,1h,236.00796336547359
7582,22,TEa1,morphine,M,4h,386.36787550960594
7583,23,TEa1,morphine,M,4h,129.4237218455823
7584,24,TEa1,saline,F,1h,116.10069165559588
7585,25,TEa1,saline,F,4h,26.646060379972823
7586,26,TEa1,saline,F,4h,0.0
7587,0,TEa2/3,morphine,M,1h,4382.8642124527505
7588,1,TEa2/3,morphine,M,4h,1758.8469717615267
7589,2,TEa2/3,saline,M,1h,2596.936128484199
7590,3,TEa2/3,saline,M,4h,3417.921424865592
7591,4,TEa2/3,morphine,F,4h,310.72012953323565
7592,5,TEa2/3,saline,F,4h,1.4253216951065855
7593,6,TEa2/3,morphine,M,1h,124.00298747427294
7594,7,TEa2/3,morphine,M,4h,85.51930170639514
7595,8,TEa2/3,saline,M,4h,34.207720682558055
7596,9,TEa2/3,morphine,F,4h,116.87637899874002
7597,10,TEa2/3,saline,F,1h,19.9545037314922
7598,11,TEa2/3,saline,M,1h,25.65579051191854
7599,12,TEa2/3,morphine,M,1h,246.5806532534393
7600,13,TEa2/3,saline,M,4h,1.4253216951065855
7601,14,TEa2/3,morphine,M,1h,728.3393861994653
7602,15,TEa2/3,morphine,F,4h,279.3630522408908
7603,16,TEa2/3,saline,F,4h,27.081112207025125
7604,17,TEa2/3,morphine,M,1h,163.91199493725733
7605,18,TEa2/3,saline,M,1h,128.2789525595927
7606,19,TEa2/3,morphine,F,1h,498.86259328730495
7607,20,TEa2/3,morphine,F,1h,497.4372715921984
7608,21,TEa2/3,morphine,F,1h,704.1089173826533
7609,22,TEa2/3,morphine,M,4h,2614.039988825478
7610,23,TEa2/3,morphine,M,4h,1040.4848374278074
7611,24,TEa2/3,saline,F,1h,366.3076756423925
7612,25,TEa2/3,saline,F,4h,86.94462340150172
7613,26,TEa2/3,saline,F,4h,55.58754610915684
7614,0,TEa4,morphine,M,1h,4884.6294011214195
7615,1,TEa4,morphine,M,4h,840.7444584390925
7616,2,TEa4,saline,M,1h,6080.212775479672
7617,3,TEa4,saline,M,4h,1770.9978326055407
7618,4,TEa4,morphine,F,4h,965.4175910593381
7619,5,TEa4,saline,F,4h,19.180481941576254
7620,6,TEa4,morphine,M,1h,632.9559040720163
7621,7,TEa4,morphine,M,4h,294.1007231041692
7622,8,TEa4,saline,M,4h,60.738192814991464
7623,9,TEa4,morphine,F,4h,476.3153015491436
7624,10,TEa4,saline,F,1h,111.88614465919481
7625,11,TEa4,saline,M,1h,150.24710854234732
7626,12,TEa4,morphine,M,1h,242.95277125996586
7627,13,TEa4,saline,M,4h,22.37722893183896
7628,14,TEa4,morphine,M,1h,1745.423856683439
7629,15,TEa4,morphine,F,4h,799.1867475656773
7630,16,TEa4,saline,F,4h,172.62433747418626
7631,17,TEa4,morphine,M,1h,457.13481960756735
7632,18,TEa4,saline,M,1h,76.72192776630501
7633,19,TEa4,morphine,F,1h,968.6143380496007
7634,20,TEa4,morphine,F,1h,1099.6809646503718
7635,21,TEa4,morphine,F,1h,1572.7995192092528
7636,22,TEa4,morphine,M,4h,2515.8398813367517
7637,23,TEa4,morphine,M,4h,2512.643134346489
7638,24,TEa4,saline,F,1h,390.00313281205047
7639,25,TEa4,saline,F,4h,111.88614465919481
7640,26,TEa4,saline,F,4h,51.14795184420334
7641,0,TEa5,morphine,M,1h,4325.602171018255
7642,1,TEa5,morphine,M,4h,263.3708092436833
7643,2,TEa5,saline,M,1h,1495.9461965041212
7644,3,TEa5,saline,M,4h,976.5789606755777
7645,4,TEa5,morphine,F,4h,2131.1965883998855
7646,5,TEa5,saline,F,4h,390.84228091762606
7647,6,TEa5,morphine,M,1h,1608.6689028604178
7648,7,TEa5,morphine,M,4h,1318.961012692366
7649,8,TEa5,saline,M,4h,627.8760092369411
7650,9,TEa5,morphine,F,4h,1440.1115849444604
7651,10,TEa5,saline,F,1h,1139.8688624066615
7652,11,TEa5,saline,M,1h,684.7641040335766
7653,12,TEa5,morphine,M,1h,764.8288300436564
7654,13,TEa5,saline,M,4h,58.99506127058506
7655,14,TEa5,morphine,M,1h,1878.3606115259495
7656,15,TEa5,morphine,F,4h,1839.3817317578844
7657,16,TEa5,saline,F,4h,344.4890184907378
7658,17,TEa5,morphine,M,1h,1131.4409965108637
7659,18,TEa5,saline,M,1h,149.59461965041214
7660,19,TEa5,morphine,F,1h,1583.385305173024
7661,20,TEa5,morphine,F,1h,1611.829352571342
7662,21,TEa5,morphine,F,1h,832.2517572100393
7663,22,TEa5,morphine,M,4h,2313.4491883965143
7664,23,TEa5,morphine,M,4h,1965.7997201948524
7665,24,TEa5,saline,F,1h,178.03866704872993
7666,25,TEa5,saline,F,4h,665.8014057680315
7667,26,TEa5,saline,F,4h,176.9851838117552
7668,0,TEa6a,morphine,M,1h,2592.3067518415505
7669,1,TEa6a,morphine,M,4h,19.10321851025461
7670,2,TEa6a,saline,M,1h,131.81220772075682
7671,3,TEa6a,saline,M,4h,30.565149616407375
7672,4,TEa6a,morphine,F,4h,576.9171990096892
7673,5,TEa6a,saline,F,4h,139.45349512485865
7674,6,TEa6a,morphine,M,1h,903.5822355350431
7675,7,TEa6a,morphine,M,4h,687.715866369166
7676,8,TEa6a,saline,M,4h,286.5482776538191
7677,9,TEa6a,morphine,F,4h,603.6617049240457
7678,10,TEa6a,saline,F,1h,1652.4284011370237
7679,11,TEa6a,saline,M,1h,215.8663691658771
7680,12,TEa6a,morphine,M,1h,691.5365100712169
7681,13,TEa6a,saline,M,4h,192.94250695357155
7682,14,TEa6a,morphine,M,1h,819.5280740899228
7683,15,TEa6a,morphine,F,4h,552.0830149463583
7684,16,TEa6a,saline,F,4h,156.6463917840878
7685,17,TEa6a,morphine,M,1h,592.199773817893
7686,18,TEa6a,saline,M,1h,108.88834550845128
7687,19,TEa6a,morphine,F,1h,785.1422807714645
7688,20,TEa6a,morphine,F,1h,517.6972216278999
7689,21,TEa6a,morphine,F,1h,191.0321851025461
7690,22,TEa6a,morphine,M,4h,546.3520493932818
7691,23,TEa6a,morphine,M,4h,399.25726686432137
7692,24,TEa6a,saline,F,1h,87.8748051471712
7693,25,TEa6a,saline,F,4h,105.06770180640035
7694,26,TEa6a,saline,F,4h,76.41287404101844
7695,0,TEa6b,morphine,M,1h,746.4515697765103
7696,1,TEa6b,morphine,M,4h,11.141068205619556
7697,2,TEa6b,saline,M,1h,89.12854564495645
7698,3,TEa6b,saline,M,4h,155.97495487867377
7699,4,TEa6b,morphine,F,4h,1013.8372067113796
7700,5,TEa6b,saline,F,4h,1169.8121615900534
7701,6,TEa6b,morphine,M,1h,456.7837964304018
7702,7,TEa6b,morphine,M,4h,601.617683103456
7703,8,TEa6b,saline,M,4h,523.6302056641191
7704,9,TEa6b,morphine,F,4h,434.50166001916267
7705,10,TEa6b,saline,F,1h,534.7712738697387
7706,11,TEa6b,saline,M,1h,155.97495487867377
7707,12,TEa6b,morphine,M,1h,523.6302056641191
7708,13,TEa6b,saline,M,4h,334.2320461685867
7709,14,TEa6b,morphine,M,1h,1102.965752356336
7710,15,TEa6b,morphine,F,4h,401.07845540230403
7711,16,TEa6b,saline,F,4h,55.70534102809778
7712,17,TEa6b,morphine,M,1h,924.7086610664231
7713,18,TEa6b,saline,M,1h,89.12854564495645
7714,19,TEa6b,morphine,F,1h,323.09097796296714
7715,20,TEa6b,morphine,F,1h,1058.4014795338578
7716,21,TEa6b,morphine,F,1h,200.53922770115202
7717,22,TEa6b,morphine,M,4h,490.20700104726046
7718,23,TEa6b,morphine,M,4h,11.141068205619556
7719,24,TEa6b,saline,F,1h,44.56427282247822
7720,25,TEa6b,saline,F,4h,55.70534102809778
7721,26,TEa6b,saline,F,4h,0.0
7722,0,PERI,morphine,M,1h,2176.522426157773
7723,1,PERI,morphine,M,4h,636.8765447105061
7724,2,PERI,saline,M,1h,1996.7282525019248
7725,3,PERI,saline,M,4h,1356.0532393339006
7726,4,PERI,morphine,F,4h,758.4275353510799
7727,5,PERI,saline,F,4h,295.0143835338925
7728,6,PERI,morphine,M,1h,363.3868157692152
7729,7,PERI,morphine,M,4h,229.17426360358172
7730,8,PERI,saline,M,4h,188.65726672339048
7731,9,PERI,morphine,F,4h,174.72954904582474
7732,10,PERI,saline,F,1h,201.31882824845025
7733,11,PERI,saline,M,1h,45.58162149021515
7734,12,PERI,morphine,M,1h,232.97273206109966
7735,13,PERI,saline,M,4h,29.121591507637458
7736,14,PERI,morphine,M,1h,1143.3390057128966
7737,15,PERI,morphine,F,4h,415.29921802196026
7738,16,PERI,saline,F,4h,110.15558526801995
7739,17,PERI,morphine,M,1h,473.54240103723515
7740,18,PERI,saline,M,1h,168.39876828329486
7741,19,PERI,morphine,F,1h,853.3892467890281
7742,20,PERI,morphine,F,1h,1115.483570357765
7743,21,PERI,morphine,F,1h,408.96843725943035
7744,22,PERI,morphine,M,4h,872.3815890766177
7745,23,PERI,morphine,M,4h,434.2915603095499
7746,24,PERI,saline,F,1h,189.92342287589645
7747,25,PERI,saline,F,4h,205.11729670596816
7748,26,PERI,saline,F,4h,27.85543535513148
7749,0,PERI1,morphine,M,1h,583.0086863774824
7750,1,PERI1,morphine,M,4h,203.3751231549357
7751,2,PERI1,saline,M,1h,131.063968255403
7752,3,PERI1,saline,M,4h,1274.4841051042638
7753,4,PERI1,morphine,F,4h,4.5194471812207935
7754,5,PERI1,saline,F,4h,0.0
7755,6,PERI1,morphine,M,1h,4.5194471812207935
7756,7,PERI1,morphine,M,4h,4.5194471812207935
7757,8,PERI1,saline,M,4h,4.5194471812207935
7758,9,PERI1,morphine,F,4h,18.077788724883174
7759,10,PERI1,saline,F,1h,4.5194471812207935
7760,11,PERI1,saline,M,1h,0.0
7761,12,PERI1,morphine,M,1h,27.11668308732476
7762,13,PERI1,saline,M,4h,0.0
7763,14,PERI1,morphine,M,1h,194.3362287924941
7764,15,PERI1,morphine,F,4h,22.597235906103965
7765,16,PERI1,saline,F,4h,0.0
7766,17,PERI1,morphine,M,1h,4.5194471812207935
7767,18,PERI1,saline,M,1h,375.1141160413258
7768,19,PERI1,morphine,F,1h,81.35004926197428
7769,20,PERI1,morphine,F,1h,9.038894362441587
7770,21,PERI1,morphine,F,1h,67.7917077183119
7771,22,PERI1,morphine,M,4h,126.54452107418221
7772,23,PERI1,morphine,M,4h,225.97235906103967
7773,24,PERI1,saline,F,1h,72.3111548995327
7774,25,PERI1,saline,F,4h,13.55834154366238
7775,26,PERI1,saline,F,4h,0.0
7776,0,PERI2/3,morphine,M,1h,3011.017381645703
7777,1,PERI2/3,morphine,M,4h,1095.7341418750564
7778,2,PERI2/3,saline,M,1h,3647.4437873375164
7779,3,PERI2/3,saline,M,4h,2131.428056798055
7780,4,PERI2/3,morphine,F,4h,453.30371348803703
7781,5,PERI2/3,saline,F,4h,273.1830326318634
7782,6,PERI2/3,morphine,M,1h,60.040226952057886
7783,7,PERI2/3,morphine,M,4h,30.020113476028943
7784,8,PERI2/3,saline,M,4h,135.09051064213025
7785,9,PERI2/3,morphine,F,4h,30.020113476028943
7786,10,PERI2/3,saline,F,1h,78.05229503767525
7787,11,PERI2/3,saline,M,1h,27.018102128426047
7788,12,PERI2/3,morphine,M,1h,159.1066014229534
7789,13,PERI2/3,saline,M,4h,18.012068085617365
7790,14,PERI2/3,morphine,M,1h,1759.1786496952961
7791,15,PERI2/3,morphine,F,4h,357.23935036474444
7792,16,PERI2/3,saline,F,4h,81.05430638527814
7793,17,PERI2/3,morphine,M,1h,399.26750923118493
7794,18,PERI2/3,saline,M,1h,93.06235177568972
7795,19,PERI2/3,morphine,F,1h,909.609438323677
7796,20,PERI2/3,morphine,F,1h,1074.7200624418363
7797,21,PERI2/3,morphine,F,1h,417.2795773168023
7798,22,PERI2/3,morphine,M,4h,1026.6878808801898
7799,23,PERI2/3,morphine,M,4h,156.1045900753505
7800,24,PERI2/3,saline,F,1h,297.19912341268656
7801,25,PERI2/3,saline,F,4h,183.12269220377655
7802,26,PERI2/3,saline,F,4h,6.004022695205789
7803,0,PERI5,morphine,M,1h,2850.796441255776
7804,1,PERI5,morphine,M,4h,510.7676957249932
7805,2,PERI5,saline,M,1h,1918.3484385950326
7806,3,PERI5,saline,M,4h,344.4712366517396
7807,4,PERI5,morphine,F,4h,2245.0021974889237
7808,5,PERI5,saline,F,4h,374.1670329148206
7809,6,PERI5,morphine,M,1h,1241.2842837967858
7810,7,PERI5,morphine,M,4h,813.6648176084194
7811,8,PERI5,saline,M,4h,457.3152624514474
7812,9,PERI5,morphine,F,4h,635.4900400299334
7813,10,PERI5,saline,F,1h,570.1592882511552
7814,11,PERI5,saline,M,1h,100.9657072944754
7815,12,PERI5,morphine,M,1h,617.6725622720847
7816,13,PERI5,saline,M,4h,77.2090702840106
7817,14,PERI5,morphine,M,1h,1276.919239312483
7818,15,PERI5,morphine,F,4h,884.9347286398138
7819,16,PERI5,saline,F,4h,190.0530960837184
7820,17,PERI5,morphine,M,1h,950.265480418592
7821,18,PERI5,saline,M,1h,71.2699110313944
7822,19,PERI5,morphine,F,1h,1407.5807428700393
7823,20,PERI5,morphine,F,1h,2601.3517526458954
7824,21,PERI5,morphine,F,1h,920.5696841555109
7825,22,PERI5,morphine,M,4h,1674.8429092377683
7826,23,PERI5,morphine,M,4h,1152.1968950075427
7827,24,PERI5,saline,F,1h,184.1139368311022
7828,25,PERI5,saline,F,4h,516.7068549776094
7829,26,PERI5,saline,F,4h,112.8440257997078
7830,0,PERI6a,morphine,M,1h,1595.7249415519354
7831,1,PERI6a,morphine,M,4h,129.8845882658552
7832,2,PERI6a,saline,M,1h,185.54941180836457
7833,3,PERI6a,saline,M,4h,352.54388243589267
7834,4,PERI6a,morphine,F,4h,538.0932942442573
7835,5,PERI6a,saline,F,4h,834.9723531376405
7836,6,PERI6a,morphine,M,1h,723.6427060526219
7837,7,PERI6a,morphine,M,4h,482.4284707017479
7838,8,PERI6a,saline,M,4h,315.4340000742198
7839,9,PERI6a,morphine,F,4h,185.54941180836457
7840,10,PERI6a,saline,F,1h,593.7581177867667
7841,11,PERI6a,saline,M,1h,148.43952944669167
7842,12,PERI6a,morphine,M,1h,315.4340000742198
7843,13,PERI6a,saline,M,4h,55.664823542509374
7844,14,PERI6a,morphine,M,1h,1001.9668237651687
7845,15,PERI6a,morphine,F,4h,816.4174119568041
7846,16,PERI6a,saline,F,4h,463.87352952091146
7847,17,PERI6a,morphine,M,1h,1168.9612943926968
7848,18,PERI6a,saline,M,1h,111.32964708501875
7849,19,PERI6a,morphine,F,1h,1985.378706349501
7850,20,PERI6a,morphine,F,1h,1280.2909414777155
7851,21,PERI6a,morphine,F,1h,259.7691765317104
7852,22,PERI6a,morphine,M,4h,371.09882361672913
7853,23,PERI6a,morphine,M,4h,834.9723531376405
7854,24,PERI6a,saline,F,1h,74.21976472334583
7855,25,PERI6a,saline,F,4h,92.77470590418228
7856,26,PERI6a,saline,F,4h,18.554941180836458
7857,0,PERI6b,morphine,M,1h,1597.2010952236083
7858,1,PERI6b,morphine,M,4h,0.0
7859,2,PERI6b,saline,M,1h,0.0
7860,3,PERI6b,saline,M,4h,152.114390021296
7861,4,PERI6b,morphine,F,4h,3042.2878004259205
7862,5,PERI6b,saline,F,4h,2585.944630362032
7863,6,PERI6b,morphine,M,1h,1369.029510191664
7864,7,PERI6b,morphine,M,4h,532.400365074536
7865,8,PERI6b,saline,M,4h,684.514755095832
7866,9,PERI6b,morphine,F,4h,532.400365074536
7867,10,PERI6b,saline,F,1h,304.228780042592
7868,11,PERI6b,saline,M,1h,152.114390021296
7869,12,PERI6b,morphine,M,1h,304.228780042592
7870,13,PERI6b,saline,M,4h,76.057195010648
7871,14,PERI6b,morphine,M,1h,380.28597505324007
7872,15,PERI6b,morphine,F,4h,836.6291451171281
7873,16,PERI6b,saline,F,4h,228.17158503194403
7874,17,PERI6b,morphine,M,1h,1292.972315181016
7875,18,PERI6b,saline,M,1h,76.057195010648
7876,19,PERI6b,morphine,F,1h,684.514755095832
7877,20,PERI6b,morphine,F,1h,1064.800730149072
7878,21,PERI6b,morphine,F,1h,0.0
7879,22,PERI6b,morphine,M,4h,1292.972315181016
7880,23,PERI6b,morphine,M,4h,152.114390021296
7881,24,PERI6b,saline,F,1h,0.0
7882,25,PERI6b,saline,F,4h,456.34317006388807
7883,26,PERI6b,saline,F,4h,0.0
7884,0,ECT,morphine,M,1h,2952.2764942724084
7885,1,ECT,morphine,M,4h,604.4720418539946
7886,2,ECT,saline,M,1h,1725.227450856715
7887,3,ECT,saline,M,4h,1749.7567511058628
7888,4,ECT,morphine,F,4h,1296.548727454945
7889,5,ECT,saline,F,4h,238.86866195003265
7890,6,ECT,morphine,M,1h,875.4624065112444
7891,7,ECT,morphine,M,4h,432.76694010996135
7892,8,ECT,saline,M,4h,310.12043886422333
7893,9,ECT,morphine,F,4h,405.9015160275616
7894,10,ECT,saline,F,1h,609.728320478812
7895,11,ECT,saline,M,1h,244.70897153316304
7896,12,ECT,morphine,M,1h,484.1616644415087
7897,13,ECT,saline,M,4h,93.44495333008612
7898,14,ECT,morphine,M,1h,958.9788335500089
7899,15,ECT,morphine,F,4h,707.8455214754024
7900,16,ECT,saline,F,4h,230.6922285336501
7901,17,ECT,morphine,M,1h,372.0277204454054
7902,18,ECT,saline,M,1h,178.12944228547667
7903,19,ECT,morphine,F,1h,1036.07092004733
7904,20,ECT,morphine,F,1h,1072.2808394627382
7905,21,ECT,morphine,F,1h,548.989100814256
7906,22,ECT,morphine,M,4h,1497.4553771146302
7907,23,ECT,morphine,M,4h,986.4282885907216
7908,24,ECT,saline,F,1h,204.4108354095634
7909,25,ECT,saline,F,4h,331.1455533634927
7910,26,ECT,saline,F,4h,127.90277987055538
7911,0,ECT1,morphine,M,1h,456.4443756769303
7912,1,ECT1,morphine,M,4h,232.09036051369335
7913,2,ECT1,saline,M,1h,77.36345350456445
7914,3,ECT1,saline,M,4h,1144.979111867554
7915,4,ECT1,morphine,F,4h,15.47269070091289
7916,5,ECT1,saline,F,4h,0.0
7917,6,ECT1,morphine,M,1h,3.8681726752282226
7918,7,ECT1,morphine,M,4h,0.0
7919,8,ECT1,saline,M,4h,3.8681726752282226
7920,9,ECT1,morphine,F,4h,0.0
7921,10,ECT1,saline,F,1h,0.0
7922,11,ECT1,saline,M,1h,0.0
7923,12,ECT1,morphine,M,1h,7.736345350456445
7924,13,ECT1,saline,M,4h,0.0
7925,14,ECT1,morphine,M,1h,340.3991954200836
7926,15,ECT1,morphine,F,4h,19.34086337614111
7927,16,ECT1,saline,F,4h,0.0
7928,17,ECT1,morphine,M,1h,30.94538140182578
7929,18,ECT1,saline,M,1h,305.5856413430296
7930,19,ECT1,morphine,F,1h,100.57248955593379
7931,20,ECT1,morphine,F,1h,100.57248955593379
7932,21,ECT1,morphine,F,1h,85.0997988550209
7933,22,ECT1,morphine,M,4h,112.17700758161845
7934,23,ECT1,morphine,M,4h,92.83614420547734
7935,24,ECT1,saline,F,1h,34.813554077054
7936,25,ECT1,saline,F,4h,11.604518025684667
7937,26,ECT1,saline,F,4h,7.736345350456445
7938,0,ECT2/3,morphine,M,1h,3215.3733067310723
7939,1,ECT2/3,morphine,M,4h,1363.0158563477896
7940,2,ECT2/3,saline,M,1h,3786.6218628583433
7941,3,ECT2/3,saline,M,4h,4362.070776015962
7942,4,ECT2/3,morphine,F,4h,659.45605376457
7943,5,ECT2/3,saline,F,4h,52.50446287934475
7944,6,ECT2/3,morphine,M,1h,69.30589100073507
7945,7,ECT2/3,morphine,M,4h,16.80142812139032
7946,8,ECT2/3,saline,M,4h,121.81035388007982
7947,9,ECT2/3,morphine,F,4h,69.30589100073507
7948,10,ECT2/3,saline,F,1h,52.50446287934475
7949,11,ECT2/3,saline,M,1h,39.90339178830201
7950,12,ECT2/3,morphine,M,1h,105.0089257586895
7951,13,ECT2/3,saline,M,4h,12.601071091042739
7952,14,ECT2/3,morphine,M,1h,1549.9317441982569
7953,15,ECT2/3,morphine,F,4h,168.0142812139032
7954,16,ECT2/3,saline,F,4h,25.202142182085478
7955,17,ECT2/3,morphine,M,1h,239.42035072981204
7956,18,ECT2/3,saline,M,1h,239.42035072981204
7957,19,ECT2/3,morphine,F,1h,823.2699779481256
7958,20,ECT2/3,morphine,F,1h,823.2699779481256
7959,21,ECT2/3,morphine,F,1h,583.8496272183136
7960,22,ECT2/3,morphine,M,4h,1726.3467394728552
7961,23,ECT2/3,morphine,M,4h,648.9551611887011
7962,24,ECT2/3,saline,F,1h,487.24141552031926
7963,25,ECT2/3,saline,F,4h,214.21820854772656
7964,26,ECT2/3,saline,F,4h,92.40785466764676
7965,0,ECT5,morphine,M,1h,4388.431904749322
7966,1,ECT5,morphine,M,4h,575.6867659993734
7967,2,ECT5,saline,M,1h,1989.422463486359
7968,3,ECT5,saline,M,4h,1085.311116228327
7969,4,ECT5,morphine,F,4h,2940.7212505804055
7970,5,ECT5,saline,F,4h,449.2244272388553
7971,6,ECT5,morphine,M,1h,1572.2854953359936
7972,7,ECT5,morphine,M,4h,868.2488929826615
7973,8,ECT5,saline,M,4h,632.3116938025904
7974,9,ECT5,morphine,F,4h,830.49894111385
7975,10,ECT5,saline,F,1h,898.4488544777106
7976,11,ECT5,saline,M,1h,560.5867852518488
7977,12,ECT5,morphine,M,1h,730.4615686615
7978,13,ECT5,saline,M,4h,177.42477378341343
7979,14,ECT5,morphine,M,1h,941.8612991268436
7980,15,ECT5,morphine,F,4h,1313.6983250346357
7981,16,ECT5,saline,F,4h,305.77461013737206
7982,17,ECT5,morphine,M,1h,520.9493357895968
7983,18,ECT5,saline,M,1h,196.2997497178191
7984,19,ECT5,morphine,F,1h,1591.160471270399
7985,20,ECT5,morphine,F,1h,2234.797150633633
7986,21,ECT5,morphine,F,1h,938.0863039399625
7987,22,ECT5,morphine,M,4h,2315.959547151577
7988,23,ECT5,morphine,M,4h,1796.8977089554212
7989,24,ECT5,saline,F,1h,158.54979784900775
7990,25,ECT5,saline,F,4h,728.5740710680594
7991,26,ECT5,saline,F,4h,296.3371221701692
7992,0,ECT6a,morphine,M,1h,2538.528477346337
7993,1,ECT6a,morphine,M,4h,46.342304860277956
7994,2,ECT6a,saline,M,1h,195.66750941006248
7995,3,ECT6a,saline,M,4h,108.1320446739819
7996,4,ECT6a,morphine,F,4h,684.8362829352186
7997,5,ECT6a,saline,F,4h,272.9046841771924
7998,6,ECT6a,morphine,M,1h,1529.2960603891725
7999,7,ECT6a,morphine,M,4h,646.2176955516537
8000,8,ECT6a,saline,M,4h,314.097844052995
8001,9,ECT6a,morphine,F,4h,548.3839408466224
8002,10,ECT6a,saline,F,1h,1328.4794059946346
8003,11,ECT6a,saline,M,1h,252.30810423929108
8004,12,ECT6a,morphine,M,1h,950.017249635698
8005,13,ECT6a,saline,M,4h,149.3252045497845
8006,14,ECT6a,morphine,M,1h,692.5600004119316
8007,15,ECT6a,morphine,F,4h,1006.6578444649266
8008,16,ECT6a,saline,F,4h,540.6602233699094
8009,17,ECT6a,morphine,M,1h,535.5110783854341
8010,18,ECT6a,saline,M,1h,20.596579937901314
8011,19,ECT6a,morphine,F,1h,1240.943941258554
8012,20,ECT6a,morphine,F,1h,548.3839408466224
8013,21,ECT6a,morphine,F,1h,350.14185894432234
8014,22,ECT6a,morphine,M,4h,1158.5576215069489
8015,23,ECT6a,morphine,M,4h,986.0612645270253
8016,24,ECT6a,saline,F,1h,59.215167321466275
8017,25,ECT6a,saline,F,4h,182.79464694887415
8018,26,ECT6a,saline,F,4h,41.19315987580263
8019,0,ECT6b,morphine,M,1h,1600.6200296535922
8020,1,ECT6b,morphine,M,4h,50.54589567327133
8021,2,ECT6b,saline,M,1h,16.848631891090445
8022,3,ECT6b,saline,M,4h,101.09179134654266
8023,4,ECT6b,morphine,F,4h,1314.1932875050547
8024,5,ECT6b,saline,F,4h,673.9452756436178
8025,6,ECT6b,morphine,M,1h,640.2480118614369
8026,7,ECT6b,morphine,M,4h,370.6699016039898
8027,8,ECT6b,saline,M,4h,252.72947836635666
8028,9,ECT6b,morphine,F,4h,151.637687019814
8029,10,ECT6b,saline,F,1h,454.913061059442
8030,11,ECT6b,saline,M,1h,84.24315945545223
8031,12,ECT6b,morphine,M,1h,353.8212697128993
8032,13,ECT6b,saline,M,4h,33.69726378218089
8033,14,ECT6b,morphine,M,1h,808.7343307723413
8034,15,ECT6b,morphine,F,4h,673.9452756436178
8035,16,ECT6b,saline,F,4h,185.3349508019949
8036,17,ECT6b,morphine,M,1h,522.3075886238038
8037,18,ECT6b,saline,M,1h,0.0
8038,19,ECT6b,morphine,F,1h,522.3075886238038
8039,20,ECT6b,morphine,F,1h,353.8212697128993
8040,21,ECT6b,morphine,F,1h,117.94042323763311
8041,22,ECT6b,morphine,M,4h,606.550748079256
8042,23,ECT6b,morphine,M,4h,353.8212697128993
8043,24,ECT6b,saline,F,1h,33.69726378218089
8044,25,ECT6b,saline,F,4h,84.24315945545223
8045,26,ECT6b,saline,F,4h,0.0
8046,0,OLF,morphine,M,1h,749.2195397826368
8047,1,OLF,morphine,M,4h,498.52327308429125
8048,2,OLF,saline,M,1h,603.7009346851004
8049,3,OLF,saline,M,4h,472.67851788230087
8050,4,OLF,morphine,F,4h,331.99911301314046
8051,5,OLF,saline,F,4h,101.00224547455554
8052,6,OLF,morphine,M,1h,450.5595186083522
8053,7,OLF,morphine,M,4h,130.8297052892801
8054,8,OLF,saline,M,4h,133.2493054034681
8055,9,OLF,morphine,F,4h,25.54498173651574
8056,10,OLF,saline,F,1h,533.9393667910783
8057,11,OLF,saline,M,1h,125.00553510291608
8058,12,OLF,morphine,M,1h,143.54866518156038
8059,13,OLF,saline,M,4h,47.64256862007336
8060,14,OLF,morphine,M,1h,587.9628277476829
8061,15,OLF,morphine,F,4h,168.57974954869104
8062,16,OLF,saline,F,4h,48.349177502977824
8063,17,OLF,morphine,M,1h,148.17374150602592
8064,18,OLF,saline,M,1h,29.013788979864902
8065,19,OLF,morphine,F,1h,418.3766958506128
8066,20,OLF,morphine,F,1h,523.2974087667294
8067,21,OLF,morphine,F,1h,140.82929160189775
8068,22,OLF,morphine,M,4h,488.1382637446348
8069,23,OLF,morphine,M,4h,139.2447747129605
8070,24,OLF,saline,F,1h,409.8759768653682
8071,25,OLF,saline,F,4h,142.5422828331813
8072,26,OLF,saline,F,4h,22.461597520205373
8073,0,MOB,morphine,M,1h,1091.9383150209849
8074,1,MOB,morphine,M,4h,815.0969066404282
8075,2,MOB,saline,M,1h,54.360039600833325
8076,3,MOB,saline,M,4h,495.5570537465912
8077,4,MOB,morphine,F,4h,23.201715226277464
8078,5,MOB,saline,F,4h,7.045547032063314
8079,6,MOB,morphine,M,1h,45.18868096426815
8080,7,MOB,morphine,M,4h,7.409971878549347
8081,8,MOB,saline,M,4h,1.5791743347728118
8082,9,MOB,morphine,F,4h,3.947935836932029
8083,10,MOB,saline,F,1h,7.713659250621042
8084,11,MOB,saline,M,1h,9.353571059808193
8085,12,MOB,morphine,M,1h,22.958765328620107
8086,13,MOB,saline,M,4h,12.572657203768154
8087,14,MOB,morphine,M,1h,14.273306487369643
8088,15,MOB,morphine,F,4h,45.856793182825875
8089,16,MOB,saline,F,4h,0.24294989765735564
8090,17,MOB,morphine,M,1h,66.26458458604375
8091,18,MOB,saline,M,1h,15.245106077999067
8092,19,MOB,morphine,F,1h,49.98694144300092
8093,20,MOB,morphine,F,1h,106.41205517392177
8094,21,MOB,morphine,F,1h,2.3080240277448785
8095,22,MOB,morphine,M,4h,25.388264305193665
8096,23,MOB,morphine,M,4h,0.8503246418007447
8097,24,MOB,saline,F,1h,43.36655673183798
8098,25,MOB,saline,F,4h,66.62900943252978
8099,26,MOB,saline,F,4h,10.264633176023276
8100,0,AOB,morphine,M,1h,1736.1111111111113
8101,1,AOB,morphine,M,4h,915.5992343934041
8102,2,AOB,saline,M,1h,568.990478994896
8103,3,AOB,saline,M,4h,591.9954848841775
8104,4,AOB,morphine,F,4h,6.134668237141736
8105,5,AOB,saline,F,4h,4.601001177856302
8106,6,AOB,morphine,M,1h,32.207008244994114
8107,7,AOB,morphine,M,4h,39.87534354142128
8108,8,AOB,saline,M,4h,1.533667059285434
8109,9,AOB,morphine,F,4h,3.067334118570868
8110,10,AOB,saline,F,1h,96.62102473498234
8111,11,AOB,saline,M,1h,53.67834707499019
8112,12,AOB,morphine,M,1h,15.33667059285434
8113,13,AOB,saline,M,4h,13.803003533568905
8114,14,AOB,morphine,M,1h,44.476344719277584
8115,15,AOB,morphine,F,4h,47.543678837848454
8116,16,AOB,saline,F,4h,0.0
8117,17,AOB,morphine,M,1h,47.543678837848454
8118,18,AOB,saline,M,1h,19.93767177071064
8119,19,AOB,morphine,F,1h,88.95268943855517
8120,20,AOB,morphine,F,1h,176.37171181782492
8121,21,AOB,morphine,F,1h,12.269336474283472
8122,22,AOB,morphine,M,4h,47.543678837848454
8123,23,AOB,morphine,M,4h,0.0
8124,24,AOB,saline,F,1h,240.78572830781314
8125,25,AOB,saline,F,4h,24.538672948566944
8126,26,AOB,saline,F,4h,10.735669414998037
8127,0,AOBgl,morphine,M,1h,123.01397179742838
8128,1,AOBgl,morphine,M,4h,822.2512851722844
8129,2,AOBgl,saline,M,1h,90.64187395599986
8130,3,AOBgl,saline,M,4h,537.3768241677134
8131,4,AOBgl,morphine,F,4h,19.423258704857112
8132,5,AOBgl,saline,F,4h,12.948839136571408
8133,6,AOBgl,morphine,M,1h,25.897678273142816
8134,7,AOBgl,morphine,M,4h,135.96281093399978
8135,8,AOBgl,saline,M,4h,0.0
8136,9,AOBgl,morphine,F,4h,0.0
8137,10,AOBgl,saline,F,1h,148.9116500705712
8138,11,AOBgl,saline,M,1h,129.48839136571408
8139,12,AOBgl,morphine,M,1h,6.474419568285704
8140,13,AOBgl,saline,M,4h,19.423258704857112
8141,14,AOBgl,morphine,M,1h,84.16745438771416
8142,15,AOBgl,morphine,F,4h,51.79535654628563
8143,16,AOBgl,saline,F,4h,0.0
8144,17,AOBgl,morphine,M,1h,6.474419568285704
8145,18,AOBgl,saline,M,1h,45.32093697799993
8146,19,AOBgl,morphine,F,1h,181.2837479119997
8147,20,AOBgl,morphine,F,1h,0.0
8148,21,AOBgl,morphine,F,1h,25.897678273142816
8149,22,AOBgl,morphine,M,4h,25.897678273142816
8150,23,AOBgl,morphine,M,4h,0.0
8151,24,AOBgl,saline,F,1h,433.7861110751422
8152,25,AOBgl,saline,F,4h,12.948839136571408
8153,26,AOBgl,saline,F,4h,12.948839136571408
8154,0,AOBgr,morphine,M,1h,2959.761766414875
8155,1,AOBgr,morphine,M,4h,426.7141196978501
8156,2,AOBgr,saline,M,1h,245.13364323067987
8157,3,AOBgr,saline,M,4h,567.4389889599071
8158,4,AOBgr,morphine,F,4h,4.539511911679257
8159,5,AOBgr,saline,F,4h,4.539511911679257
8160,6,AOBgr,morphine,M,1h,18.158047646717026
8161,7,AOBgr,morphine,M,4h,4.539511911679257
8162,8,AOBgr,saline,M,4h,0.0
8163,9,AOBgr,morphine,F,4h,4.539511911679257
8164,10,AOBgr,saline,F,1h,81.71121441022662
8165,11,AOBgr,saline,M,1h,0.0
8166,12,AOBgr,morphine,M,1h,13.618535735037769
8167,13,AOBgr,saline,M,4h,9.079023823358513
8168,14,AOBgr,morphine,M,1h,0.0
8169,15,AOBgr,morphine,F,4h,45.395119116792564
8170,16,AOBgr,saline,F,4h,0.0
8171,17,AOBgr,morphine,M,1h,99.86926205694364
8172,18,AOBgr,saline,M,1h,0.0
8173,19,AOBgr,morphine,F,1h,77.17170249854736
8174,20,AOBgr,morphine,F,1h,476.64875072632196
8175,21,AOBgr,morphine,F,1h,0.0
8176,22,AOBgr,morphine,M,4h,31.776583381754797
8177,23,AOBgr,morphine,M,4h,0.0
8178,24,AOBgr,saline,F,1h,281.4497385241139
8179,25,AOBgr,saline,F,4h,54.474142940151076
8180,26,AOBgr,saline,F,4h,4.539511911679257
8181,0,AOBmi,morphine,M,1h,1662.5193840383715
8182,1,AOBmi,morphine,M,4h,1355.981102816546
8183,2,AOBmi,saline,M,1h,1092.7188142378016
8184,3,AOBmi,saline,M,4h,641.9272242057052
8185,4,AOBmi,morphine,F,4h,0.0
8186,5,AOBmi,saline,F,4h,0.0
8187,6,AOBmi,morphine,M,1h,46.882325363338026
8188,7,AOBmi,morphine,M,4h,14.425330881027085
8189,8,AOBmi,saline,M,4h,3.606332720256771
8190,9,AOBmi,morphine,F,4h,3.606332720256771
8191,10,AOBmi,saline,F,1h,79.33931984564896
8192,11,AOBmi,saline,M,1h,54.094990803851566
8193,12,AOBmi,morphine,M,1h,21.637996321540626
8194,13,AOBmi,saline,M,4h,14.425330881027085
8195,14,AOBmi,morphine,M,1h,57.70132352410834
8196,15,AOBmi,morphine,F,4h,46.882325363338026
8197,16,AOBmi,saline,F,4h,0.0
8198,17,AOBmi,morphine,M,1h,28.85066176205417
8199,18,AOBmi,saline,M,1h,21.637996321540626
8200,19,AOBmi,morphine,F,1h,46.882325363338026
8201,20,AOBmi,morphine,F,1h,36.06332720256771
8202,21,AOBmi,morphine,F,1h,14.425330881027085
8203,22,AOBmi,morphine,M,4h,72.12665440513543
8204,23,AOBmi,morphine,M,4h,0.0
8205,24,AOBmi,saline,F,1h,100.97731616718958
8206,25,AOBmi,saline,F,4h,7.212665440513542
8207,26,AOBmi,saline,F,4h,14.425330881027085
8208,0,AON,morphine,M,1h,413.0836654564328
8209,1,AON,morphine,M,4h,120.51695408694138
8210,2,AON,saline,M,1h,2293.3123971910313
8211,3,AON,saline,M,4h,868.2558753554943
8212,4,AON,morphine,F,4h,494.18110474832696
8213,5,AON,saline,F,4h,209.00555240290686
8214,6,AON,morphine,M,1h,494.79703466699954
8215,7,AON,morphine,M,4h,396.04293770649053
8216,8,AON,saline,M,4h,188.47455511381975
8217,9,AON,morphine,F,4h,65.90450129796965
8218,10,AON,saline,F,1h,967.8312122075668
8219,11,AON,saline,M,1h,294.82512107129105
8220,12,AON,morphine,M,1h,405.07657651368885
8221,13,AON,saline,M,4h,28.948706177612838
8222,14,AON,morphine,M,1h,902.7479508011606
8223,15,AON,morphine,F,4h,484.531536022456
8224,16,AON,saline,F,4h,14.577008075251854
8225,17,AON,morphine,M,1h,44.14164417153731
8226,18,AON,saline,M,1h,42.29385441551946
8227,19,AON,morphine,F,1h,931.0807270601008
8228,20,AON,morphine,F,1h,1091.838435833653
8229,21,AON,morphine,F,1h,128.52404302968537
8230,22,AON,morphine,M,4h,1005.1976272737054
8231,23,AON,morphine,M,4h,46.810673819118634
8232,24,AON,saline,F,1h,542.8395683234634
8233,25,AON,saline,F,4h,402.8181668118893
8234,26,AON,saline,F,4h,55.02307273475348
8235,0,TT,morphine,M,1h,402.4988237318858
8236,1,TT,morphine,M,4h,175.57276276580538
8237,2,TT,saline,M,1h,604.4421990870217
8238,3,TT,saline,M,4h,393.477298372378
8239,4,TT,morphine,F,4h,368.4946127614334
8240,5,TT,saline,F,4h,404.5807141994645
8241,6,TT,morphine,M,1h,492.71407732696366
8242,7,TT,morphine,M,4h,391.3954079047993
8243,8,TT,saline,M,4h,646.080008438596
8244,9,TT,morphine,F,4h,48.57744424350346
8245,10,TT,saline,F,1h,556.5587183327111
8246,11,TT,saline,M,1h,47.18951726511765
8247,12,TT,morphine,M,1h,54.82311564623962
8248,13,TT,saline,M,4h,25.676649100137542
8249,14,TT,morphine,M,1h,605.1361625762146
8250,15,TT,morphine,F,4h,176.96068974419117
8251,16,TT,saline,F,4h,22.206831654173012
8252,17,TT,morphine,M,1h,6.939634891929066
8253,18,TT,saline,M,1h,3.469817445964533
8254,19,TT,morphine,F,1h,346.2877811072604
8255,20,TT,morphine,F,1h,859.8207631100113
8256,21,TT,morphine,F,1h,40.24988237318858
8257,22,TT,morphine,M,4h,874.3939963830622
8258,23,TT,morphine,M,4h,191.53392301724222
8259,24,TT,saline,F,1h,376.8221746317483
8260,25,TT,saline,F,4h,111.03415827086505
8261,26,TT,saline,F,4h,50.65933471108218
8262,0,TTd,morphine,M,1h,794.8905815834221
8263,1,TTd,morphine,M,4h,294.45511978655463
8264,2,TTd,saline,M,1h,819.7741128329901
8265,3,TTd,saline,M,4h,721.6224062374719
8266,4,TTd,morphine,F,4h,588.9102395731093
8267,5,TTd,saline,F,4h,534.9959218657119
8268,6,TTd,morphine,M,1h,901.3367985954629
8269,7,TTd,morphine,M,4h,674.6201805438434
8270,8,TTd,saline,M,4h,1226.2051232426006
8271,9,TTd,morphine,F,4h,96.76928819276442
8272,10,TTd,saline,F,1h,949.7214426918451
8273,11,TTd,saline,M,1h,91.23961458174932
8274,12,TTd,morphine,M,1h,55.2967361101511
8275,13,TTd,saline,M,4h,34.560460068844435
8276,14,TTd,morphine,M,1h,642.8245572805066
8277,15,TTd,morphine,F,4h,154.83086110842308
8278,16,TTd,saline,F,4h,9.676928819276442
8279,17,TTd,morphine,M,1h,2.764836805507555
8280,18,TTd,saline,M,1h,2.764836805507555
8281,19,TTd,morphine,F,1h,367.7232951325048
8282,20,TTd,morphine,F,1h,1039.5786388708407
8283,21,TTd,morphine,F,1h,44.23738888812088
8284,22,TTd,morphine,M,4h,830.8334600550203
8285,23,TTd,morphine,M,4h,374.63538714627373
8286,24,TTd,saline,F,1h,468.63983853353056
8287,25,TTd,saline,F,4h,158.9781163166844
8288,26,TTd,saline,F,4h,94.00445138725688
8289,0,TTv,morphine,M,1h,6.967398150573835
8290,1,TTv,morphine,M,4h,55.73918520459068
8291,2,TTv,saline,M,1h,387.38733717190524
8292,3,TTv,saline,M,4h,62.70658335516452
8293,4,TTv,morphine,F,4h,146.31536116205055
8294,5,TTv,saline,F,4h,273.12200750249434
8295,6,TTv,morphine,M,1h,80.82181854665649
8296,7,TTv,morphine,M,4h,105.9044518887223
8297,8,TTv,saline,M,4h,61.31310372504975
8298,9,TTv,morphine,F,4h,0.0
8299,10,TTv,saline,F,1h,160.2501574631982
8300,11,TTv,saline,M,1h,2.7869592602295343
8301,12,TTv,morphine,M,1h,54.345705574475915
8302,13,TTv,saline,M,4h,16.721755561377204
8303,14,TTv,morphine,M,1h,567.1462094567103
8304,15,TTv,morphine,F,4h,199.2675871064117
8305,16,TTv,saline,F,4h,34.83699075286918
8306,17,TTv,morphine,M,1h,11.147837040918137
8307,18,TTv,saline,M,1h,4.180438890344301
8308,19,TTv,morphine,F,1h,324.6807538167407
8309,20,TTv,morphine,F,1h,678.6245798658916
8310,21,TTv,morphine,F,1h,36.230470382983945
8311,22,TTv,morphine,M,4h,918.3030762456315
8312,23,TTv,morphine,M,4h,6.967398150573835
8313,24,TTv,saline,F,1h,284.2698445434125
8314,25,TTv,saline,F,4h,62.70658335516452
8315,26,TTv,saline,F,4h,6.967398150573835
8316,0,DP,morphine,M,1h,645.9026787129499
8317,1,DP,morphine,M,4h,43.58852433032177
8318,2,DP,saline,M,1h,762.7991757806309
8319,3,DP,saline,M,4h,402.2032017752418
8320,4,DP,morphine,F,4h,645.9026787129499
8321,5,DP,saline,F,4h,340.78300840069744
8322,6,DP,morphine,M,1h,1121.4138532255508
8323,7,DP,morphine,M,4h,824.2193691551753
8324,8,DP,saline,M,4h,808.3689966714219
8325,9,DP,morphine,F,4h,221.90521477254717
8326,10,DP,saline,F,1h,2203.201775241718
8327,11,DP,saline,M,1h,412.10968457758764
8328,12,DP,morphine,M,1h,99.06482802345856
8329,13,DP,saline,M,4h,25.756855286099228
8330,14,DP,morphine,M,1h,481.4550641940086
8331,15,DP,morphine,F,4h,451.73561578697104
8332,16,DP,saline,F,4h,1.9812965604691712
8333,17,DP,morphine,M,1h,43.58852433032177
8334,18,DP,saline,M,1h,7.925186241876685
8335,19,DP,morphine,F,1h,322.95133935647493
8336,20,DP,morphine,F,1h,606.2767475035664
8337,21,DP,morphine,F,1h,59.438896814075136
8338,22,DP,morphine,M,4h,733.0797273735933
8339,23,DP,morphine,M,4h,1200.6657156443177
8340,24,DP,saline,F,1h,184.26058012363293
8341,25,DP,saline,F,4h,273.4189253447456
8342,26,DP,saline,F,4h,108.97131082580442
8343,0,PIR,morphine,M,1h,806.6179675751681
8344,1,PIR,morphine,M,4h,339.1599449943606
8345,2,PIR,saline,M,1h,1003.3877954638158
8346,3,PIR,saline,M,4h,455.00861343495285
8347,4,PIR,morphine,F,4h,663.7091250883778
8348,5,PIR,saline,F,4h,123.97536607746957
8349,6,PIR,morphine,M,1h,912.3514910847534
8350,7,PIR,morphine,M,4h,121.38173917208317
8351,8,PIR,saline,M,4h,213.9742196943774
8352,9,PIR,morphine,F,4h,32.07451939661172
8353,10,PIR,saline,F,1h,925.578988302224
8354,11,PIR,saline,M,1h,268.95911008856893
8355,12,PIR,morphine,M,1h,197.46146173008404
8356,13,PIR,saline,M,4h,59.826327284246126
8357,14,PIR,morphine,M,1h,1276.323800140644
8358,15,PIR,morphine,F,4h,222.5331884821525
8359,16,PIR,saline,F,4h,105.56061504922619
8360,17,PIR,morphine,M,1h,346.85437148034026
8361,18,PIR,saline,M,1h,31.037068634457167
8362,19,PIR,morphine,F,1h,756.6474225313902
8363,20,PIR,morphine,F,1h,963.1001242001472
8364,21,PIR,morphine,F,1h,274.3192723597008
8365,22,PIR,morphine,M,4h,745.9270979891265
8366,23,PIR,morphine,M,4h,223.39773078394796
8367,24,PIR,saline,F,1h,793.3904703576975
8368,25,PIR,saline,F,4h,218.4698396637138
8369,26,PIR,saline,F,4h,24.466547140811638
8370,0,NLOT,morphine,M,1h,0.0
8371,1,NLOT,morphine,M,4h,0.0
8372,2,NLOT,saline,M,1h,0.0
8373,3,NLOT,saline,M,4h,0.0
8374,4,NLOT,morphine,F,4h,228.49630649805937
8375,5,NLOT,saline,F,4h,159.63440590960312
8376,6,NLOT,morphine,M,1h,801.3021159383999
8377,7,NLOT,morphine,M,4h,9.390259171153124
8378,8,NLOT,saline,M,4h,137.7238011769125
8379,9,NLOT,morphine,F,4h,0.0
8380,10,NLOT,saline,F,1h,353.69976211343436
8381,11,NLOT,saline,M,1h,0.0
8382,12,NLOT,morphine,M,1h,397.5209715788156
8383,13,NLOT,saline,M,4h,71.99198697884061
8384,14,NLOT,morphine,M,1h,522.7244271941906
8385,15,NLOT,morphine,F,4h,34.430950294228126
8386,16,NLOT,saline,F,4h,81.38224614999375
8387,17,NLOT,morphine,M,1h,112.6831100538375
8388,18,NLOT,saline,M,1h,0.0
8389,19,NLOT,morphine,F,1h,550.89520470765
8390,20,NLOT,morphine,F,1h,507.0739952422687
8391,21,NLOT,morphine,F,1h,87.64241893076249
8392,22,NLOT,morphine,M,4h,892.0746212595468
8393,23,NLOT,morphine,M,4h,973.4568674095406
8394,24,NLOT,saline,F,1h,1856.1412294979343
8395,25,NLOT,saline,F,4h,15.650431951921874
8396,26,NLOT,saline,F,4h,31.300863903843748
8397,0,NLOT1,morphine,M,1h,0.0
8398,1,NLOT1,morphine,M,4h,0.0
8399,2,NLOT1,saline,M,1h,0.0
8400,3,NLOT1,saline,M,4h,0.0
8401,4,NLOT1,morphine,F,4h,26.905346989291676
8402,5,NLOT1,saline,F,4h,62.779142975013905
8403,6,NLOT1,morphine,M,1h,26.905346989291676
8404,7,NLOT1,morphine,M,4h,0.0
8405,8,NLOT1,saline,M,4h,0.0
8406,9,NLOT1,morphine,F,4h,0.0
8407,10,NLOT1,saline,F,1h,44.84224498215279
8408,11,NLOT1,saline,M,1h,0.0
8409,12,NLOT1,morphine,M,1h,0.0
8410,13,NLOT1,saline,M,4h,26.905346989291676
8411,14,NLOT1,morphine,M,1h,215.2427759143334
8412,15,NLOT1,morphine,F,4h,0.0
8413,16,NLOT1,saline,F,4h,0.0
8414,17,NLOT1,morphine,M,1h,0.0
8415,18,NLOT1,saline,M,1h,0.0
8416,19,NLOT1,morphine,F,1h,125.55828595002781
8417,20,NLOT1,morphine,F,1h,44.84224498215279
8418,21,NLOT1,morphine,F,1h,89.68448996430558
8419,22,NLOT1,morphine,M,4h,923.7502466323475
8420,23,NLOT1,morphine,M,4h,107.6213879571667
8421,24,NLOT1,saline,F,1h,2502.1972700041256
8422,25,NLOT1,saline,F,4h,26.905346989291676
8423,26,NLOT1,saline,F,4h,0.0
8424,0,NLOT2,morphine,M,1h,0.0
8425,1,NLOT2,morphine,M,4h,0.0
8426,2,NLOT2,saline,M,1h,0.0
8427,3,NLOT2,saline,M,4h,0.0
8428,4,NLOT2,morphine,F,4h,314.20892888181737
8429,5,NLOT2,saline,F,4h,213.9294834940033
8430,6,NLOT2,morphine,M,1h,1410.5975317885843
8431,7,NLOT2,morphine,M,4h,6.685296359187603
8432,8,NLOT2,saline,M,4h,93.59414902862645
8433,9,NLOT2,morphine,F,4h,0.0
8434,10,NLOT2,saline,F,1h,481.34133786150744
8435,11,NLOT2,saline,M,1h,0.0
8436,12,NLOT2,morphine,M,1h,574.9354868901339
8437,13,NLOT2,saline,M,4h,120.33533446537686
8438,14,NLOT2,morphine,M,1h,869.0885266943884
8439,15,NLOT2,morphine,F,4h,33.42648179593802
8440,16,NLOT2,saline,F,4h,133.70592718375207
8441,17,NLOT2,morphine,M,1h,53.48237087350083
8442,18,NLOT2,saline,M,1h,0.0
8443,19,NLOT2,morphine,F,1h,875.773823053576
8444,20,NLOT2,morphine,F,1h,855.7179339760132
8445,21,NLOT2,morphine,F,1h,120.33533446537686
8446,22,NLOT2,morphine,M,4h,949.3120830046396
8447,23,NLOT2,morphine,M,4h,1571.0446444090867
8448,24,NLOT2,saline,F,1h,1738.1770533887768
8449,25,NLOT2,saline,F,4h,13.370592718375207
8450,26,NLOT2,saline,F,4h,40.11177815512562
8451,0,NLOT3,morphine,M,1h,0.0
8452,1,NLOT3,morphine,M,4h,0.0
8453,2,NLOT3,saline,M,1h,0.0
8454,3,NLOT3,saline,M,4h,0.0
8455,4,NLOT3,morphine,F,4h,393.8625933283102
8456,5,NLOT3,saline,F,4h,205.49352695390095
8457,6,NLOT3,morphine,M,1h,719.2273443386533
8458,7,NLOT3,morphine,M,4h,34.24892115898349
8459,8,NLOT3,saline,M,4h,513.7338173847525
8460,9,NLOT3,morphine,F,4h,0.0
8461,10,NLOT3,saline,F,1h,616.480580861703
8462,11,NLOT3,saline,M,1h,0.0
8463,12,NLOT3,morphine,M,1h,702.1028837591616
8464,13,NLOT3,saline,M,4h,34.24892115898349
8465,14,NLOT3,morphine,M,1h,222.61798753339272
8466,15,NLOT3,morphine,F,4h,102.74676347695048
8467,16,NLOT3,saline,F,4h,102.74676347695048
8468,17,NLOT3,morphine,M,1h,479.4848962257689
8469,18,NLOT3,saline,M,1h,0.0
8470,19,NLOT3,morphine,F,1h,530.8582779642442
8471,20,NLOT3,morphine,F,1h,496.6093568052607
8472,21,NLOT3,morphine,F,1h,0.0
8473,22,NLOT3,morphine,M,4h,684.9784231796699
8474,23,NLOT3,morphine,M,4h,1095.9654770874718
8475,24,NLOT3,saline,F,1h,924.7208712925543
8476,25,NLOT3,saline,F,4h,0.0
8477,26,NLOT3,saline,F,4h,68.49784231796698
8478,0,COA,morphine,M,1h,0.3062644556823082
8479,1,COA,morphine,M,4h,67.99070916147242
8480,2,COA,saline,M,1h,9.187933670469246
8481,3,COA,saline,M,4h,16.232016151162334
8482,4,COA,morphine,F,4h,537.8003841781332
8483,5,COA,saline,F,4h,245.6240934572112
8484,6,COA,morphine,M,1h,552.1948135952017
8485,7,COA,morphine,M,4h,184.06493786506724
8486,8,COA,saline,M,4h,164.4640127013995
8487,9,COA,morphine,F,4h,0.0
8488,10,COA,saline,F,1h,1042.8304715982595
8489,11,COA,saline,M,1h,0.3062644556823082
8490,12,COA,morphine,M,1h,191.72154925712493
8491,13,COA,saline,M,4h,203.35959857305264
8492,14,COA,morphine,M,1h,934.4128542867223
8493,15,COA,morphine,F,4h,168.7517150809518
8494,16,COA,saline,F,4h,139.96285624681485
8495,17,COA,morphine,M,1h,156.5011368536595
8496,18,COA,saline,M,1h,60.33409776941472
8497,19,COA,morphine,F,1h,745.7539495864205
8498,20,COA,morphine,F,1h,524.9372770394763
8499,21,COA,morphine,F,1h,378.8491316790152
8500,22,COA,morphine,M,4h,996.8908032459132
8501,23,COA,morphine,M,4h,309.9396291504959
8502,24,COA,saline,F,1h,756.4732055353013
8503,25,COA,saline,F,4h,65.84685797169627
8504,26,COA,saline,F,4h,13.781900505703868
8505,0,COAa,morphine,M,1h,0.0
8506,1,COAa,morphine,M,4h,5.211889362012624
8507,2,COAa,saline,M,1h,0.0
8508,3,COAa,saline,M,4h,0.0
8509,4,COAa,morphine,F,4h,471.6759872621424
8510,5,COAa,saline,F,4h,142.02398511484398
8511,6,COAa,morphine,M,1h,931.6252234597565
8512,7,COAa,morphine,M,4h,49.51294893911992
8513,8,COAa,saline,M,4h,251.47366171710908
8514,9,COAa,morphine,F,4h,0.0
8515,10,COAa,saline,F,1h,1407.2101277434083
8516,11,COAa,saline,M,1h,0.0
8517,12,COAa,morphine,M,1h,355.71144895736154
8518,13,COAa,saline,M,4h,217.59638086402703
8519,14,COAa,morphine,M,1h,1357.6971788042886
8520,15,COAa,morphine,F,4h,173.29532128691974
8521,16,COAa,saline,F,4h,132.9031787313219
8522,17,COAa,morphine,M,1h,0.0
8523,18,COAa,saline,M,1h,0.0
8524,19,COAa,morphine,F,1h,1166.1602447503246
8525,20,COAa,morphine,F,1h,956.3816979293165
8526,21,COAa,morphine,F,1h,269.71527448415327
8527,22,COAa,morphine,M,4h,1477.5706341305788
8528,23,COAa,morphine,M,4h,966.8054766533417
8529,24,COAa,saline,F,1h,1992.2447086293255
8530,25,COAa,saline,F,4h,37.78619787459152
8531,26,COAa,saline,F,4h,35.18025319358521
8532,0,COAp,morphine,M,1h,0.40037218598409086
8533,1,COAp,morphine,M,4h,87.2811365445318
8534,2,COAp,saline,M,1h,12.011165579522725
8535,3,COAp,saline,M,4h,21.219725857156813
8536,4,COAp,morphine,F,4h,558.1188272618226
8537,5,COAp,saline,F,4h,277.457924886975
8538,6,COAp,morphine,M,1h,435.6049383506908
8539,7,COAp,morphine,M,4h,225.40954070904314
8540,8,COAp,saline,M,4h,137.72803197852724
8541,9,COAp,morphine,F,4h,0.0
8542,10,COAp,saline,F,1h,930.8653324130112
8543,11,COAp,saline,M,1h,0.40037218598409086
8544,12,COAp,morphine,M,1h,141.33138165238407
8545,13,COAp,saline,M,4h,198.98497643409314
8546,14,COAp,morphine,M,1h,804.3477216420386
8547,15,COAp,morphine,F,4h,167.35557374134999
8548,16,COAp,saline,F,4h,142.13212602435226
8549,17,COAp,morphine,M,1h,204.59018703787044
8550,18,COAp,saline,M,1h,78.87332063886589
8551,19,COAp,morphine,F,1h,616.5731664154999
8552,20,COAp,morphine,F,1h,392.364742264409
8553,21,COAp,morphine,F,1h,412.3833515636136
8554,22,COAp,morphine,M,4h,849.1894064722567
8555,23,COAp,morphine,M,4h,108.10049021570453
8556,24,COAp,saline,F,1h,376.7502270110295
8557,25,COAp,saline,F,4h,74.4692265930409
8558,26,COAp,saline,F,4h,7.206699347713635
8559,0,COApl,morphine,M,1h,0.8317142629015517
8560,1,COApl,morphine,M,4h,83.17142629015518
8561,2,COApl,saline,M,1h,21.624570835440345
8562,3,COApl,saline,M,4h,11.643999680621725
8563,4,COApl,morphine,F,4h,555.5851276182366
8564,5,COApl,saline,F,4h,260.3265642881857
8565,6,COApl,morphine,M,1h,475.7405583796876
8566,7,COApl,morphine,M,4h,214.58227982860035
8567,8,COApl,saline,M,4h,99.80571154818621
8568,9,COApl,morphine,F,4h,0.0
8569,10,COApl,saline,F,1h,1022.1768291060071
8570,11,COApl,saline,M,1h,0.8317142629015517
8571,12,COApl,morphine,M,1h,114.77656828041414
8572,13,COApl,saline,M,4h,243.69227903015465
8573,14,COApl,morphine,M,1h,1009.7011151624838
8574,15,COApl,morphine,F,4h,156.36228142549172
8575,16,COApl,saline,F,4h,113.94485401751258
8576,17,COApl,morphine,M,1h,94.8154259707769
8577,18,COApl,saline,M,1h,76.51771218694276
8578,19,COApl,morphine,F,1h,569.7242700875629
8579,20,COApl,morphine,F,1h,395.0642748782371
8580,21,COApl,morphine,F,1h,528.1385569424854
8581,22,COApl,morphine,M,4h,1093.7042557155405
8582,23,COApl,morphine,M,4h,146.3817102706731
8583,24,COApl,saline,F,1h,398.3911319298433
8584,25,COApl,saline,F,4h,83.17142629015518
8585,26,COApl,saline,F,4h,8.317142629015517
8586,0,COApm,morphine,M,1h,0.0
8587,1,COApm,morphine,M,4h,91.09577408248028
8588,2,COApm,saline,M,1h,3.0879923417789925
8589,3,COApm,saline,M,4h,30.10792533234518
8590,4,COApm,morphine,F,4h,560.4706100328872
8591,5,COApm,saline,F,4h,293.3592724690043
8592,6,COApm,morphine,M,1h,398.35101208949004
8593,7,COApm,morphine,M,4h,235.45941606064818
8594,8,COApm,saline,M,4h,172.92757113962358
8595,9,COApm,morphine,F,4h,0.0
8596,10,COApm,saline,F,1h,846.109901647444
8597,11,COApm,saline,M,1h,0.0
8598,12,COApm,morphine,M,1h,165.97958837062086
8599,13,COApm,saline,M,4h,157.4876094307286
8600,14,COApm,morphine,M,1h,613.7384779285748
8601,15,COApm,morphine,F,4h,177.55955965229208
8602,16,COApm,saline,F,4h,168.29558262695508
8603,17,COApm,morphine,M,1h,306.48323992156503
8604,18,COApm,saline,M,1h,81.05979897169856
8605,19,COApm,morphine,F,1h,660.0583630552596
8606,20,COApm,morphine,F,1h,389.8590331495978
8607,21,COApm,morphine,F,1h,304.93924375067553
8608,22,COApm,morphine,M,4h,622.230456868467
8609,23,COApm,morphine,M,4h,72.56782003180632
8610,24,COApm,saline,F,1h,356.66311547547366
8611,25,COApm,saline,F,4h,66.39183534824834
8612,26,COApm,saline,F,4h,6.175984683557985
8613,0,PAA,morphine,M,1h,0.0
8614,1,PAA,morphine,M,4h,7.552794030271599
8615,2,PAA,saline,M,1h,0.0
8616,3,PAA,saline,M,4h,0.8391993366968443
8617,4,PAA,morphine,F,4h,313.8605519246198
8618,5,PAA,saline,F,4h,62.93995025226332
8619,6,PAA,morphine,M,1h,862.696918124356
8620,7,PAA,morphine,M,4h,77.20633897610968
8621,8,PAA,saline,M,4h,73.01034229262545
8622,9,PAA,morphine,F,4h,0.0
8623,10,PAA,saline,F,1h,1096.8335330627756
8624,11,PAA,saline,M,1h,0.0
8625,12,PAA,morphine,M,1h,106.57831576049924
8626,13,PAA,saline,M,4h,175.39266136964048
8627,14,PAA,morphine,M,1h,391.06689090072945
8628,15,PAA,morphine,F,4h,113.29191045407399
8629,16,PAA,saline,F,4h,69.65354494583808
8630,17,PAA,morphine,M,1h,72.17114295592862
8631,18,PAA,saline,M,1h,0.8391993366968443
8632,19,PAA,morphine,F,1h,600.8667250749405
8633,20,PAA,morphine,F,1h,803.1137652188801
8634,21,PAA,morphine,F,1h,480.022020590595
8635,22,PAA,morphine,M,4h,1108.5823237765314
8636,23,PAA,morphine,M,4h,219.03102687787637
8637,24,PAA,saline,F,1h,1047.3207721976617
8638,25,PAA,saline,F,4h,35.246372141267464
8639,26,PAA,saline,F,4h,3.3567973467873773
8640,0,TR,morphine,M,1h,262.6854281487725
8641,1,TR,morphine,M,4h,422.1475850737726
8642,2,TR,saline,M,1h,379.43450732600473
8643,3,TR,saline,M,4h,700.4944750633933
8644,4,TR,morphine,F,4h,465.57254745066996
8645,5,TR,saline,F,4h,118.88473306462062
8646,6,TR,morphine,M,1h,222.108004288393
8647,7,TR,morphine,M,4h,267.66862055267876
8648,8,TR,saline,M,4h,116.03719454810276
8649,9,TR,morphine,F,4h,0.0
8650,10,TR,saline,F,1h,364.48493011428593
8651,11,TR,saline,M,1h,9.254500178683042
8652,12,TR,morphine,M,1h,117.46096380636169
8653,13,TR,saline,M,4h,49.831924039062535
8654,14,TR,morphine,M,1h,906.2291328818086
8655,15,TR,morphine,F,4h,259.83788963225464
8656,16,TR,saline,F,4h,182.95434968627245
8657,17,TR,morphine,M,1h,163.7334646997769
8658,18,TR,saline,M,1h,205.02277318928586
8659,19,TR,morphine,F,1h,387.26523824642885
8660,20,TR,morphine,F,1h,462.01312430502264
8661,21,TR,morphine,F,1h,303.97473663828146
8662,22,TR,morphine,M,4h,701.2063596925228
8663,23,TR,morphine,M,4h,116.74907917723222
8664,24,TR,saline,F,1h,213.56538873883943
8665,25,TR,saline,F,4h,131.69865638895098
8666,26,TR,saline,F,4h,41.289308489508954
8667,0,HPF,morphine,M,1h,987.0995323993828
8668,1,HPF,morphine,M,4h,298.65559252823977
8669,2,HPF,saline,M,1h,629.416368108789
8670,3,HPF,saline,M,4h,574.3286581088804
8671,4,HPF,morphine,F,4h,587.7429493476832
8672,5,HPF,saline,F,4h,142.42131240078527
8673,6,HPF,morphine,M,1h,413.16955077836894
8674,7,HPF,morphine,M,4h,339.95378635958883
8675,8,HPF,saline,M,4h,209.8210904083362
8676,9,HPF,morphine,F,4h,137.21506650041076
8677,10,HPF,saline,F,1h,333.5515109956148
8678,11,HPF,saline,M,1h,91.22656104710269
8679,12,HPF,morphine,M,1h,294.7860854401236
8680,13,HPF,saline,M,4h,73.12195818634092
8681,14,HPF,morphine,M,1h,613.2347930130304
8682,15,HPF,morphine,F,4h,246.28826326906747
8683,16,HPF,saline,F,4h,109.87054974438975
8684,17,HPF,morphine,M,1h,179.6623866791398
8685,18,HPF,saline,M,1h,86.32518540215553
8686,19,HPF,morphine,F,1h,417.8833139584378
8687,20,HPF,morphine,F,1h,418.82137628282953
8688,21,HPF,morphine,F,1h,167.70209204314432
8689,22,HPF,morphine,M,4h,507.37445970541563
8690,23,HPF,morphine,M,4h,288.1492944950516
8691,24,HPF,saline,F,1h,163.73877872258893
8692,25,HPF,saline,F,4h,115.2644081096426
8693,26,HPF,saline,F,4h,57.22180178789989
8694,0,HIP,morphine,M,1h,333.4517646505204
8695,1,HIP,morphine,M,4h,45.961358557039354
8696,2,HIP,saline,M,1h,63.58690706790399
8697,3,HIP,saline,M,4h,152.3471453821864
8698,4,HIP,morphine,F,4h,437.6027331238114
8699,5,HIP,saline,F,4h,114.06006871265271
8700,6,HIP,morphine,M,1h,202.69380787494327
8701,7,HIP,morphine,M,4h,239.8423921765503
8702,8,HIP,saline,M,4h,180.13479243639642
8703,9,HIP,morphine,F,4h,99.93433007356263
8704,10,HIP,saline,F,1h,254.26329550362138
8705,11,HIP,saline,M,1h,55.91262518039833
8706,12,HIP,morphine,M,1h,197.1278451873018
8707,13,HIP,saline,M,4h,90.86855751414662
8708,14,HIP,morphine,M,1h,347.74616882559957
8709,15,HIP,morphine,F,4h,199.236164387166
8710,16,HIP,saline,F,4h,83.44727393062466
8711,17,HIP,morphine,M,1h,117.18038112845171
8712,18,HIP,saline,M,1h,99.89216368956535
8713,19,HIP,morphine,F,1h,259.1545960473063
8714,20,HIP,morphine,F,1h,205.39245645076943
8715,21,HIP,morphine,F,1h,101.28365436147571
8716,22,HIP,morphine,M,4h,226.43348206541407
8717,23,HIP,morphine,M,4h,113.13240826471247
8718,24,HIP,saline,F,1h,105.45812637720681
8719,25,HIP,saline,F,4h,74.46583413920321
8720,26,HIP,saline,F,4h,53.97297151652327
8721,0,CA,morphine,M,1h,224.676257106184
8722,1,CA,morphine,M,4h,22.97556887862923
8723,2,CA,saline,M,1h,43.70673771255946
8724,3,CA,saline,M,4h,51.384948391792875
8725,4,CA,morphine,F,4h,483.4319569963502
8726,5,CA,saline,F,4h,128.52143413855322
8727,6,CA,morphine,M,1h,193.07746700318495
8728,7,CA,morphine,M,4h,270.74552118158454
8729,8,CA,saline,M,4h,156.04486626565145
8730,9,CA,morphine,F,4h,99.81673883003444
8731,10,CA,saline,F,1h,243.5174048498414
8732,11,CA,saline,M,1h,61.24849595665427
8733,12,CA,morphine,M,1h,207.54794097558639
8734,13,CA,saline,M,4h,96.1548229676308
8735,14,CA,morphine,M,1h,363.0612388095986
8736,15,CA,morphine,F,4h,215.2261516548198
8737,16,CA,saline,F,4h,93.08353869593743
8738,17,CA,morphine,M,1h,121.37479189095903
8739,18,CA,saline,M,1h,111.51124432609764
8740,19,CA,morphine,F,1h,257.2200577543195
8741,20,CA,morphine,F,1h,202.8819514089753
8742,21,CA,morphine,F,1h,102.06113887473343
8743,22,CA,morphine,M,4h,238.49703632880417
8744,23,CA,morphine,M,4h,118.95320236904695
8745,24,CA,saline,F,1h,80.79840160916396
8746,25,CA,saline,F,4h,60.36254857058887
8747,26,CA,saline,F,4h,40.576390281795064
8748,0,CA1,morphine,M,1h,246.57386933174462
8749,1,CA1,morphine,M,4h,25.903502389009383
8750,2,CA1,saline,M,1h,43.368742636144496
8751,3,CA1,saline,M,4h,45.33112918076642
8752,4,CA1,morphine,F,4h,532.689827537621
8753,5,CA1,saline,F,4h,174.35804448965786
8754,6,CA1,morphine,M,1h,234.701430736782
8755,7,CA1,morphine,M,4h,381.29170562003964
8756,8,CA1,saline,M,4h,229.69734504799607
8757,9,CA1,morphine,F,4h,148.65078075511067
8758,10,CA1,saline,F,1h,301.9131698900828
8759,11,CA1,saline,M,1h,89.3867071075286
8760,12,CA1,morphine,M,1h,223.8101854141303
8761,13,CA1,saline,M,4h,94.48891212354559
8762,14,CA1,morphine,M,1h,373.14780145985867
8763,15,CA1,morphine,F,4h,226.2631685949077
8764,16,CA1,saline,F,4h,116.66388007777331
8765,17,CA1,morphine,M,1h,148.84701940957285
8766,18,CA1,saline,M,1h,116.95823805946661
8767,19,CA1,morphine,F,1h,234.60331140955088
8768,20,CA1,morphine,F,1h,207.32613843930616
8769,21,CA1,morphine,F,1h,114.6033742059203
8770,22,CA1,morphine,M,4h,240.98106767957213
8771,23,CA1,morphine,M,4h,121.96232374825252
8772,24,CA1,saline,F,1h,108.32373726313014
8773,25,CA1,saline,F,4h,74.47256936840198
8774,26,CA1,saline,F,4h,52.10136275971205
8775,0,CA2,morphine,M,1h,39.921837244973005
8776,1,CA2,morphine,M,4h,29.416090601559056
8777,2,CA2,saline,M,1h,21.011493286827896
8778,3,CA2,saline,M,4h,21.011493286827896
8779,4,CA2,morphine,F,4h,508.47813754123507
8780,5,CA2,saline,F,4h,90.34942113335995
8781,6,CA2,morphine,M,1h,67.23677851784927
8782,7,CA2,morphine,M,4h,65.13562918916648
8783,8,CA2,saline,M,4h,37.82068791629021
8784,9,CA2,morphine,F,4h,31.517239930241846
8785,10,CA2,saline,F,1h,176.49654360935432
8786,11,CA2,saline,M,1h,54.62988254575253
8787,12,CA2,morphine,M,1h,216.41838085432732
8788,13,CA2,saline,M,4h,67.23677851784927
8789,14,CA2,morphine,M,1h,613.5356039753746
8790,15,CA2,morphine,F,4h,277.3517113861282
8791,16,CA2,saline,F,4h,39.921837244973005
8792,17,CA2,morphine,M,1h,117.66436240623622
8793,18,CA2,saline,M,1h,157.58619965120923
8794,19,CA2,morphine,F,1h,338.2850419179291
8795,20,CA2,morphine,F,1h,201.7103355535478
8796,21,CA2,morphine,F,1h,155.48505032252643
8797,22,CA2,morphine,M,4h,170.19309562330596
8798,23,CA2,morphine,M,4h,50.42758388838695
8799,24,CA2,saline,F,1h,10.505746643413948
8800,25,CA2,saline,F,4h,56.731031874435324
8801,26,CA2,saline,F,4h,33.61838925892464
8802,0,CA3,morphine,M,1h,203.0837436252939
8803,1,CA3,morphine,M,4h,17.72193045786763
8804,2,CA3,saline,M,1h,45.981224971764654
8805,3,CA3,saline,M,4h,63.543498398480324
8806,4,CA3,morphine,F,4h,401.377776316029
8807,5,CA3,saline,F,4h,56.837903090097974
8808,6,CA3,morphine,M,1h,134.9101913234067
8809,7,CA3,morphine,M,4h,106.49123977835772
8810,8,CA3,saline,M,4h,45.182939816004854
8811,9,CA3,morphine,F,4h,25.5451249843137
8812,10,CA3,saline,F,1h,153.59006396818612
8813,11,CA3,saline,M,1h,15.96570311519606
8814,12,CA3,morphine,M,1h,180.41244520171549
8815,13,CA3,saline,M,4h,101.06290071919106
8816,14,CA3,morphine,M,1h,327.61622792382315
8817,15,CA3,morphine,F,4h,192.5463795692645
8818,16,CA3,saline,F,4h,58.753787463921505
8819,17,CA3,morphine,M,1h,76.95468901524501
8820,18,CA3,saline,M,1h,99.14701634536753
8821,19,CA3,morphine,F,1h,287.861627166985
8822,20,CA3,morphine,F,1h,195.7395201923037
8823,21,CA3,morphine,F,1h,77.59331713985286
8824,22,CA3,morphine,M,4h,239.64520375909288
8825,23,CA3,morphine,M,4h,119.26380227051457
8826,24,CA3,saline,F,1h,41.3511710683578
8827,25,CA3,saline,F,4h,37.679059351862705
8828,26,CA3,saline,F,4h,22.351984361274486
8829,0,DG,morphine,M,1h,621.1748784631485
8830,1,DG,morphine,M,4h,104.89336649499727
8831,2,DG,saline,M,1h,115.04922712384815
8832,3,DG,saline,M,4h,415.026065698414
8833,4,DG,morphine,F,4h,330.29284045173273
8834,5,DG,saline,F,4h,79.12476489940545
8835,6,DG,morphine,M,1h,226.9152740505938
8836,7,DG,morphine,M,4h,165.22221023055928
8837,8,DG,saline,M,4h,245.25645518627974
8838,9,DG,morphine,F,4h,103.07440638236726
8839,10,DG,saline,F,1h,287.5472778049275
8840,11,DG,saline,M,1h,43.65504270312025
8841,12,DG,morphine,M,1h,175.9843908969535
8842,13,DG,saline,M,4h,78.36686485247628
8843,14,DG,morphine,M,1h,309.3747991564876
8844,15,DG,morphine,F,4h,163.70641013670092
8845,16,DG,saline,F,4h,59.57094368863284
8846,17,DG,morphine,M,1h,109.74392679534395
8847,18,DG,saline,M,1h,72.90998451458626
8848,19,DG,morphine,F,1h,270.57031675371405
8849,20,DG,morphine,F,1h,211.60569310262454
8850,21,DG,morphine,F,1h,101.71018629789475
8851,22,DG,morphine,M,4h,186.89815157273355
8852,23,DG,morphine,M,4h,98.67858611017806
8853,24,DG,saline,F,1h,170.83067057783515
8854,25,DG,saline,F,4h,111.7144669173598
8855,26,DG,saline,F,4h,88.97746550948467
8856,0,DG-mo,morphine,M,1h,426.0860317621014
8857,1,DG-mo,morphine,M,4h,91.4865921058681
8858,2,DG-mo,saline,M,1h,113.77774145146033
8859,3,DG-mo,saline,M,4h,243.80944596741497
8860,4,DG-mo,morphine,F,4h,376.39534467921874
8861,5,DG-mo,saline,F,4h,75.23262904137377
8862,6,DG-mo,morphine,M,1h,242.18404966096554
8863,7,DG-mo,morphine,M,4h,167.4158195642916
8864,8,DG-mo,saline,M,4h,230.80627551581952
8865,9,DG-mo,morphine,F,4h,128.40630820950523
8866,10,DG-mo,saline,F,1h,308.5930987530424
8867,11,DG-mo,saline,M,1h,58.514267032179596
8868,12,DG-mo,morphine,M,1h,192.26116310573295
8869,13,DG-mo,saline,M,4h,72.44623537317473
8870,14,DG-mo,morphine,M,1h,372.2157541769202
8871,15,DG-mo,morphine,F,4h,182.27658579468644
8872,16,DG-mo,saline,F,4h,58.978665976879434
8873,17,DG-mo,morphine,M,1h,142.10607707815043
8874,18,DG-mo,saline,M,1h,87.53920107591948
8875,19,DG-mo,morphine,F,1h,313.7014871447406
8876,20,DG-mo,morphine,F,1h,208.97952511492713
8877,21,DG-mo,morphine,F,1h,107.50835569801251
8878,22,DG-mo,morphine,M,4h,185.29517893523538
8879,23,DG-mo,morphine,M,4h,106.34735833626291
8880,24,DG-mo,saline,F,1h,161.37863328319372
8881,25,DG-mo,saline,F,4h,111.92014567266096
8882,26,DG-mo,saline,F,4h,99.61357363811527
8883,0,DG-po,morphine,M,1h,1083.0998521852962
8884,1,DG-po,morphine,M,4h,91.8375379376496
8885,2,DG-po,saline,M,1h,59.76728659434339
8886,3,DG-po,saline,M,4h,596.2151272460109
8887,4,DG-po,morphine,F,4h,253.64653335160367
8888,5,DG-po,saline,F,4h,103.49944751703367
8889,6,DG-po,morphine,M,1h,180.75959848045318
8890,7,DG-po,morphine,M,4h,180.75959848045318
8891,8,DG-po,saline,M,4h,220.11854331087443
8892,9,DG-po,morphine,F,4h,46.647638317536305
8893,10,DG-po,saline,F,1h,310.498342551101
8894,11,DG-po,saline,M,1h,8.746432184538058
8895,12,DG-po,morphine,M,1h,182.2173371778762
8896,13,DG-po,saline,M,4h,125.36552797837882
8897,14,DG-po,morphine,M,1h,164.72447280880007
8898,15,DG-po,morphine,F,4h,147.23160843972397
8899,16,DG-po,saline,F,4h,116.61909579384077
8900,17,DG-po,morphine,M,1h,51.02085440980533
8901,18,DG-po,saline,M,1h,40.81668352784427
8902,19,DG-po,morphine,F,1h,214.2875885211824
8903,20,DG-po,morphine,F,1h,341.11085519698423
8904,21,DG-po,morphine,F,1h,78.71788966084252
8905,22,DG-po,morphine,M,4h,173.47090499333814
8906,23,DG-po,morphine,M,4h,100.58397012218767
8907,24,DG-po,saline,F,1h,115.16135709641776
8908,25,DG-po,saline,F,4h,137.0274375577629
8909,26,DG-po,saline,F,4h,86.00658314795756
8910,0,DG-sg,morphine,M,1h,947.3120021937752
8911,1,DG-sg,morphine,M,4h,146.4594213918008
8912,2,DG-sg,saline,M,1h,142.0968003290663
8913,3,DG-sg,saline,M,4h,797.1131913196306
8914,4,DG-sg,morphine,F,4h,239.3209268700064
8915,5,DG-sg,saline,F,4h,79.15041070961148
8916,6,DG-sg,morphine,M,1h,205.66642152891174
8917,7,DG-sg,morphine,M,4h,152.6917371957072
8918,8,DG-sg,saline,M,4h,294.78853752477346
8919,9,DG-sg,morphine,F,4h,59.20700013711095
8920,10,DG-sg,saline,F,1h,221.24721103867776
8921,11,DG-sg,saline,M,1h,18.696947411719247
8922,12,DG-sg,morphine,M,1h,129.63216872125346
8923,13,DG-sg,saline,M,4h,74.16455806648635
8924,14,DG-sg,morphine,M,1h,202.55026362695853
8925,15,DG-sg,morphine,F,4h,120.90692659578447
8926,16,DG-sg,saline,F,4h,36.770663243047856
8927,17,DG-sg,morphine,M,1h,47.9888316900794
8928,18,DG-sg,saline,M,1h,47.36560010968876
8929,19,DG-sg,morphine,F,1h,178.86746357211413
8930,20,DG-sg,morphine,F,1h,163.2866740623481
8931,21,DG-sg,morphine,F,1h,95.9776633801588
8932,22,DG-sg,morphine,M,4h,196.94117940344276
8933,23,DG-sg,morphine,M,4h,77.28071596843957
8934,24,DG-sg,saline,F,1h,220.0007478778965
8935,25,DG-sg,saline,F,4h,100.34028444289329
8936,26,DG-sg,saline,F,4h,61.69992645867352
8937,0,FC,morphine,M,1h,32.425421530479895
8938,1,FC,morphine,M,4h,64.85084306095979
8939,2,FC,saline,M,1h,48.63813229571984
8940,3,FC,saline,M,4h,64.85084306095979
8941,4,FC,morphine,F,4h,81.06355382619974
8942,5,FC,saline,F,4h,0.0
8943,6,FC,morphine,M,1h,32.425421530479895
8944,7,FC,morphine,M,4h,32.425421530479895
8945,8,FC,saline,M,4h,162.12710765239947
8946,9,FC,morphine,F,4h,0.0
8947,10,FC,saline,F,1h,32.425421530479895
8948,11,FC,saline,M,1h,16.212710765239947
8949,12,FC,morphine,M,1h,0.0
8950,13,FC,saline,M,4h,0.0
8951,14,FC,morphine,M,1h,32.425421530479895
8952,15,FC,morphine,F,4h,16.212710765239947
8953,16,FC,saline,F,4h,0.0
8954,17,FC,morphine,M,1h,0.0
8955,18,FC,saline,M,1h,0.0
8956,19,FC,morphine,F,1h,32.425421530479895
8957,20,FC,morphine,F,1h,64.85084306095979
8958,21,FC,morphine,F,1h,48.63813229571984
8959,22,FC,morphine,M,4h,1134.8897535667963
8960,23,FC,morphine,M,4h,97.27626459143968
8961,24,FC,saline,F,1h,97.27626459143968
8962,25,FC,saline,F,4h,48.63813229571984
8963,26,FC,saline,F,4h,0.0
8964,0,IG,morphine,M,1h,31.824329700055692
8965,1,IG,morphine,M,4h,39.78041212506962
8966,2,IG,saline,M,1h,47.73649455008354
8967,3,IG,saline,M,4h,7.956082425013923
8968,4,IG,morphine,F,4h,71.60474182512532
8969,5,IG,saline,F,4h,55.69257697509747
8970,6,IG,morphine,M,1h,310.28721457554303
8971,7,IG,morphine,M,4h,95.47298910016708
8972,8,IG,saline,M,4h,15.912164850027846
8973,9,IG,morphine,F,4h,0.0
8974,10,IG,saline,F,1h,63.648659400111384
8975,11,IG,saline,M,1h,0.0
8976,12,IG,morphine,M,1h,0.0
8977,13,IG,saline,M,4h,79.56082425013923
8978,14,IG,morphine,M,1h,453.49669822579364
8979,15,IG,morphine,F,4h,0.0
8980,16,IG,saline,F,4h,79.56082425013923
8981,17,IG,morphine,M,1h,0.0
8982,18,IG,saline,M,1h,0.0
8983,19,IG,morphine,F,1h,31.824329700055692
8984,20,IG,morphine,F,1h,286.41896730050127
8985,21,IG,morphine,F,1h,0.0
8986,22,IG,morphine,M,4h,230.72639032540377
8987,23,IG,morphine,M,4h,95.47298910016708
8988,24,IG,saline,F,1h,0.0
8989,25,IG,saline,F,4h,31.824329700055692
8990,26,IG,saline,F,4h,47.73649455008354
8991,0,RHP,morphine,M,1h,1833.3825643513171
8992,1,RHP,morphine,M,4h,627.6819691369614
8993,2,RHP,saline,M,1h,1364.8502636696594
8994,3,RHP,saline,M,4h,1125.558334324979
8995,4,RHP,morphine,F,4h,781.265452243913
8996,5,RHP,saline,F,4h,179.36086573961038
8997,6,RHP,morphine,M,1h,675.7781337974775
8998,7,RHP,morphine,M,4h,459.7236772663048
8999,8,RHP,saline,M,4h,245.88488674758278
9000,9,RHP,morphine,F,4h,178.60429685731012
9001,10,RHP,saline,F,1h,425.9482807350434
9002,11,RHP,saline,M,1h,136.45260198629595
9003,12,RHP,morphine,M,1h,416.6532916096403
9004,13,RHP,saline,M,4h,50.582033845217026
9005,14,RHP,morphine,M,1h,952.0338571059705
9006,15,RHP,morphine,F,4h,301.4926995966515
9007,16,RHP,saline,F,4h,144.39657525044862
9008,17,RHP,morphine,M,1h,256.74705427203645
9009,18,RHP,saline,M,1h,70.0907028816736
9010,19,RHP,morphine,F,1h,619.7920365072587
9011,20,RHP,morphine,F,1h,689.7206174855822
9012,21,RHP,morphine,F,1h,254.5313882595857
9013,22,RHP,morphine,M,4h,862.0021601122402
9014,23,RHP,morphine,M,4h,502.6319410196192
9015,24,RHP,saline,F,1h,236.37373508437958
9016,25,RHP,saline,F,4h,168.28253567735666
9017,26,RHP,saline,F,4h,62.14672961752092
9018,0,ENT,morphine,M,1h,2637.386626945882
9019,1,ENT,morphine,M,4h,835.9299485964941
9020,2,ENT,saline,M,1h,1708.799805701346
9021,3,ENT,saline,M,4h,1490.845571176974
9022,4,ENT,morphine,F,4h,1056.1655076368218
9023,5,ENT,saline,F,4h,228.92214085108148
9024,6,ENT,morphine,M,1h,755.9081040368213
9025,7,ENT,morphine,M,4h,571.8227642493284
9026,8,ENT,saline,M,4h,254.806399782116
9027,9,ENT,morphine,F,4h,241.4694256888372
9028,10,ENT,saline,F,1h,490.04605467738213
9029,11,ENT,saline,M,1h,181.18981251724156
9030,12,ENT,morphine,M,1h,574.8937780208072
9031,13,ENT,saline,M,4h,44.222598309292856
9032,14,ENT,morphine,M,1h,1322.4662732493293
9033,15,ENT,morphine,F,4h,394.58139800970235
9034,16,ENT,saline,F,4h,184.0853397874929
9035,17,ENT,morphine,M,1h,296.30895732238486
9036,18,ENT,saline,M,1h,83.26834483237882
9037,19,ENT,morphine,F,1h,855.0579772302756
9038,20,ENT,morphine,F,1h,977.7230415881951
9039,21,ENT,morphine,F,1h,367.11776056762164
9040,22,ENT,morphine,M,4h,1085.9982128454717
9041,23,ENT,morphine,M,4h,536.1112612495622
9042,24,ENT,saline,F,1h,235.4151413964935
9043,25,ENT,saline,F,4h,239.45133092472264
9044,26,ENT,saline,F,4h,75.54693877837529
9045,0,ENTl,morphine,M,1h,2692.9700562300177
9046,1,ENTl,morphine,M,4h,756.8098778191834
9047,2,ENTl,saline,M,1h,1869.9961493162214
9048,3,ENTl,saline,M,4h,1578.5294903425604
9049,4,ENTl,morphine,F,4h,949.3440667485303
9050,5,ENTl,saline,F,4h,323.607952728153
9051,6,ENTl,morphine,M,1h,691.2729959197803
9052,7,ENTl,morphine,M,4h,491.68340104432554
9053,8,ENTl,saline,M,4h,227.6544318610844
9054,9,ENTl,morphine,F,4h,201.47103646108363
9055,10,ENTl,saline,F,1h,488.2340914706727
9056,11,ENTl,saline,M,1h,212.4461123772516
9057,12,ENTl,morphine,M,1h,462.5210564670792
9058,13,ENTl,saline,M,4h,49.07426802515111
9059,14,ENTl,morphine,M,1h,1484.9277714575278
9060,15,ENTl,morphine,F,4h,544.3637654419318
9061,16,ENTl,saline,F,4h,201.47103646108363
9062,17,ENTl,morphine,M,1h,332.8583738574946
9063,18,ENTl,saline,M,1h,127.62445422515337
9064,19,ENTl,morphine,F,1h,812.3124045952329
9065,20,ENTl,morphine,F,1h,1041.848278041946
9066,21,ENTl,morphine,F,1h,351.3592161161778
9067,22,ENTl,morphine,M,4h,862.0138198155936
9068,23,ENTl,morphine,M,4h,464.55928485151037
9069,24,ENTl,saline,F,1h,239.09986817365956
9070,25,ENTl,saline,F,4h,245.68491372336035
9071,26,ENTl,saline,F,4h,49.85820201916311
9072,0,ENTl1,morphine,M,1h,556.6097665098628
9073,1,ENTl1,morphine,M,4h,1011.0893006325947
9074,2,ENTl1,saline,M,1h,2389.8474378588603
9075,3,ENTl1,saline,M,4h,1181.6467887191031
9076,4,ENTl1,morphine,F,4h,2.0426046477426154
9077,5,ENTl1,saline,F,4h,4.085209295485231
9078,6,ENTl1,morphine,M,1h,2.0426046477426154
9079,7,ENTl1,morphine,M,4h,2.0426046477426154
9080,8,ENTl1,saline,M,4h,0.0
9081,9,ENTl1,morphine,F,4h,0.0
9082,10,ENTl1,saline,F,1h,4.085209295485231
9083,11,ENTl1,saline,M,1h,1.0213023238713077
9084,12,ENTl1,morphine,M,1h,1.0213023238713077
9085,13,ENTl1,saline,M,4h,4.085209295485231
9086,14,ENTl1,morphine,M,1h,164.42967414328055
9087,15,ENTl1,morphine,F,4h,18.38344182968354
9088,16,ENTl1,saline,F,4h,12.255627886455693
9089,17,ENTl1,morphine,M,1h,10.213023238713077
9090,18,ENTl1,saline,M,1h,320.6889296955906
9091,19,ENTl1,morphine,F,1h,33.70297668775316
9092,20,ENTl1,morphine,F,1h,7.149116267099155
9093,21,ENTl1,morphine,F,1h,55.15032548905062
9094,22,ENTl1,morphine,M,4h,32.68167436388185
9095,23,ENTl1,morphine,M,4h,89.87460450067509
9096,24,ENTl1,saline,F,1h,67.40595337550631
9097,25,ENTl1,saline,F,4h,8.170418590970462
9098,26,ENTl1,saline,F,4h,1.0213023238713077
9099,0,ENTl2,morphine,M,1h,3526.5168135944796
9100,1,ENTl2,morphine,M,4h,1939.6465754517533
9101,2,ENTl2,saline,M,1h,4266.3498743468035
9102,3,ENTl2,saline,M,4h,3737.1853683832624
9103,4,ENTl2,morphine,F,4h,330.338266384778
9104,5,ENTl2,saline,F,4h,115.30675336072441
9105,6,ENTl2,morphine,M,1h,98.47820016753761
9106,7,ENTl2,morphine,M,4h,34.90366588216523
9107,8,ENTl2,saline,M,4h,31.163987394790382
9108,9,ENTl2,morphine,F,4h,11.219035462124538
9109,10,ENTl2,saline,F,1h,37.39678487374846
9110,11,ENTl2,saline,M,1h,8.1026367226455
9111,12,ENTl2,morphine,M,1h,83.51948621803822
9112,13,ENTl2,saline,M,4h,3.739678487374846
9113,14,ENTl2,morphine,M,1h,1549.4734532689777
9114,15,ENTl2,morphine,F,4h,100.34803941122503
9115,16,ENTl2,saline,F,4h,130.8887470581196
9116,17,ENTl2,morphine,M,1h,118.42315210020345
9117,18,ENTl2,saline,M,1h,110.94379512545376
9118,19,ENTl2,morphine,F,1h,246.81878016673983
9119,20,ENTl2,morphine,F,1h,455.6174957118354
9120,21,ENTl2,morphine,F,1h,271.1266903346763
9121,22,ENTl2,morphine,M,4h,740.4563405002194
9122,23,ENTl2,morphine,M,4h,196.3331205871794
9123,24,ENTl2,saline,F,1h,294.1880410068212
9124,25,ENTl2,saline,F,4h,134.00514579759863
9125,26,ENTl2,saline,F,4h,11.842315210020345
9126,0,ENTl3,morphine,M,1h,3179.002034804264
9127,1,ENTl3,morphine,M,4h,502.6270234154341
9128,2,ENTl3,saline,M,1h,1917.8789443313997
9129,3,ENTl3,saline,M,4h,1762.2316032435388
9130,4,ENTl3,morphine,F,4h,1031.0687277917818
9131,5,ENTl3,saline,F,4h,417.5904273088954
9132,6,ENTl3,morphine,M,1h,709.1444711027424
9133,7,ENTl3,morphine,M,4h,283.9614905700489
9134,8,ENTl3,saline,M,4h,201.96191575302942
9135,9,ENTl3,morphine,F,4h,170.83244753545722
9136,10,ENTl3,saline,F,1h,242.20244783915933
9137,11,ENTl3,saline,M,1h,129.07340480456767
9138,12,ENTl3,morphine,M,1h,558.0526619491602
9139,13,ENTl3,saline,M,4h,10.629574513317339
9140,14,ENTl3,morphine,M,1h,2125.155647341088
9141,15,ENTl3,morphine,F,4h,580.8303216205545
9142,16,ENTl3,saline,F,4h,283.9614905700489
9143,17,ENTl3,morphine,M,1h,367.479576031828
9144,18,ENTl3,saline,M,1h,106.29574513317338
9145,19,ENTl3,morphine,F,1h,881.4954292829592
9146,20,ENTl3,morphine,F,1h,1094.086919549306
9147,21,ENTl3,morphine,F,1h,435.053299723631
9148,22,ENTl3,morphine,M,4h,1274.030430953321
9149,23,ENTl3,morphine,M,4h,246.7579797734382
9150,24,ENTl3,saline,F,1h,333.31308652473655
9151,25,ENTl3,saline,F,4h,317.36872475476054
9152,26,ENTl3,saline,F,4h,37.203510796610686
9153,0,ENTl5,morphine,M,1h,2401.3594872247118
9154,1,ENTl5,morphine,M,4h,35.69493845772669
9155,2,ENTl5,saline,M,1h,128.08183799537227
9156,3,ENTl5,saline,M,4h,243.56546241742922
9157,4,ENTl5,morphine,F,4h,1219.9270143493652
9158,5,ENTl5,saline,F,4h,437.43797129567025
9159,6,ENTl5,morphine,M,1h,1121.241008025062
9160,7,ENTl5,morphine,M,4h,1171.6338623183233
9161,8,ENTl5,saline,M,4h,380.7460102157514
9162,9,ENTl5,morphine,F,4h,377.24650644538605
9163,10,ENTl5,saline,F,1h,726.4969827278492
9164,11,ENTl5,saline,M,1h,291.8586144484712
9165,12,ENTl5,morphine,M,1h,662.8060141071996
9166,13,ENTl5,saline,M,4h,81.88838822654948
9167,14,ENTl5,morphine,M,1h,1744.8525799041697
9168,15,ENTl5,morphine,F,4h,934.3675066875517
9169,16,ENTl5,saline,F,4h,324.75394988990564
9170,17,ENTl5,morphine,M,1h,657.206808074615
9171,18,ENTl5,saline,M,1h,95.88640330801093
9172,19,ENTl5,morphine,F,1h,1362.706768180272
9173,20,ENTl5,morphine,F,1h,1632.868459252478
9174,21,ENTl5,morphine,F,1h,601.2147477487692
9175,22,ENTl5,morphine,M,4h,1057.5500394044125
9176,23,ENTl5,morphine,M,4h,594.9156409621115
9177,24,ENTl5,saline,F,1h,213.46972999228709
9178,25,ENTl5,saline,F,4h,443.03717732825487
9179,26,ENTl5,saline,F,4h,127.38193724129918
9180,0,ENTl6a,morphine,M,1h,3199.2722251677355
9181,1,ENTl6a,morphine,M,4h,11.443000507306357
9182,2,ENTl6a,saline,M,1h,31.46825139509248
9183,3,ENTl6a,saline,M,4h,234.5815103997803
9184,4,ENTl6a,morphine,F,4h,2309.5789357246663
9185,5,ENTl6a,saline,F,4h,667.5083629262041
9186,6,ENTl6a,morphine,M,1h,1633.4883224179823
9187,7,ENTl6a,morphine,M,4h,982.190876877129
9188,8,ENTl6a,saline,M,4h,564.5213583604469
9189,9,ENTl6a,morphine,F,4h,479.65243793125813
9190,10,ENTl6a,saline,F,1h,1614.4166549058052
9191,11,ENTl6a,saline,M,1h,719.0018652090828
9192,12,ENTl6a,morphine,M,1h,1080.4099645648419
9193,13,ENTl6a,saline,M,4h,164.01634060472443
9194,14,ENTl6a,morphine,M,1h,1460.8897314327783
9195,15,ENTl6a,morphine,F,4h,1137.6249671013736
9196,16,ENTl6a,saline,F,4h,214.55625951199417
9197,17,ENTl6a,morphine,M,1h,476.79168780443155
9198,18,ENTl6a,saline,M,1h,42.91125190239884
9199,19,ENTl6a,morphine,F,1h,1567.6910695009708
9200,20,ENTl6a,morphine,F,1h,2033.9933401737048
9201,21,ENTl6a,morphine,F,1h,305.14668019483616
9202,22,ENTl6a,morphine,M,4h,1038.4522960380518
9203,23,ENTl6a,morphine,M,4h,1320.7129752182752
9204,24,ENTl6a,saline,F,1h,231.72076027295373
9205,25,ENTl6a,saline,F,4h,279.3999290533969
9206,26,ENTl6a,saline,F,4h,63.890086165793825
9207,0,ENTm,morphine,M,1h,2566.7490236709973
9208,1,ENTm,morphine,M,4h,936.4788395632422
9209,2,ENTm,saline,M,1h,1503.9451661751814
9210,3,ENTm,saline,M,4h,1379.413405594963
9211,4,ENTm,morphine,F,4h,1191.9183868653863
9212,5,ENTm,saline,F,4h,108.59169522595043
9213,6,ENTm,morphine,M,1h,838.0489360006377
9214,7,ENTm,morphine,M,4h,673.6670120347494
9215,8,ENTm,saline,M,4h,289.31218617996336
9216,9,ENTm,morphine,F,4h,292.3009484338886
9217,10,ENTm,saline,F,1h,492.3487686299514
9218,11,ENTm,saline,M,1h,141.46808001912808
9219,12,ENTm,morphine,M,1h,717.7014425759146
9220,13,ENTm,saline,M,4h,38.05690603331474
9221,14,ENTm,morphine,M,1h,1116.0038256156852
9222,15,ENTm,morphine,F,4h,204.23208735155816
9223,16,ENTm,saline,F,4h,161.99091416274808
9224,17,ENTm,morphine,M,1h,249.86052442815017
9225,18,ENTm,saline,M,1h,26.89886028532717
9226,19,ENTm,morphine,F,1h,909.3807284609867
9227,20,ENTm,morphine,F,1h,896.2301745437156
9228,21,ENTm,morphine,F,1h,387.1443372917829
9229,22,ENTm,morphine,M,4h,1370.6463696501157
9230,23,ENTm,morphine,M,4h,627.0423208735156
9231,24,ENTm,saline,F,1h,230.73244600302863
9232,25,ENTm,saline,F,4h,231.52944927074202
9233,26,ENTm,saline,F,4h,108.19319359209373
9234,0,ENTm1,morphine,M,1h,1044.8599630848246
9235,1,ENTm1,morphine,M,4h,2232.5656046866225
9236,2,ENTm1,saline,M,1h,3124.1473396998636
9237,3,ENTm1,saline,M,4h,1808.0410881951689
9238,4,ENTm1,morphine,F,4h,215.87352539924564
9239,5,ENTm1,saline,F,4h,12.037557178396597
9240,6,ENTm1,morphine,M,1h,100.31297648663832
9241,7,ENTm1,morphine,M,4h,52.162747773051926
9242,8,ENTm1,saline,M,4h,25.680121980579408
9243,9,ENTm1,morphine,F,4h,8.827541930824172
9244,10,ENTm1,saline,F,1h,52.96525158494503
9245,11,ENTm1,saline,M,1h,5.617526683251746
9246,12,ENTm1,morphine,M,1h,65.00280876334163
9247,13,ENTm1,saline,M,4h,16.852580049755236
9248,14,ENTm1,morphine,M,1h,397.23938688708773
9249,15,ENTm1,morphine,F,4h,12.037557178396597
9250,16,ENTm1,saline,F,4h,38.520182970869115
9251,17,ENTm1,morphine,M,1h,231.92360163710777
9252,18,ENTm1,saline,M,1h,32.90265628761737
9253,19,ENTm1,morphine,F,1h,295.3214027766632
9254,20,ENTm1,morphine,F,1h,169.32830430944549
9255,21,ENTm1,morphine,F,1h,211.05850252788701
9256,22,ENTm1,morphine,M,4h,367.54674584704276
9257,23,ENTm1,morphine,M,4h,43.33520584222775
9258,24,ENTm1,saline,F,1h,61.7927935157692
9259,25,ENTm1,saline,F,4h,4.012519059465532
9260,26,ENTm1,saline,F,4h,0.8025038118931065
9261,0,ENTm2,morphine,M,1h,3049.1447579084206
9262,1,ENTm2,morphine,M,4h,1084.8837931743126
9263,2,ENTm2,saline,M,1h,2215.170212054158
9264,3,ENTm2,saline,M,4h,1947.533681579438
9265,4,ENTm2,morphine,F,4h,841.1433814919781
9266,5,ENTm2,saline,F,4h,54.96107322248721
9267,6,ENTm2,morphine,M,1h,385.52404985049
9268,7,ENTm2,morphine,M,4h,377.55867691969473
9269,8,ENTm2,saline,M,4h,118.68405666884918
9270,9,ENTm2,morphine,F,4h,57.35068510172578
9271,10,ENTm2,saline,F,1h,191.96548763216546
9272,11,ENTm2,saline,M,1h,32.658029016260514
9273,12,ENTm2,morphine,M,1h,333.7491258003209
9274,13,ENTm2,saline,M,4h,23.09958149930622
9275,14,ENTm2,morphine,M,1h,1031.5157945379844
9276,15,ENTm2,morphine,F,4h,81.24680389411152
9277,16,ENTm2,saline,F,4h,152.13862297818923
9278,17,ENTm2,morphine,M,1h,352.0694835411499
9279,18,ENTm2,saline,M,1h,28.67534255086289
9280,19,ENTm2,morphine,F,1h,721.6627875300494
9281,20,ENTm2,morphine,F,1h,490.66697253698726
9282,21,ENTm2,morphine,F,1h,377.55867691969473
9283,22,ENTm2,morphine,M,4h,1826.4600130313502
9284,23,ENTm2,morphine,M,4h,229.40274040690312
9285,24,ENTm2,saline,F,1h,236.57157604461884
9286,25,ENTm2,saline,F,4h,112.31175832421299
9287,26,ENTm2,saline,F,4h,7.1688356377157225
9288,0,ENTm3,morphine,M,1h,3637.295707258724
9289,1,ENTm3,morphine,M,4h,427.1991602485079
9290,2,ENTm3,saline,M,1h,611.3016554984601
9291,3,ENTm3,saline,M,4h,1588.7740197813555
9292,4,ENTm3,morphine,F,4h,2316.0297330615535
9293,5,ENTm3,saline,F,4h,276.6623133037956
9294,6,ENTm3,morphine,M,1h,1507.402751162592
9295,7,ENTm3,morphine,M,4h,1105.6321123574478
9296,8,ENTm3,saline,M,4h,490.2618934280495
9297,9,ENTm3,morphine,F,4h,526.8789643064931
9298,10,ENTm3,saline,F,1h,559.4274717539985
9299,11,ENTm3,saline,M,1h,257.3366370068393
9300,12,ENTm3,morphine,M,1h,1339.5745096363926
9301,13,ENTm3,saline,M,4h,29.497084874301734
9302,14,ENTm3,morphine,M,1h,1530.7969908904865
9303,15,ENTm3,morphine,F,4h,361.08500449576263
9304,16,ENTm3,saline,F,4h,278.6965950192647
9305,17,ENTm3,morphine,M,1h,227.83955213253753
9306,18,ENTm3,saline,M,1h,28.47994401656719
9307,19,ENTm3,morphine,F,1h,1498.2484834429813
9308,20,ENTm3,morphine,F,1h,1343.6430730673308
9309,21,ENTm3,morphine,F,1h,519.7589783023512
9310,22,ENTm3,morphine,M,4h,2502.1665100269747
9311,23,ENTm3,morphine,M,4h,510.6047105827404
9312,24,ENTm3,saline,F,1h,382.44496250818804
9313,25,ENTm3,saline,F,4h,425.1648785330388
9314,26,ENTm3,saline,F,4h,62.0455923218071
9315,0,ENTm5,morphine,M,1h,3242.9064164787037
9316,1,ENTm5,morphine,M,4h,89.95883834616161
9317,2,ENTm5,saline,M,1h,207.3441517978603
9318,3,ENTm5,saline,M,4h,470.63831281101625
9319,4,ENTm5,morphine,F,4h,1778.332645843024
9320,5,ENTm5,saline,F,4h,160.17061461633654
9321,6,ENTm5,morphine,M,1h,1498.5825997665459
9322,7,ENTm5,morphine,M,4h,1362.547283243082
9323,8,ENTm5,saline,M,4h,608.867747342923
9324,9,ENTm5,morphine,F,4h,627.5177504146883
9325,10,ENTm5,saline,F,1h,1050.9825260441808
9326,11,ENTm5,saline,M,1h,297.3029901440219
9327,12,ENTm5,morphine,M,1h,1250.6472648124907
9328,13,ENTm5,saline,M,4h,60.33824523218157
9329,14,ENTm5,morphine,M,1h,1574.2796710578282
9330,15,ENTm5,morphine,F,4h,318.14711122423006
9331,16,ENTm5,saline,F,4h,253.42062997516257
9332,17,ENTm5,morphine,M,1h,195.27650275142398
9333,18,ENTm5,saline,M,1h,21.94118008442966
9334,19,ENTm5,morphine,F,1h,1393.2649353612835
9335,20,ENTm5,morphine,F,1h,1552.3384909733984
9336,21,ENTm5,morphine,F,1h,548.5295021107415
9337,22,ENTm5,morphine,M,4h,1391.0708173528405
9338,23,ENTm5,morphine,M,4h,1532.5914288974118
9339,24,ENTm5,saline,F,1h,266.58533802582036
9340,25,ENTm5,saline,F,4h,487.0941978743385
9341,26,ENTm5,saline,F,4h,412.4941855872776
9342,0,ENTm6,morphine,M,1h,1959.5560481215568
9343,1,ENTm6,morphine,M,4h,86.73444803160989
9344,2,ENTm6,saline,M,1h,134.92025249361538
9345,3,ENTm6,saline,M,4h,375.84927480364286
9346,4,ENTm6,morphine,F,4h,1219.100852888739
9347,5,ENTm6,saline,F,4h,69.06631972887455
9348,6,ENTm6,morphine,M,1h,1203.0389180680704
9349,7,ENTm6,morphine,M,4h,823.977256300294
9350,8,ENTm6,saline,M,4h,375.84927480364286
9351,9,ENTm6,morphine,F,4h,472.22088372765387
9352,10,ENTm6,saline,F,1h,1053.6629242358536
9353,11,ENTm6,saline,M,1h,221.65470052522528
9354,12,ENTm6,morphine,M,1h,1035.9947959331182
9355,13,ENTm6,saline,M,4h,91.55302847781044
9356,14,ENTm6,morphine,M,1h,1398.9945228802262
9357,15,ENTm6,morphine,F,4h,422.4288857835815
9358,16,ENTm6,saline,F,4h,110.82735026261264
9359,17,ENTm6,morphine,M,1h,194.34941133008883
9360,18,ENTm6,saline,M,1h,16.061934820668498
9361,19,ENTm6,morphine,F,1h,878.5878346905669
9362,20,ENTm6,morphine,F,1h,1501.7909057325046
9363,21,ENTm6,morphine,F,1h,313.2077290030357
9364,22,ENTm6,morphine,M,4h,642.4773928267399
9365,23,ENTm6,morphine,M,4h,1455.211294752566
9366,24,ENTm6,saline,F,1h,265.0219245410302
9367,25,ENTm6,saline,F,4h,247.35379623829488
9368,26,ENTm6,saline,F,4h,154.19457427841758
9369,0,PAR,morphine,M,1h,942.2474155193188
9370,1,PAR,morphine,M,4h,969.0462612394359
9371,2,PAR,saline,M,1h,2528.739082150254
9372,3,PAR,saline,M,4h,1586.491666630935
9373,4,PAR,morphine,F,4h,232.61398085061683
9374,5,PAR,saline,F,4h,10.719538288046857
9375,6,PAR,morphine,M,1h,154.36135134787474
9376,7,PAR,morphine,M,4h,128.6344594565623
9377,8,PAR,saline,M,4h,126.49055179895292
9378,9,PAR,morphine,F,4h,32.158614864140574
9379,10,PAR,saline,F,1h,67.5330912146952
9380,11,PAR,saline,M,1h,33.23056869294526
9381,12,PAR,morphine,M,1h,118.98687499732013
9382,13,PAR,saline,M,4h,32.158614864140574
9383,14,PAR,morphine,M,1h,169.36870495114036
9384,15,PAR,morphine,F,4h,52.525737611429605
9385,16,PAR,saline,F,4h,125.41859797014824
9386,17,PAR,morphine,M,1h,31.08666103533589
9387,18,PAR,saline,M,1h,46.09401463860149
9388,19,PAR,morphine,F,1h,108.26733670927327
9389,20,PAR,morphine,F,1h,364.46430179359317
9390,21,PAR,morphine,F,1h,46.09401463860149
9391,22,PAR,morphine,M,4h,827.5483558372174
9392,23,PAR,morphine,M,4h,267.98845720117146
9393,24,PAR,saline,F,1h,263.70064188595273
9394,25,PAR,saline,F,4h,28.94275337772652
9395,26,PAR,saline,F,4h,19.295168918484343
9396,0,POST,morphine,M,1h,524.7538083846252
9397,1,POST,morphine,M,4h,228.71519240665563
9398,2,POST,saline,M,1h,1258.855796915665
9399,3,POST,saline,M,4h,320.9390603125652
9400,4,POST,morphine,F,4h,70.09013960849124
9401,5,POST,saline,F,4h,11.989102827768239
9402,6,POST,morphine,M,1h,1185.0767025909374
9403,7,POST,morphine,M,4h,27.66716037177286
9404,8,POST,saline,M,4h,58.10103678072301
9405,9,POST,morphine,F,4h,56.256559422604816
9406,10,POST,saline,F,1h,58.10103678072301
9407,11,POST,saline,M,1h,17.52253490212281
9408,12,POST,morphine,M,1h,27.66716037177286
9409,13,POST,saline,M,4h,1.8444773581181906
9410,14,POST,morphine,M,1h,154.01385940286892
9411,15,POST,morphine,F,4h,12.911341506827334
9412,16,POST,saline,F,4h,12.911341506827334
9413,17,POST,morphine,M,1h,123.57998299391878
9414,18,POST,saline,M,1h,26.744921692713763
9415,19,POST,morphine,F,1h,118.0465509195642
9416,20,POST,morphine,F,1h,51.645366027309336
9417,21,POST,morphine,F,1h,45.18969527389567
9418,22,POST,morphine,M,4h,266.52697824807854
9419,23,POST,morphine,M,4h,394.7181546372928
9420,24,POST,saline,F,1h,220.41504429512378
9421,25,POST,saline,F,4h,0.9222386790590953
9422,26,POST,saline,F,4h,35.04506980424562
9423,0,PRE,morphine,M,1h,508.3506965277247
9424,1,PRE,morphine,M,4h,219.26714592719458
9425,2,PRE,saline,M,1h,970.884377488573
9426,3,PRE,saline,M,4h,665.4376070427298
9427,4,PRE,morphine,F,4h,107.99725097906598
9428,5,PRE,saline,F,4h,22.90850778343824
9429,6,PRE,morphine,M,1h,206.17657005094415
9430,7,PRE,morphine,M,4h,46.907896889897344
9431,8,PRE,saline,M,4h,81.81609922656514
9432,9,PRE,morphine,F,4h,33.817321013646925
9433,10,PRE,saline,F,1h,153.81426654594247
9434,11,PRE,saline,M,1h,14.181457199271291
9435,12,PRE,morphine,M,1h,54.54406615104343
9436,13,PRE,saline,M,4h,67.63464202729385
9437,14,PRE,morphine,M,1h,255.26622958688324
9438,15,PRE,morphine,F,4h,78.54345525750253
9439,16,PRE,saline,F,4h,40.36260895177214
9440,17,PRE,morphine,M,1h,74.17992996541906
9441,18,PRE,saline,M,1h,18.544982491354766
9442,19,PRE,morphine,F,1h,140.72369066969205
9443,20,PRE,morphine,F,1h,51.271422181980824
9444,21,PRE,morphine,F,1h,80.72521790354428
9445,22,PRE,morphine,M,4h,490.89659535939086
9446,23,PRE,morphine,M,4h,532.3500856341839
9447,24,PRE,saline,F,1h,208.35833269698588
9448,25,PRE,saline,F,4h,20.726745137396502
9449,26,PRE,saline,F,4h,18.544982491354766
9450,0,SUB,morphine,M,1h,458.1002710466328
9451,1,SUB,morphine,M,4h,236.91554080143237
9452,2,SUB,saline,M,1h,259.7967197923152
9453,3,SUB,saline,M,4h,310.80268129282473
9454,4,SUB,morphine,F,4h,244.06590923608326
9455,5,SUB,saline,F,4h,112.0224388095304
9456,6,SUB,morphine,M,1h,388.50335161603095
9457,7,SUB,morphine,M,4h,399.46724988249565
9458,8,SUB,saline,M,4h,344.1710673211955
9459,9,SUB,morphine,F,4h,106.77883529078642
9460,10,SUB,saline,F,1h,500.0490991965846
9461,11,SUB,saline,M,1h,94.38486333739156
9462,12,SUB,morphine,M,1h,141.57729500608735
9463,13,SUB,saline,M,4h,64.35331591185789
9464,14,SUB,morphine,M,1h,430.9288709949595
9465,15,SUB,morphine,F,4h,140.6239125481339
9466,16,SUB,saline,F,4h,36.22853340223111
9467,17,SUB,morphine,M,1h,194.96671265148055
9468,18,SUB,saline,M,1h,61.96985976697426
9469,19,SUB,morphine,F,1h,131.56677919757612
9470,20,SUB,morphine,F,1h,115.35927741236748
9471,21,SUB,morphine,F,1h,64.35331591185789
9472,22,SUB,morphine,M,4h,350.3680532978929
9473,23,SUB,morphine,M,4h,648.7767626373228
9474,24,SUB,saline,F,1h,273.6207654326402
9475,25,SUB,saline,F,4h,36.22853340223111
9476,26,SUB,saline,F,4h,43.855593065858706
9477,0,ProS,morphine,M,1h,466.8463774227068
9478,1,ProS,morphine,M,4h,66.26206647290032
9479,2,ProS,saline,M,1h,82.07460506302426
9480,3,ProS,saline,M,4h,155.86645181693598
9481,4,ProS,morphine,F,4h,562.4745869915516
9482,5,ProS,saline,F,4h,241.70594702046594
9483,6,ProS,morphine,M,1h,472.8702016475159
9484,7,ProS,morphine,M,4h,621.9598512115416
9485,8,ProS,saline,M,4h,470.6112675632125
9486,9,ProS,morphine,F,4h,140.05391322681203
9487,10,ProS,saline,F,1h,652.0789723355872
9488,11,ProS,saline,M,1h,132.52413294580063
9489,12,ProS,morphine,M,1h,314.7448157462765
9490,13,ProS,saline,M,4h,124.24137463668809
9491,14,ProS,morphine,M,1h,552.6858726262368
9492,15,ProS,morphine,F,4h,384.77177235968253
9493,16,ProS,saline,F,4h,106.16990196226074
9494,17,ProS,morphine,M,1h,428.44449798954867
9495,18,ProS,saline,M,1h,74.54482478201285
9496,19,ProS,morphine,F,1h,304.9561013809617
9497,20,ProS,morphine,F,1h,267.3071999759047
9498,21,ProS,morphine,F,1h,96.38118759694592
9499,22,ProS,morphine,M,4h,340.3460687017153
9500,23,ProS,morphine,M,4h,347.87584898272667
9501,24,ProS,saline,F,1h,207.0689577278135
9502,25,ProS,saline,F,4h,114.45266027137328
9503,26,ProS,saline,F,4h,69.27397858530487
9504,0,HATA,morphine,M,1h,144.77825193314567
9505,1,HATA,morphine,M,4h,83.06948881409998
9506,2,HATA,saline,M,1h,7.120241898351427
9507,3,HATA,saline,M,4h,507.91058874906844
9508,4,HATA,morphine,F,4h,1630.5353947224767
9509,5,HATA,saline,F,4h,249.20846644229994
9510,6,HATA,morphine,M,1h,132.91118210255996
9511,7,HATA,morphine,M,4h,282.4362619679399
9512,8,HATA,saline,M,4h,47.468279322342845
9513,9,HATA,morphine,F,4h,0.0
9514,10,HATA,saline,F,1h,215.98067091665996
9515,11,HATA,saline,M,1h,0.0
9516,12,HATA,morphine,M,1h,505.5371747829513
9517,13,HATA,saline,M,4h,42.72145139010856
9518,14,HATA,morphine,M,1h,536.3915563424741
9519,15,HATA,morphine,F,4h,97.30997261080283
9520,16,HATA,saline,F,4h,434.33475579943706
9521,17,HATA,morphine,M,1h,182.75287539101996
9522,18,HATA,saline,M,1h,35.60120949175713
9523,19,HATA,morphine,F,1h,1457.2761751959254
9524,20,HATA,morphine,F,1h,1027.6882473287226
9525,21,HATA,morphine,F,1h,178.00604745878567
9526,22,HATA,morphine,M,4h,1751.579506994451
9527,23,HATA,morphine,M,4h,232.59456867947995
9528,24,HATA,saline,F,1h,137.65801003479424
9529,25,HATA,saline,F,4h,99.68338657691997
9530,26,HATA,saline,F,4h,28.48096759340571
9531,0,APr,morphine,M,1h,955.1975605723838
9532,1,APr,morphine,M,4h,352.0760239289235
9533,2,APr,saline,M,1h,1561.3806278587044
9534,3,APr,saline,M,4h,998.0589895724266
9535,4,APr,morphine,F,4h,251.04551271453678
9536,5,APr,saline,F,4h,15.307653214301023
9537,6,APr,morphine,M,1h,2366.563186930938
9538,7,APr,morphine,M,4h,42.86142900004286
9539,8,APr,saline,M,4h,70.41520478578471
9540,9,APr,morphine,F,4h,64.2921435000643
9541,10,APr,saline,F,1h,73.47673542864491
9542,11,APr,saline,M,1h,70.41520478578471
9543,12,APr,morphine,M,1h,119.39969507154798
9544,13,APr,saline,M,4h,61.23061285720409
9545,14,APr,morphine,M,1h,373.50673842894497
9546,15,APr,morphine,F,4h,306.1530642860205
9547,16,APr,saline,F,4h,18.36918385716123
9548,17,APr,morphine,M,1h,269.414696571698
9549,18,APr,saline,M,1h,45.922959642903066
9550,19,APr,morphine,F,1h,217.36867564307454
9551,20,APr,morphine,F,1h,450.0450045004501
9552,21,APr,morphine,F,1h,67.3536741429245
9553,22,APr,morphine,M,4h,422.49122871470826
9554,23,APr,morphine,M,4h,318.3991868574613
9555,24,APr,saline,F,1h,330.64530942890207
9556,25,APr,saline,F,4h,208.1840837144939
9557,26,APr,saline,F,4h,61.23061285720409
9558,0,CTXsp,morphine,M,1h,356.0883359516079
9559,1,CTXsp,morphine,M,4h,3.255536488838786
9560,2,CTXsp,saline,M,1h,11.562767529323965
9561,3,CTXsp,saline,M,4h,19.98225844873462
9562,4,CTXsp,morphine,F,4h,596.3244768521253
9563,5,CTXsp,saline,F,4h,289.0691882330991
9564,6,CTXsp,morphine,M,1h,610.0201820810332
9565,7,CTXsp,morphine,M,4h,466.3275370564247
9566,8,CTXsp,saline,M,4h,311.74568377604515
9567,9,CTXsp,morphine,F,4h,52.8744029738989
9568,10,CTXsp,saline,F,1h,1019.0951808854655
9569,11,CTXsp,saline,M,1h,19.645478811958192
9570,12,CTXsp,morphine,M,1h,569.9434053046385
9571,13,CTXsp,saline,M,4h,135.72219362089973
9572,14,CTXsp,morphine,M,1h,1204.5485008703508
9573,15,CTXsp,morphine,F,4h,532.6731255013807
9574,16,CTXsp,saline,F,4h,239.11354211126257
9575,17,CTXsp,morphine,M,1h,539.5209781158347
9576,18,CTXsp,saline,M,1h,25.25847275823196
9577,19,CTXsp,morphine,F,1h,509.09855092703083
9578,20,CTXsp,morphine,F,1h,545.5830115778103
9579,21,CTXsp,morphine,F,1h,164.2362028679705
9580,22,CTXsp,morphine,M,4h,522.0084370034605
9581,23,CTXsp,morphine,M,4h,286.59947089673864
9582,24,CTXsp,saline,F,1h,263.0248963223888
9583,25,CTXsp,saline,F,4h,185.45331998488533
9584,26,CTXsp,saline,F,4h,28.850788883847173
9585,0,CLA,morphine,M,1h,2672.7772552465967
9586,1,CLA,morphine,M,4h,0.0
9587,2,CLA,saline,M,1h,78.07705297255683
9588,3,CLA,saline,M,4h,79.89279839052327
9589,4,CLA,morphine,F,4h,187.0217780505431
9590,5,CLA,saline,F,4h,18.15745417966438
9591,6,CLA,morphine,M,1h,205.17923223020748
9592,7,CLA,morphine,M,4h,130.73367009358353
9593,8,CLA,saline,M,4h,234.23115891767048
9594,9,CLA,morphine,F,4h,32.68341752339588
9595,10,CLA,saline,F,1h,16.34170876169794
9596,11,CLA,saline,M,1h,30.867672105429445
9597,12,CLA,morphine,M,1h,1156.629831244621
9598,13,CLA,saline,M,4h,36.31490835932876
9599,14,CLA,morphine,M,1h,969.6080531940778
9600,15,CLA,morphine,F,4h,348.6231202495561
9601,16,CLA,saline,F,4h,52.6566171210267
9602,17,CLA,morphine,M,1h,206.99497764817391
9603,18,CLA,saline,M,1h,3.6314908359328757
9604,19,CLA,morphine,F,1h,1.8157454179664378
9605,20,CLA,morphine,F,1h,1.8157454179664378
9606,21,CLA,morphine,F,1h,12.710217925765065
9607,22,CLA,morphine,M,4h,12.710217925765065
9608,23,CLA,morphine,M,4h,662.7470775577499
9609,24,CLA,saline,F,1h,0.0
9610,25,CLA,saline,F,4h,1.8157454179664378
9611,26,CLA,saline,F,4h,14.525963343731503
9612,0,EP,morphine,M,1h,458.36997905822165
9613,1,EP,morphine,M,4h,2.148609276835414
9614,2,EP,saline,M,1h,20.769889676075667
9615,3,EP,saline,M,4h,19.337483491518725
9616,4,EP,morphine,F,4h,551.4763810544229
9617,5,EP,saline,F,4h,132.4975720715172
9618,6,EP,morphine,M,1h,726.5880371165091
9619,7,EP,morphine,M,4h,367.05408479271654
9620,8,EP,saline,M,4h,232.76600499050318
9621,9,EP,morphine,F,4h,110.29527621088458
9622,10,EP,saline,F,1h,506.71368778701844
9623,11,EP,saline,M,1h,46.553200998100635
9624,12,EP,morphine,M,1h,564.0099351692961
9625,13,EP,saline,M,4h,104.56565147265681
9626,14,EP,morphine,M,1h,1404.116162411943
9627,15,EP,morphine,F,4h,450.1336434970192
9628,16,EP,saline,F,4h,275.3800889810722
9629,17,EP,morphine,M,1h,629.5425181127763
9630,18,EP,saline,M,1h,44.40459172126522
9631,19,EP,morphine,F,1h,375.6485219000582
9632,20,EP,morphine,F,1h,487.37620429549975
9633,21,EP,morphine,F,1h,164.72671122404842
9634,22,EP,morphine,M,4h,522.1120542710056
9635,23,EP,morphine,M,4h,164.36860967790918
9636,24,EP,saline,F,1h,175.11165606208624
9637,25,EP,saline,F,4h,106.35615920335299
9638,26,EP,saline,F,4h,28.290022144999618
9639,0,EPd,morphine,M,1h,670.4099721834813
9640,1,EPd,morphine,M,4h,3.2970982238531867
9641,2,EPd,saline,M,1h,31.322433126605276
9642,3,EPd,saline,M,4h,29.124367644036482
9643,4,EPd,morphine,F,4h,511.59974106788616
9644,5,EPd,saline,F,4h,91.21971752660484
9645,6,EPd,morphine,M,1h,608.314622300913
9646,7,EPd,morphine,M,4h,341.79918253944703
9647,8,EPd,saline,M,4h,206.61815536146636
9648,9,EPd,morphine,F,4h,156.06264926238418
9649,10,EPd,saline,F,1h,325.3136914201811
9650,11,EPd,saline,M,1h,58.79825165871517
9651,12,EPd,morphine,M,1h,662.1672266238484
9652,13,EPd,saline,M,4h,67.59051358899033
9653,14,EPd,morphine,M,1h,1343.0180098495314
9654,15,EPd,morphine,F,4h,414.88485983485936
9655,16,EPd,saline,F,4h,220.90558099816352
9656,17,EPd,morphine,M,1h,675.9051358899032
9657,18,EPd,saline,M,1h,35.718564091742856
9658,19,EPd,morphine,F,1h,245.6338176770624
9659,20,EPd,morphine,F,1h,309.92723304219953
9660,21,EPd,morphine,F,1h,108.25472501651296
9661,22,EPd,morphine,M,4h,560.5066980550417
9662,23,EPd,morphine,M,4h,173.6471731229345
9663,24,EPd,saline,F,1h,96.71488123302682
9664,25,EPd,saline,F,4h,97.8139139743112
9665,26,EPd,saline,F,4h,28.02533490275209
9666,0,EPv,morphine,M,1h,61.682577344811776
9667,1,EPv,morphine,M,4h,0.0
9668,2,EPv,saline,M,1h,1.0280429557468629
9669,3,EPv,saline,M,4h,1.0280429557468629
9670,4,EPv,morphine,F,4h,626.0781600498395
9671,5,EPv,saline,F,4h,209.72076297236003
9672,6,EPv,morphine,M,1h,947.8556051986077
9673,7,EPv,morphine,M,4h,414.3013111659858
9674,8,EPv,saline,M,4h,281.68376987464046
9675,9,EPv,morphine,F,4h,24.67303093792471
9676,10,EPv,saline,F,1h,846.0793525796682
9677,11,EPv,saline,M,1h,23.64498798217785
9678,12,EPv,morphine,M,1h,380.3758936263393
9679,13,EPv,saline,M,4h,173.73925952121985
9680,14,EPv,morphine,M,1h,1518.4194456381165
9681,15,EPv,morphine,F,4h,516.0775637849252
9682,16,EPv,saline,F,4h,377.2917647590987
9683,17,EPv,morphine,M,1h,542.8066806343436
9684,18,EPv,saline,M,1h,60.654534389064914
9685,19,EPv,morphine,F,1h,618.8818593596116
9686,20,EPv,morphine,F,1h,819.3502357302498
9687,21,EPv,morphine,F,1h,270.37529736142494
9688,22,EPv,morphine,M,4h,450.28281461712595
9689,23,EPv,morphine,M,4h,147.0101426718014
9690,24,EPv,saline,F,1h,321.7774451487681
9691,25,EPv,saline,F,4h,122.3371117338767
9692,26,EPv,saline,F,4h,28.785202760912163
9693,0,LA,morphine,M,1h,360.5906546326974
9694,1,LA,morphine,M,4h,0.0
9695,2,LA,saline,M,1h,1.1900681671046118
9696,3,LA,saline,M,4h,4.760272668418447
9697,4,LA,morphine,F,4h,249.9143150919685
9698,5,LA,saline,F,4h,90.4451806999505
9699,6,LA,morphine,M,1h,85.68490803153206
9700,7,LA,morphine,M,4h,192.79104307094713
9701,8,LA,saline,M,4h,77.35443086179977
9702,9,LA,morphine,F,4h,57.12327202102137
9703,10,LA,saline,F,1h,956.8148063521079
9704,11,LA,saline,M,1h,8.330477169732283
9705,12,LA,morphine,M,1h,417.7139266537188
9706,13,LA,saline,M,4h,109.48627137362429
9707,14,LA,morphine,M,1h,922.3028295060742
9708,15,LA,morphine,F,4h,352.2601774629651
9709,16,LA,saline,F,4h,67.83388552496288
9710,17,LA,morphine,M,1h,203.50165657488864
9711,18,LA,saline,M,1h,0.0
9712,19,LA,morphine,F,1h,355.83038196427896
9713,20,LA,morphine,F,1h,158.27906622491338
9714,21,LA,morphine,F,1h,13.09074983815073
9715,22,LA,morphine,M,4h,260.62492859591
9716,23,LA,morphine,M,4h,412.9536539853003
9717,24,LA,saline,F,1h,34.51197684603375
9718,25,LA,saline,F,4h,223.73281541566703
9719,26,LA,saline,F,4h,30.941772344719908
9720,0,BLA,morphine,M,1h,6.841089901393583
9721,1,BLA,morphine,M,4h,0.0
9722,2,BLA,saline,M,1h,0.5262376847225834
9723,3,BLA,saline,M,4h,1.57871305416775
9724,4,BLA,morphine,F,4h,702.5273091046488
9725,5,BLA,saline,F,4h,306.79657019326606
9726,6,BLA,morphine,M,1h,608.3307635393063
9727,7,BLA,morphine,M,4h,674.1104741296292
9728,8,BLA,saline,M,4h,294.16686575992406
9729,9,BLA,morphine,F,4h,18.944556650013
9730,10,BLA,saline,F,1h,1103.5204248632572
9731,11,BLA,saline,M,1h,3.1574261083355
9732,12,BLA,morphine,M,1h,515.186693343409
9733,13,BLA,saline,M,4h,131.03318349592325
9734,14,BLA,morphine,M,1h,1276.6526231369871
9735,15,BLA,morphine,F,4h,684.635227824081
9736,16,BLA,saline,F,4h,185.23566502234934
9737,17,BLA,morphine,M,1h,643.5886884157194
9738,18,BLA,saline,M,1h,26.83812192085175
9739,19,BLA,morphine,F,1h,514.6604556586865
9740,20,BLA,morphine,F,1h,580.966403933732
9741,21,BLA,morphine,F,1h,221.019827583485
9742,22,BLA,morphine,M,4h,599.910960583745
9743,23,BLA,morphine,M,4h,235.22824507099475
9744,24,BLA,saline,F,1h,275.22230910991107
9745,25,BLA,saline,F,4h,242.59557265711092
9746,26,BLA,saline,F,4h,31.048023398632417
9747,0,BLAa,morphine,M,1h,2.5987188316160132
9748,1,BLAa,morphine,M,4h,0.0
9749,2,BLAa,saline,M,1h,0.0
9750,3,BLAa,saline,M,4h,0.0
9751,4,BLAa,morphine,F,4h,153.32441106534478
9752,5,BLAa,saline,F,4h,55.87245487974428
9753,6,BLAa,morphine,M,1h,84.45836202752044
9754,7,BLAa,morphine,M,4h,111.74490975948856
9755,8,BLAa,saline,M,4h,113.04426917529658
9756,9,BLAa,morphine,F,4h,7.79615649484804
9757,10,BLAa,saline,F,1h,795.2079624745
9758,11,BLAa,saline,M,1h,1.2993594158080066
9759,12,BLAa,morphine,M,1h,401.502059484674
9760,13,BLAa,saline,M,4h,142.92953573888073
9761,14,BLAa,morphine,M,1h,602.9027689349151
9762,15,BLAa,morphine,F,4h,475.5655461857304
9763,16,BLAa,saline,F,4h,110.44555034368057
9764,17,BLAa,morphine,M,1h,634.0873949143072
9765,18,BLAa,saline,M,1h,1.2993594158080066
9766,19,BLAa,morphine,F,1h,49.37565780070425
9767,20,BLAa,morphine,F,1h,170.21608347084887
9768,21,BLAa,morphine,F,1h,7.79615649484804
9769,22,BLAa,morphine,M,4h,174.1141617182729
9770,23,BLAa,morphine,M,4h,263.76996140902537
9771,24,BLAa,saline,F,1h,76.66220553267239
9772,25,BLAa,saline,F,4h,102.64939384883252
9773,26,BLAa,saline,F,4h,15.59231298969608
9774,0,BLAp,morphine,M,1h,15.46603377781777
9775,1,BLAp,morphine,M,4h,0.0
9776,2,BLAp,saline,M,1h,1.4060030707107065
9777,3,BLAp,saline,M,4h,4.218009212132119
9778,4,BLAp,morphine,F,4h,1015.1342170531301
9779,5,BLAp,saline,F,4h,445.70297341529397
9780,6,BLAp,morphine,M,1h,660.821443234032
9781,7,BLAp,morphine,M,4h,1213.3806500233397
9782,8,BLAp,saline,M,4h,306.508669414934
9783,9,BLAp,morphine,F,4h,40.774089050610485
9784,10,BLAp,saline,F,1h,1251.3427329325289
9785,11,BLAp,saline,M,1h,7.030015353553533
9786,12,BLAp,morphine,M,1h,764.8656704666244
9787,13,BLAp,saline,M,4h,97.01421187903874
9788,14,BLAp,morphine,M,1h,1233.0646930132896
9789,15,BLAp,morphine,F,4h,1065.7503275987156
9790,16,BLAp,saline,F,4h,222.14848517229163
9791,17,BLAp,morphine,M,1h,646.761412526925
9792,18,BLAp,saline,M,1h,70.30015353553533
9793,19,BLAp,morphine,F,1h,728.309590628146
9794,20,BLAp,morphine,F,1h,624.2653633955537
9795,21,BLAp,morphine,F,1h,319.1626970513304
9796,22,BLAp,morphine,M,4h,937.8040481640412
9797,23,BLAp,morphine,M,4h,160.28435006102055
9798,24,BLAp,saline,F,1h,309.3206755563554
9799,25,BLAp,saline,F,4h,459.763004122401
9800,26,BLAp,saline,F,4h,52.02211361629614
9801,0,BLAv,morphine,M,1h,0.0
9802,1,BLAv,morphine,M,4h,0.0
9803,2,BLAv,saline,M,1h,0.0
9804,3,BLAv,saline,M,4h,0.0
9805,4,BLAv,morphine,F,4h,1180.156209767402
9806,5,BLAv,saline,F,4h,531.6663328851124
9807,6,BLAv,morphine,M,1h,1480.5596086172861
9808,7,BLAv,morphine,M,4h,791.5391144298535
9809,8,BLAv,saline,M,4h,605.5751056180204
9810,9,BLAv,morphine,F,4h,2.3841539591260648
9811,10,BLAv,saline,F,1h,1418.5716056800086
9812,11,BLAv,saline,M,1h,0.0
9813,12,BLAv,morphine,M,1h,300.4033988498841
9814,13,BLAv,saline,M,4h,166.89077713882452
9815,14,BLAv,morphine,M,1h,2586.8070456517803
9816,15,BLAv,morphine,F,4h,421.9952507653135
9817,16,BLAv,saline,F,4h,259.87278154474103
9818,17,BLAv,morphine,M,1h,655.6423387596678
9819,18,BLAv,saline,M,1h,0.0
9820,19,BLAv,morphine,F,1h,1006.1129707511993
9821,20,BLAv,morphine,F,1h,1261.2174443776883
9822,21,BLAv,morphine,F,1h,445.8367903565741
9823,22,BLAv,morphine,M,4h,808.2281921437359
9824,23,BLAv,morphine,M,4h,309.9400146863884
9825,24,BLAv,saline,F,1h,581.7335660267598
9826,25,BLAv,saline,F,4h,131.12846775193356
9827,26,BLAv,saline,F,4h,23.841539591260645
9828,0,BMA,morphine,M,1h,2.0199462963611343
9829,1,BMA,morphine,M,4h,0.673315432120378
9830,2,BMA,saline,M,1h,0.0
9831,3,BMA,saline,M,4h,0.0
9832,4,BMA,morphine,F,4h,807.3052031123333
9833,5,BMA,saline,F,4h,717.754250640323
9834,6,BMA,morphine,M,1h,964.8610142285017
9835,7,BMA,morphine,M,4h,558.1784932277934
9836,8,BMA,saline,M,4h,631.5698753289146
9837,9,BMA,morphine,F,4h,2.693261728481512
9838,10,BMA,saline,F,1h,2203.761409329997
9839,11,BMA,saline,M,1h,2.693261728481512
9840,12,BMA,morphine,M,1h,613.3903586616644
9841,13,BMA,saline,M,4h,267.3062265517901
9842,14,BMA,morphine,M,1h,1414.6357228849142
9843,15,BMA,morphine,F,4h,589.1510031053308
9844,16,BMA,saline,F,4h,335.3110851959483
9845,17,BMA,morphine,M,1h,694.8615259482301
9846,18,BMA,saline,M,1h,10.773046913926049
9847,19,BMA,morphine,F,1h,936.5817660794459
9848,20,BMA,morphine,F,1h,992.4669469454373
9849,21,BMA,morphine,F,1h,204.68789136459492
9850,22,BMA,morphine,M,4h,647.7294456998037
9851,23,BMA,morphine,M,4h,311.74504507173503
9852,24,BMA,saline,F,1h,593.8642111301734
9853,25,BMA,saline,F,4h,282.1191660584384
9854,26,BMA,saline,F,4h,40.398925927222685
9855,0,BMAa,morphine,M,1h,0.0
9856,1,BMAa,morphine,M,4h,1.303064024747792
9857,2,BMAa,saline,M,1h,0.0
9858,3,BMAa,saline,M,4h,0.0
9859,4,BMAa,morphine,F,4h,768.8077746011974
9860,5,BMAa,saline,F,4h,845.6885520613171
9861,6,BMAa,morphine,M,1h,1347.368201589217
9862,7,BMAa,morphine,M,4h,332.28132631068695
9863,8,BMAa,saline,M,4h,896.508049026481
9864,9,BMAa,morphine,F,4h,2.606128049495584
9865,10,BMAa,saline,F,1h,2156.570960957596
9866,11,BMAa,saline,M,1h,3.9091920742433763
9867,12,BMAa,morphine,M,1h,745.3526221557371
9868,13,BMAa,saline,M,4h,347.91809460766046
9869,14,BMAa,morphine,M,1h,1714.8322565680944
9870,15,BMAa,morphine,F,4h,643.7136282254093
9871,16,BMAa,saline,F,4h,419.58661596878903
9872,17,BMAa,morphine,M,1h,598.1063873592366
9873,18,BMAa,saline,M,1h,0.0
9874,19,BMAa,morphine,F,1h,1147.9994058028049
9875,20,BMAa,morphine,F,1h,1317.3977290200178
9876,21,BMAa,morphine,F,1h,187.64121956368206
9877,22,BMAa,morphine,M,4h,758.383262403215
9878,23,BMAa,morphine,M,4h,390.9192074243376
9879,24,BMAa,saline,F,1h,888.6896648779942
9880,25,BMAa,saline,F,4h,213.7025000586379
9881,26,BMAa,saline,F,4h,57.33481708890285
9882,0,BMAp,morphine,M,1h,4.179635145716013
9883,1,BMAp,morphine,M,4h,0.0
9884,2,BMAp,saline,M,1h,0.0
9885,3,BMAp,saline,M,4h,0.0
9886,4,BMAp,morphine,F,4h,848.4659345803507
9887,5,BMAp,saline,F,4h,580.9692852545259
9888,6,BMAp,morphine,M,1h,555.8914743802297
9889,7,BMAp,morphine,M,4h,799.7035245469972
9890,8,BMAp,saline,M,4h,348.3029288096678
9891,9,BMAp,morphine,F,4h,2.7864234304773423
9892,10,BMAp,saline,F,1h,2254.2165552561696
9893,11,BMAp,saline,M,1h,1.3932117152386712
9894,12,BMAp,morphine,M,1h,472.2987714659095
9895,13,BMAp,saline,M,4h,181.11752298102724
9896,14,BMAp,morphine,M,1h,1093.6711964623569
9897,15,BMAp,morphine,F,4h,530.8136635059337
9898,16,BMAp,saline,F,4h,245.2052618820061
9899,17,BMAp,morphine,M,1h,798.3103128317586
9900,18,BMAp,saline,M,1h,22.29138744381874
9901,19,BMAp,morphine,F,1h,710.5379747717222
9902,20,BMAp,morphine,F,1h,645.0570241555047
9903,21,BMAp,morphine,F,1h,222.91387443818738
9904,22,BMAp,morphine,M,4h,529.420451790695
9905,23,BMAp,morphine,M,4h,227.0935095839034
9906,24,BMAp,saline,F,1h,278.6423430477342
9907,25,BMAp,saline,F,4h,355.2689873858611
9908,26,BMAp,saline,F,4h,22.29138744381874
9909,0,PA,morphine,M,1h,19.65534863416017
9910,1,PA,morphine,M,4h,22.758824734290723
9911,2,PA,saline,M,1h,0.0
9912,3,PA,saline,M,4h,75.51791843651013
9913,4,PA,morphine,F,4h,781.0414851995225
9914,5,PA,saline,F,4h,411.72782928398675
9915,6,PA,morphine,M,1h,476.90082738672834
9916,7,PA,morphine,M,4h,642.4195527270246
9917,8,PA,saline,M,4h,334.1409267807229
9918,9,PA,morphine,F,4h,47.586633535335146
9919,10,PA,saline,F,1h,1267.2527408866426
9920,11,PA,saline,M,1h,3.1034761001305533
9921,12,PA,morphine,M,1h,426.2107177512626
9922,13,PA,saline,M,4h,131.3804882388601
9923,14,PA,morphine,M,1h,700.3511065961281
9924,15,PA,morphine,F,4h,700.3511065961281
9925,16,PA,saline,F,4h,364.14119574865157
9926,17,PA,morphine,M,1h,336.2099108474766
9927,18,PA,saline,M,1h,20.68984066753702
9928,19,PA,morphine,F,1h,687.937202195606
9929,20,PA,morphine,F,1h,665.1783774613152
9930,21,PA,morphine,F,1h,218.27781904251557
9931,22,PA,morphine,M,4h,784.1449612996531
9932,23,PA,morphine,M,4h,434.4866540182774
9933,24,PA,saline,F,1h,353.79627541488304
9934,25,PA,saline,F,4h,257.5885163108359
9935,26,PA,saline,F,4h,24.827808801044426
9936,0,CNU,morphine,M,1h,99.17792032957405
9937,1,CNU,morphine,M,4h,14.578491629736941
9938,2,CNU,saline,M,1h,21.61003683498885
9939,3,CNU,saline,M,4h,12.645737057612726
9940,4,CNU,morphine,F,4h,311.3759651624118
9941,5,CNU,saline,F,4h,55.64492449077623
9942,6,CNU,morphine,M,1h,274.43274205523744
9943,7,CNU,morphine,M,4h,69.61597896927414
9944,8,CNU,saline,M,4h,63.09983498325535
9945,9,CNU,morphine,F,4h,10.786611231093243
9946,10,CNU,saline,F,1h,408.67635247906514
9947,11,CNU,saline,M,1h,21.518000902982937
9948,12,CNU,morphine,M,1h,50.196397316026065
9949,13,CNU,saline,M,4h,21.591629648587666
9950,14,CNU,morphine,M,1h,211.31449988558091
9951,15,CNU,morphine,F,4h,56.418026319625916
9952,16,CNU,saline,F,4h,40.07244479537541
9953,17,CNU,morphine,M,1h,112.9833101304613
9954,18,CNU,saline,M,1h,8.26482669413117
9955,19,CNU,morphine,F,1h,124.92957410482907
9956,20,CNU,morphine,F,1h,79.44541650750587
9957,21,CNU,morphine,F,1h,33.85081579177555
9958,22,CNU,morphine,M,4h,184.73452272227266
9959,23,CNU,morphine,M,4h,167.06362377713697
9960,24,CNU,saline,F,1h,140.87019752825356
9961,25,CNU,saline,F,4h,55.9026251003928
9962,26,CNU,saline,F,4h,12.498479566403262
9963,0,STR,morphine,M,1h,114.1191017316523
9964,1,STR,morphine,M,4h,16.436175439425266
9965,2,STR,saline,M,1h,25.310375710508733
9966,3,STR,saline,M,4h,14.857057095448008
9967,4,STR,morphine,F,4h,308.4396224546003
9968,5,STR,saline,F,4h,54.02364024677128
9969,6,STR,morphine,M,1h,273.0762679908842
9970,7,STR,morphine,M,4h,68.1022587219488
9971,8,STR,saline,M,4h,65.23315637866618
9972,9,STR,morphine,F,4h,12.054678062474283
9973,10,STR,saline,F,1h,409.4364731588359
9974,11,STR,saline,M,1h,23.353158608114384
9975,12,STR,morphine,M,1h,53.912434729589776
9976,13,STR,saline,M,4h,23.731257366531473
9977,14,STR,morphine,M,1h,219.9867540884375
9978,15,STR,morphine,F,4h,51.93297652375913
9979,16,STR,saline,F,4h,35.430077774024966
9980,17,STR,morphine,M,1h,122.30382779621048
9981,18,STR,saline,M,1h,8.073520547376686
9982,19,STR,morphine,F,1h,123.17123083022615
9983,20,STR,morphine,F,1h,77.46576326863087
9984,21,STR,morphine,F,1h,35.452318877461266
9985,22,STR,morphine,M,4h,154.08636460668234
9986,23,STR,morphine,M,4h,164.80657646297865
9987,24,STR,saline,F,1h,135.98210640953462
9988,25,STR,saline,F,4h,49.2418030079669
9989,26,STR,saline,F,4h,10.898140683786712
9990,0,STRd,morphine,M,1h,147.4320269559245
9991,1,STRd,morphine,M,4h,4.765790235280146
9992,2,STRd,saline,M,1h,23.48304704642072
9993,3,STRd,saline,M,4h,18.25605130450056
9994,4,STRd,morphine,F,4h,243.86241163590745
9995,5,STRd,saline,F,4h,13.298092108120407
9996,6,STRd,morphine,M,1h,116.60812559548357
9997,7,STRd,morphine,M,4h,21.715092604300665
9998,8,STRd,saline,M,4h,13.75929761476042
9999,9,STRd,morphine,F,4h,6.725913638500206
10000,10,STRd,saline,F,1h,188.24871429356577
10001,11,STRd,saline,M,1h,19.6012340322006
10002,12,STRd,morphine,M,1h,27.902933151720855
10003,13,STRd,saline,M,4h,7.071817768480217
10004,14,STRd,morphine,M,1h,68.29684877494209
10005,15,STRd,morphine,F,4h,11.722306627100359
10006,16,STRd,saline,F,4h,7.802059820660239
10007,17,STRd,morphine,M,1h,29.594020009400907
10008,18,STRd,saline,M,1h,10.992064574920336
10009,19,STRd,morphine,F,1h,38.04945429780116
10010,20,STRd,morphine,F,1h,1.6910868576800517
10011,21,STRd,morphine,F,1h,15.066046550240461
10012,22,STRd,morphine,M,4h,0.3459041299800106
10013,23,STRd,morphine,M,4h,28.863777957220883
10014,24,STRd,saline,F,1h,4.227717144200129
10015,25,STRd,saline,F,4h,22.56063603314069
10016,26,STRd,saline,F,4h,3.2668723387001
10017,0,CP,morphine,M,1h,147.4320269559245
10018,1,CP,morphine,M,4h,4.765790235280146
10019,2,CP,saline,M,1h,23.48304704642072
10020,3,CP,saline,M,4h,18.25605130450056
10021,4,CP,morphine,F,4h,243.86241163590745
10022,5,CP,saline,F,4h,13.298092108120407
10023,6,CP,morphine,M,1h,116.60812559548357
10024,7,CP,morphine,M,4h,21.715092604300665
10025,8,CP,saline,M,4h,13.75929761476042
10026,9,CP,morphine,F,4h,6.725913638500206
10027,10,CP,saline,F,1h,188.24871429356577
10028,11,CP,saline,M,1h,19.6012340322006
10029,12,CP,morphine,M,1h,27.902933151720855
10030,13,CP,saline,M,4h,7.071817768480217
10031,14,CP,morphine,M,1h,68.29684877494209
10032,15,CP,morphine,F,4h,11.722306627100359
10033,16,CP,saline,F,4h,7.802059820660239
10034,17,CP,morphine,M,1h,29.594020009400907
10035,18,CP,saline,M,1h,10.992064574920336
10036,19,CP,morphine,F,1h,38.04945429780116
10037,20,CP,morphine,F,1h,1.6910868576800517
10038,21,CP,morphine,F,1h,15.066046550240461
10039,22,CP,morphine,M,4h,0.3459041299800106
10040,23,CP,morphine,M,4h,28.863777957220883
10041,24,CP,saline,F,1h,4.227717144200129
10042,25,CP,saline,F,4h,22.56063603314069
10043,26,CP,saline,F,4h,3.2668723387001
10044,0,STRv,morphine,M,1h,99.72820308960978
10045,1,STRv,morphine,M,4h,60.43783339034289
10046,2,STRv,saline,M,1h,50.84636078728656
10047,3,STRv,saline,M,4h,2.542318039364328
10048,4,STRv,morphine,F,4h,444.674537066997
10049,5,STRv,saline,F,4h,91.4078895062356
10050,6,STRv,morphine,M,1h,569.8259205502501
10051,7,STRv,morphine,M,4h,129.54266009670053
10052,8,STRv,saline,M,4h,58.819994638020134
10053,9,STRv,morphine,F,4h,10.747071711858295
10054,10,STRv,saline,F,1h,505.2279303682201
10055,11,STRv,saline,M,1h,33.743493977017444
10056,12,STRv,morphine,M,1h,80.77637770525752
10057,13,STRv,saline,M,4h,10.169272157457312
10058,14,STRv,morphine,M,1h,536.313546394993
10059,15,STRv,morphine,F,4h,147.57000619401123
10060,16,STRv,saline,F,4h,64.71355009291017
10061,17,STRv,morphine,M,1h,323.10551082103007
10062,18,STRv,saline,M,1h,1.9645184849633444
10063,19,STRv,morphine,F,1h,263.59215671772876
10064,20,STRv,morphine,F,1h,204.1943625253076
10065,21,STRv,morphine,F,1h,68.87370688459725
10066,22,STRv,morphine,M,4h,519.3262394956041
10067,23,STRv,morphine,M,4h,425.9538315044051
10068,24,STRv,saline,F,1h,414.62896023814585
10069,25,STRv,saline,F,4h,104.46615943569783
10070,26,STRv,saline,F,4h,16.062827612347345
10071,0,ACB,morphine,M,1h,159.49593830642578
10072,1,ACB,morphine,M,4h,0.9088087652787795
10073,2,ACB,saline,M,1h,4.771246017713592
10074,3,ACB,saline,M,4h,4.771246017713592
10075,4,ACB,morphine,F,4h,780.2123249918321
10076,5,ACB,saline,F,4h,137.6845279397351
10077,6,ACB,morphine,M,1h,887.2245571034084
10078,7,ACB,morphine,M,4h,230.83742638080997
10079,8,ACB,saline,M,4h,90.88087652787794
10080,9,ACB,morphine,F,4h,20.220995027452844
10081,10,ACB,saline,F,1h,888.3605680600069
10082,11,ACB,saline,M,1h,47.258055794496535
10083,12,ACB,morphine,M,1h,65.8886354827115
10084,13,ACB,saline,M,4h,6.588863548271151
10085,14,ACB,morphine,M,1h,499.617618712009
10086,15,ACB,morphine,F,4h,235.60867239852357
10087,16,ACB,saline,F,4h,64.29822014347364
10088,17,ACB,morphine,M,1h,600.7225938492733
10089,18,ACB,saline,M,1h,2.4992241045166437
10090,19,ACB,morphine,F,1h,330.57918837015603
10091,20,ACB,morphine,F,1h,152.90707475815464
10092,21,ACB,morphine,F,1h,85.88242831884466
10093,22,ACB,morphine,M,4h,562.7798278988842
10094,23,ACB,morphine,M,4h,660.4767701663529
10095,24,ACB,saline,F,1h,370.793976233742
10096,25,ACB,saline,F,4h,173.35527197692718
10097,26,ACB,saline,F,4h,14.313738053140776
10098,0,FS,morphine,M,1h,0.0
10099,1,FS,morphine,M,4h,0.0
10100,2,FS,saline,M,1h,0.0
10101,3,FS,saline,M,4h,0.0
10102,4,FS,morphine,F,4h,123.69651875986072
10103,5,FS,saline,F,4h,35.00844870562096
10104,6,FS,morphine,M,1h,282.4014862253424
10105,7,FS,morphine,M,4h,105.02534611686288
10106,8,FS,saline,M,4h,44.34403502711988
10107,9,FS,morphine,F,4h,2.3338965803747307
10108,10,FS,saline,F,1h,189.04562301035318
10109,11,FS,saline,M,1h,2.3338965803747307
10110,12,FS,morphine,M,1h,65.34910425049246
10111,13,FS,saline,M,4h,21.005069223372576
10112,14,FS,morphine,M,1h,30.3406555448715
10113,15,FS,morphine,F,4h,11.669482901873653
10114,16,FS,saline,F,4h,42.01013844674515
10115,17,FS,morphine,M,1h,354.75228021695904
10116,18,FS,saline,M,1h,9.335586321498923
10117,19,FS,morphine,F,1h,14.003379482248384
10118,20,FS,morphine,F,1h,2.3338965803747307
10119,21,FS,morphine,F,1h,0.0
10120,22,FS,morphine,M,4h,84.0202768934903
10121,23,FS,morphine,M,4h,7.001689741124192
10122,24,FS,saline,F,1h,0.0
10123,25,FS,saline,F,4h,2.3338965803747307
10124,26,FS,saline,F,4h,0.0
10125,0,OT,morphine,M,1h,42.10596790636051
10126,1,OT,morphine,M,4h,135.73290275404415
10127,2,OT,saline,M,1h,109.58012765692581
10128,3,OT,saline,M,4h,0.2615277509711833
10129,4,OT,morphine,F,4h,94.41151810059718
10130,5,OT,saline,F,4h,44.45971766510116
10131,6,OT,morphine,M,1h,236.6826146289209
10132,7,OT,morphine,M,4h,15.691665058270999
10133,8,OT,saline,M,4h,23.5374975874065
10134,9,OT,morphine,F,4h,0.7845832529135499
10135,10,OT,saline,F,1h,99.64207312002084
10136,11,OT,saline,M,1h,21.706803330608214
10137,12,OT,morphine,M,1h,99.64207312002084
10138,13,OT,saline,M,4h,13.076387548559165
10139,14,OT,morphine,M,1h,635.2509071090043
10140,15,OT,morphine,F,4h,61.45902147822808
10141,16,OT,saline,F,4h,67.73568750153647
10142,17,OT,morphine,M,1h,0.0
10143,18,OT,saline,M,1h,0.5230555019423666
10144,19,OT,morphine,F,1h,214.45275579637033
10145,20,OT,morphine,F,1h,285.84983181150335
10146,21,OT,morphine,F,1h,57.01304971171796
10147,22,OT,morphine,M,4h,518.0864746739142
10148,23,OT,morphine,M,4h,202.94553475363824
10149,24,OT,saline,F,1h,511.54828089963456
10150,25,OT,saline,F,4h,36.61388513596566
10151,26,OT,saline,F,4h,19.876109073809932
10152,0,LSX,morphine,M,1h,70.14468322941633
10153,1,LSX,morphine,M,4h,1.6834723975059918
10154,2,LSX,saline,M,1h,8.41736198752996
10155,3,LSX,saline,M,4h,29.460766956354856
10156,4,LSX,morphine,F,4h,499.43014459344425
10157,5,LSX,saline,F,4h,92.31040312991189
10158,6,LSX,morphine,M,1h,595.6686499842034
10159,7,LSX,morphine,M,4h,207.62826235907232
10160,8,LSX,saline,M,4h,173.11707821019948
10161,9,LSX,morphine,F,4h,40.12275880722614
10162,10,LSX,saline,F,1h,1479.491658674849
10163,11,LSX,saline,M,1h,21.323983701742563
10164,12,LSX,morphine,M,1h,40.96449500597913
10165,13,LSX,saline,M,4h,78.00088775111095
10166,14,LSX,morphine,M,1h,277.21178812265333
10167,15,LSX,morphine,F,4h,65.93600223565134
10168,16,LSX,saline,F,4h,26.935558360095868
10169,17,LSX,morphine,M,1h,30.302503155107853
10170,18,LSX,saline,M,1h,6.453310857106302
10171,19,LSX,morphine,F,1h,104.3752886453715
10172,20,LSX,morphine,F,1h,83.3318836765466
10173,21,LSX,morphine,F,1h,49.381856993509096
10174,22,LSX,morphine,M,4h,48.5401207947561
10175,23,LSX,morphine,M,4h,116.15959542791343
10176,24,LSX,saline,F,1h,15.151251577553927
10177,25,LSX,saline,F,4h,80.24551761445228
10178,26,LSX,saline,F,4h,10.10083438503595
10179,0,LS,morphine,M,1h,77.96244175746999
10180,1,LS,morphine,M,4h,1.9654397081715123
10181,2,LS,saline,M,1h,8.844478686771804
10182,3,LS,saline,M,4h,31.774608615439448
10183,4,LS,morphine,F,4h,524.4448287970985
10184,5,LS,saline,F,4h,106.78889081065216
10185,6,LS,morphine,M,1h,684.6281650130768
10186,7,LS,morphine,M,4h,238.80092454283874
10187,8,LS,saline,M,4h,199.81970366410374
10188,9,LS,morphine,F,4h,46.51540642672579
10189,10,LS,saline,F,1h,1653.262367856937
10190,11,LS,saline,M,1h,23.912849782753398
10191,12,LS,morphine,M,1h,46.51540642672579
10192,13,LS,saline,M,4h,82.87604102789876
10193,14,LS,morphine,M,1h,284.661184400174
10194,15,LS,morphine,F,4h,68.46281650130767
10195,16,LS,saline,F,4h,26.861009345010668
10196,17,LS,morphine,M,1h,34.06762160830621
10197,18,LS,saline,M,1h,7.534185547990797
10198,19,LS,morphine,F,1h,113.66792978925245
10199,20,LS,morphine,F,1h,95.65139913101359
10200,21,LS,morphine,F,1h,52.41172555124032
10201,22,LS,morphine,M,4h,56.6701782522786
10202,23,LS,morphine,M,4h,110.06462365760468
10203,24,LS,saline,F,1h,17.68895737354361
10204,25,LS,saline,F,4h,70.42825620947919
10205,26,LS,saline,F,4h,11.465064964333822
10206,0,LSc,morphine,M,1h,7.097206894226778
10207,1,LSc,morphine,M,4h,1.7743017235566945
10208,2,LSc,saline,M,1h,7.097206894226778
10209,3,LSc,saline,M,4h,37.26033619469058
10210,4,LSc,morphine,F,4h,172.10726718499936
10211,5,LSc,saline,F,4h,3.548603447113389
10212,6,LSc,morphine,M,1h,79.84357756005124
10213,7,LSc,morphine,M,4h,39.03463791824728
10214,8,LSc,saline,M,4h,26.61452585335042
10215,9,LSc,morphine,F,4h,10.645810341340166
10216,10,LSc,saline,F,1h,95.81229307206151
10217,11,LSc,saline,M,1h,3.548603447113389
10218,12,LSc,morphine,M,1h,37.26033619469058
10219,13,LSc,saline,M,4h,67.42346549515439
10220,14,LSc,morphine,M,1h,7.097206894226778
10221,15,LSc,morphine,F,4h,7.097206894226778
10222,16,LSc,saline,F,4h,47.906146536030754
10223,17,LSc,morphine,M,1h,8.871508617783473
10224,18,LSc,saline,M,1h,31.9374310240205
10225,19,LSc,morphine,F,1h,10.645810341340166
10226,20,LSc,morphine,F,1h,12.42011206489686
10227,21,LSc,morphine,F,1h,35.48603447113389
10228,22,LSc,morphine,M,4h,0.0
10229,23,LSc,morphine,M,4h,1.7743017235566945
10230,24,LSc,saline,F,1h,0.0
10231,25,LSc,saline,F,4h,7.097206894226778
10232,26,LSc,saline,F,4h,0.0
10233,0,LSr,morphine,M,1h,92.99043420687663
10234,1,LSr,morphine,M,4h,2.6568695487679035
10235,2,LSr,saline,M,1h,8.50198255605729
10236,3,LSr,saline,M,4h,32.945182404722004
10237,4,LSr,morphine,F,4h,464.42079712462953
10238,5,LSr,saline,F,4h,107.86890367997688
10239,6,LSr,morphine,M,1h,689.7233348601477
10240,7,LSr,morphine,M,4h,209.3613204429108
10241,8,LSr,saline,M,4h,220.520172547736
10242,9,LSr,morphine,F,4h,56.32563443387956
10243,10,LSr,saline,F,1h,1593.058981441235
10244,11,LSr,saline,M,1h,34.00793022422916
10245,12,LSr,morphine,M,1h,26.568695487679037
10246,13,LSr,saline,M,4h,107.3375297702233
10247,14,LSr,morphine,M,1h,241.77512893787923
10248,15,LSr,morphine,F,4h,58.451130072893875
10249,16,LSr,saline,F,4h,18.598086841375324
10250,17,LSr,morphine,M,1h,22.31770420965039
10251,18,LSr,saline,M,1h,2.6568695487679035
10252,19,LSr,morphine,F,1h,108.40027758973046
10253,20,LSr,morphine,F,1h,124.34149488233788
10254,21,LSr,morphine,F,1h,52.60601706560449
10255,22,LSr,morphine,M,4h,89.27081683860156
10256,23,LSr,morphine,M,4h,151.4415642797705
10257,24,LSr,saline,F,1h,26.568695487679037
10258,25,LSr,saline,F,4h,90.8649385678623
10259,26,LSr,saline,F,4h,18.066712931621744
10260,0,LSv,morphine,M,1h,97.16156486110836
10261,1,LSv,morphine,M,4h,0.0
10262,2,LSv,saline,M,1h,11.527643288606077
10263,3,LSv,saline,M,4h,23.055286577212154
10264,4,LSv,morphine,F,4h,1037.487895974547
10265,5,LSv,saline,F,4h,199.26354827447648
10266,6,LSv,morphine,M,1h,1230.1642195126772
10267,7,LSv,morphine,M,4h,515.4503356191003
10268,8,LSv,saline,M,4h,296.42511313558487
10269,9,LSv,morphine,F,4h,49.40418552259747
10270,10,LSv,saline,F,1h,3285.378337252732
10271,11,LSv,saline,M,1h,11.527643288606077
10272,12,LSv,morphine,M,1h,116.92323907014736
10273,13,LSv,saline,M,4h,21.408480393125572
10274,14,LSv,morphine,M,1h,675.1905354754988
10275,15,LSv,morphine,F,4h,156.44658748822533
10276,16,LSv,saline,F,4h,32.93612368173165
10277,17,LSv,morphine,M,1h,93.8679524929352
10278,18,LSv,saline,M,1h,0.0
10279,19,LSv,morphine,F,1h,225.6124472198618
10280,20,LSv,morphine,F,1h,83.9871153884157
10281,21,LSv,morphine,F,1h,67.51905354754989
10282,22,LSv,morphine,M,4h,8.234030920432913
10283,23,LSv,morphine,M,4h,82.34030920432913
10284,24,LSv,saline,F,1h,6.58722473634633
10285,25,LSv,saline,F,4h,65.8722473634633
10286,26,LSv,saline,F,4h,1.6468061840865824
10287,0,SF,morphine,M,1h,25.29969598198662
10288,1,SF,morphine,M,4h,0.0
10289,2,SF,saline,M,1h,6.324923995496655
10290,3,SF,saline,M,4h,16.86646398799108
10291,4,SF,morphine,F,4h,373.1705157343026
10292,5,SF,saline,F,4h,6.324923995496655
10293,6,SF,morphine,M,1h,44.274467968476586
10294,7,SF,morphine,M,4h,12.64984799099331
10295,8,SF,saline,M,4h,12.64984799099331
10296,9,SF,morphine,F,4h,2.108307998498885
10297,10,SF,saline,F,1h,449.0696036802625
10298,11,SF,saline,M,1h,6.324923995496655
10299,12,SF,morphine,M,1h,8.43323199399554
10300,13,SF,saline,M,4h,42.1661599699777
10301,14,SF,morphine,M,1h,248.78034382286842
10302,15,SF,morphine,F,4h,54.81600796097101
10303,16,SF,saline,F,4h,25.29969598198662
10304,17,SF,morphine,M,1h,8.43323199399554
10305,18,SF,saline,M,1h,0.0
10306,19,SF,morphine,F,1h,52.70769996247212
10307,20,SF,morphine,F,1h,6.324923995496655
10308,21,SF,morphine,F,1h,31.624619977483274
10309,22,SF,morphine,M,4h,0.0
10310,23,SF,morphine,M,4h,0.0
10311,24,SF,saline,F,1h,0.0
10312,25,SF,saline,F,4h,149.68986789342082
10313,26,SF,saline,F,4h,0.0
10314,0,SH,morphine,M,1h,0.0
10315,1,SH,morphine,M,4h,0.0
10316,2,SH,saline,M,1h,0.0
10317,3,SH,saline,M,4h,0.0
10318,4,SH,morphine,F,4h,54.05989836739107
10319,5,SH,saline,F,4h,0.0
10320,6,SH,morphine,M,1h,324.3593902043464
10321,7,SH,morphine,M,4h,135.14974591847766
10322,8,SH,saline,M,4h,27.029949183695535
10323,9,SH,morphine,F,4h,0.0
10324,10,SH,saline,F,1h,351.38933938804195
10325,11,SH,saline,M,1h,0.0
10326,12,SH,morphine,M,1h,0.0
10327,13,SH,saline,M,4h,135.14974591847766
10328,14,SH,morphine,M,1h,27.029949183695535
10329,15,SH,morphine,F,4h,0.0
10330,16,SH,saline,F,4h,54.05989836739107
10331,17,SH,morphine,M,1h,0.0
10332,18,SH,saline,M,1h,0.0
10333,19,SH,morphine,F,1h,0.0
10334,20,SH,morphine,F,1h,54.05989836739107
10335,21,SH,morphine,F,1h,27.029949183695535
10336,22,SH,morphine,M,4h,0.0
10337,23,SH,morphine,M,4h,2108.336036328252
10338,24,SH,saline,F,1h,0.0
10339,25,SH,saline,F,4h,0.0
10340,26,SH,saline,F,4h,27.029949183695535
10341,0,sAMY,morphine,M,1h,0.4941170424920892
10342,1,sAMY,morphine,M,4h,8.399989722365516
10343,2,sAMY,saline,M,1h,0.2470585212460446
10344,3,sAMY,saline,M,4h,0.0
10345,4,sAMY,morphine,F,4h,206.29386524044725
10346,5,sAMY,saline,F,4h,161.57627289491316
10347,6,sAMY,morphine,M,1h,278.43495344429226
10348,7,sAMY,morphine,M,4h,61.27051326901906
10349,8,sAMY,saline,M,4h,232.72912701377402
10350,9,sAMY,morphine,F,4h,11.611750498564096
10351,10,sAMY,saline,F,1h,450.14062571029325
10352,11,sAMY,saline,M,1h,17.78821352971521
10353,12,sAMY,morphine,M,1h,167.01156036232615
10354,13,sAMY,saline,M,4h,99.81164258340202
10355,14,sAMY,morphine,M,1h,278.43495344429226
10356,15,sAMY,morphine,F,4h,83.50578018116308
10357,16,sAMY,saline,F,4h,133.41160147286408
10358,17,sAMY,morphine,M,1h,359.4701484129949
10359,18,sAMY,saline,M,1h,5.435287467412981
10360,19,sAMY,morphine,F,1h,363.67014327417763
10361,20,sAMY,morphine,F,1h,225.07031285514662
10362,21,sAMY,morphine,F,1h,77.576375671258
10363,22,sAMY,morphine,M,4h,313.0231464187385
10364,23,sAMY,morphine,M,4h,448.90533310406306
10365,24,sAMY,saline,F,1h,405.91715040725126
10366,25,sAMY,saline,F,4h,61.023454747773016
10367,26,sAMY,saline,F,4h,27.670554379556997
10368,0,AAA,morphine,M,1h,0.0
10369,1,AAA,morphine,M,4h,0.0
10370,2,AAA,saline,M,1h,0.0
10371,3,AAA,saline,M,4h,0.0
10372,4,AAA,morphine,F,4h,321.6214576127192
10373,5,AAA,saline,F,4h,86.97938790784231
10374,6,AAA,morphine,M,1h,576.4912919473269
10375,7,AAA,morphine,M,4h,89.00216437081538
10376,8,AAA,saline,M,4h,119.34381131541154
10377,9,AAA,morphine,F,4h,2.022776462973077
10378,10,AAA,saline,F,1h,283.18870481623077
10379,11,AAA,saline,M,1h,12.136658777838461
10380,12,AAA,morphine,M,1h,123.3893642413577
10381,13,AAA,saline,M,4h,44.50108218540769
10382,14,AAA,morphine,M,1h,135.52602301919615
10383,15,AAA,morphine,F,4h,28.318870481623076
10384,16,AAA,saline,F,4h,111.25270546351923
10385,17,AAA,morphine,M,1h,479.39802172461924
10386,18,AAA,saline,M,1h,0.0
10387,19,AAA,morphine,F,1h,119.34381131541154
10388,20,AAA,morphine,F,1h,157.7765641119
10389,21,AAA,morphine,F,1h,10.113882314865386
10390,22,AAA,morphine,M,4h,424.7830572243462
10391,23,AAA,morphine,M,4h,517.8307745211077
10392,24,AAA,saline,F,1h,234.64206970487692
10393,25,AAA,saline,F,4h,26.29609401865
10394,26,AAA,saline,F,4h,12.136658777838461
10395,0,BA,morphine,M,1h,0.0
10396,1,BA,morphine,M,4h,40.06731308598446
10397,2,BA,saline,M,1h,0.0
10398,3,BA,saline,M,4h,0.0
10399,4,BA,morphine,F,4h,0.0
10400,5,BA,saline,F,4h,0.0
10401,6,BA,morphine,M,1h,0.0
10402,7,BA,morphine,M,4h,0.0
10403,8,BA,saline,M,4h,0.0
10404,9,BA,morphine,F,4h,0.0
10405,10,BA,saline,F,1h,80.13462617196892
10406,11,BA,saline,M,1h,0.0
10407,12,BA,morphine,M,1h,0.0
10408,13,BA,saline,M,4h,80.13462617196892
10409,14,BA,morphine,M,1h,80.13462617196892
10410,15,BA,morphine,F,4h,0.0
10411,16,BA,saline,F,4h,40.06731308598446
10412,17,BA,morphine,M,1h,0.0
10413,18,BA,saline,M,1h,0.0
10414,19,BA,morphine,F,1h,0.0
10415,20,BA,morphine,F,1h,0.0
10416,21,BA,morphine,F,1h,0.0
10417,22,BA,morphine,M,4h,641.0770093757513
10418,23,BA,morphine,M,4h,0.0
10419,24,BA,saline,F,1h,1762.9617757833162
10420,25,BA,saline,F,4h,0.0
10421,26,BA,saline,F,4h,0.0
10422,0,CEA,morphine,M,1h,1.5186028853454823
10423,1,CEA,morphine,M,4h,0.0
10424,2,CEA,saline,M,1h,0.0
10425,3,CEA,saline,M,4h,0.0
10426,4,CEA,morphine,F,4h,84.28246013667426
10427,5,CEA,saline,F,4h,35.687167805618834
10428,6,CEA,morphine,M,1h,82.76385725132879
10429,7,CEA,morphine,M,4h,65.29992406985573
10430,8,CEA,saline,M,4h,48.59529233105543
10431,9,CEA,morphine,F,4h,1.5186028853454823
10432,10,CEA,saline,F,1h,123.7661351556568
10433,11,CEA,saline,M,1h,11.389521640091116
10434,12,CEA,morphine,M,1h,34.16856492027335
10435,13,CEA,saline,M,4h,46.31738800303721
10436,14,CEA,morphine,M,1h,129.081245254366
10437,15,CEA,morphine,F,4h,32.64996203492787
10438,16,CEA,saline,F,4h,78.20804859529234
10439,17,CEA,morphine,M,1h,334.0926347760061
10440,18,CEA,saline,M,1h,9.111617312072893
10441,19,CEA,morphine,F,1h,3.7965072133637054
10442,20,CEA,morphine,F,1h,11.389521640091116
10443,21,CEA,morphine,F,1h,3.0372057706909645
10444,22,CEA,morphine,M,4h,12.908124525436598
10445,23,CEA,morphine,M,4h,70.61503416856492
10446,24,CEA,saline,F,1h,1.5186028853454823
10447,25,CEA,saline,F,4h,13.66742596810934
10448,26,CEA,saline,F,4h,6.83371298405467
10449,0,CEAc,morphine,M,1h,0.0
10450,1,CEAc,morphine,M,4h,0.0
10451,2,CEAc,saline,M,1h,0.0
10452,3,CEAc,saline,M,4h,0.0
10453,4,CEAc,morphine,F,4h,80.82244924350188
10454,5,CEAc,saline,F,4h,29.09608172766068
10455,6,CEAc,morphine,M,1h,74.35665330402173
10456,7,CEAc,morphine,M,4h,64.65795939480151
10457,8,CEAc,saline,M,4h,51.726367515841204
10458,9,CEAc,morphine,F,4h,0.0
10459,10,CEAc,saline,F,1h,139.01461269882324
10460,11,CEAc,saline,M,1h,0.0
10461,12,CEAc,morphine,M,1h,29.09608172766068
10462,13,CEAc,saline,M,4h,48.493469546101124
10463,14,CEAc,morphine,M,1h,151.94620457778353
10464,15,CEAc,morphine,F,4h,58.19216345532136
10465,16,CEAc,saline,F,4h,48.493469546101124
10466,17,CEAc,morphine,M,1h,378.2490624595888
10467,18,CEAc,saline,M,1h,22.630285788180526
10468,19,CEAc,morphine,F,1h,6.4657959394801505
10469,20,CEAc,morphine,F,1h,25.863183757920602
10470,21,CEAc,morphine,F,1h,0.0
10471,22,CEAc,morphine,M,4h,3.2328979697400753
10472,23,CEAc,morphine,M,4h,145.48040863830337
10473,24,CEAc,saline,F,1h,0.0
10474,25,CEAc,saline,F,4h,3.2328979697400753
10475,26,CEAc,saline,F,4h,6.4657959394801505
10476,0,CEAl,morphine,M,1h,0.0
10477,1,CEAl,morphine,M,4h,0.0
10478,2,CEAl,saline,M,1h,0.0
10479,3,CEAl,saline,M,4h,0.0
10480,4,CEAl,morphine,F,4h,42.36080624167225
10481,5,CEAl,saline,F,4h,0.0
10482,6,CEAl,morphine,M,1h,19.25491192803284
10483,7,CEAl,morphine,M,4h,15.403929542426273
10484,8,CEAl,saline,M,4h,3.850982385606568
10485,9,CEAl,morphine,F,4h,0.0
10486,10,CEAl,saline,F,1h,42.36080624167225
10487,11,CEAl,saline,M,1h,0.0
10488,12,CEAl,morphine,M,1h,19.25491192803284
10489,13,CEAl,saline,M,4h,15.403929542426273
10490,14,CEAl,morphine,M,1h,192.5491192803284
10491,15,CEAl,morphine,F,4h,34.65884147045911
10492,16,CEAl,saline,F,4h,80.87063009773793
10493,17,CEAl,morphine,M,1h,96.2745596401642
10494,18,CEAl,saline,M,1h,11.552947156819704
10495,19,CEAl,morphine,F,1h,3.850982385606568
10496,20,CEAl,morphine,F,1h,0.0
10497,21,CEAl,morphine,F,1h,0.0
10498,22,CEAl,morphine,M,4h,0.0
10499,23,CEAl,morphine,M,4h,26.956876699245974
10500,24,CEAl,saline,F,1h,0.0
10501,25,CEAl,saline,F,4h,3.850982385606568
10502,26,CEAl,saline,F,4h,7.701964771213136
10503,0,CEAm,morphine,M,1h,2.6737753440480425
10504,1,CEAm,morphine,M,4h,0.0
10505,2,CEAm,saline,M,1h,0.0
10506,3,CEAm,saline,M,4h,0.0
10507,4,CEAm,morphine,F,4h,100.2665754018016
10508,5,CEAm,saline,F,4h,50.80173153691281
10509,6,CEAm,morphine,M,1h,108.28790143394572
10510,7,CEAm,morphine,M,4h,82.88703566548932
10511,8,CEAm,saline,M,4h,62.833720585129
10512,9,CEAm,morphine,F,4h,2.6737753440480425
10513,10,CEAm,saline,F,1h,145.7207562506183
10514,11,CEAm,saline,M,1h,20.05331508036032
10515,12,CEAm,morphine,M,1h,41.44351783274466
10516,13,CEAm,saline,M,4h,56.149282225008896
10517,14,CEAm,morphine,M,1h,97.59280005775355
10518,15,CEAm,morphine,F,4h,21.39020275238434
10519,16,CEAm,saline,F,4h,89.57147402560943
10520,17,CEAm,morphine,M,1h,398.39252626315835
10521,18,CEAm,saline,M,1h,2.6737753440480425
10522,19,CEAm,morphine,F,1h,2.6737753440480425
10523,20,CEAm,morphine,F,1h,9.358213704168149
10524,21,CEAm,morphine,F,1h,5.347550688096085
10525,22,CEAm,morphine,M,4h,21.39020275238434
10526,23,CEAm,morphine,M,4h,54.81239455298487
10527,24,CEAm,saline,F,1h,2.6737753440480425
10528,25,CEAm,saline,F,4h,21.39020275238434
10529,26,CEAm,saline,F,4h,6.684438360120106
10530,0,IA,morphine,M,1h,0.0
10531,1,IA,morphine,M,4h,0.0
10532,2,IA,saline,M,1h,0.0
10533,3,IA,saline,M,4h,0.0
10534,4,IA,morphine,F,4h,246.286546186937
10535,5,IA,saline,F,4h,372.1663364602603
10536,6,IA,morphine,M,1h,169.66406515100104
10537,7,IA,morphine,M,4h,197.02923694954958
10538,8,IA,saline,M,4h,328.38206158258265
10539,9,IA,morphine,F,4h,5.47303435970971
10540,10,IA,saline,F,1h,782.6439134384887
10541,11,IA,saline,M,1h,10.94606871941942
10542,12,IA,morphine,M,1h,558.2495046903905
10543,13,IA,saline,M,4h,164.19103079129133
10544,14,IA,morphine,M,1h,727.9135698413916
10545,15,IA,morphine,F,4h,585.614676488939
10546,16,IA,saline,F,4h,246.286546186937
10547,17,IA,morphine,M,1h,810.0090852370372
10548,18,IA,saline,M,1h,0.0
10549,19,IA,morphine,F,1h,71.14944667622623
10550,20,IA,morphine,F,1h,344.80116466171177
10551,21,IA,morphine,F,1h,10.94606871941942
10552,22,IA,morphine,M,4h,229.86744310780784
10553,23,IA,morphine,M,4h,87.56854975535536
10554,24,IA,saline,F,1h,175.13709951071073
10555,25,IA,saline,F,4h,197.02923694954958
10556,26,IA,saline,F,4h,16.419103079129133
10557,0,MEA,morphine,M,1h,0.0
10558,1,MEA,morphine,M,4h,16.26752085939834
10559,2,MEA,saline,M,1h,0.4929551775575254
10560,3,MEA,saline,M,4h,0.0
10561,4,MEA,morphine,F,4h,256.3366923299132
10562,5,MEA,saline,F,4h,244.50576806853257
10563,6,MEA,morphine,M,1h,346.05453464538283
10564,7,MEA,morphine,M,4h,40.42232455971708
10565,8,MEA,saline,M,4h,374.15297976616176
10566,9,MEA,morphine,F,4h,21.19707263497359
10567,10,MEA,saline,F,1h,677.3204139640399
10568,11,MEA,saline,M,1h,24.154803700318745
10569,12,MEA,morphine,M,1h,230.70302309692187
10570,13,MEA,saline,M,4h,142.46404631412483
10571,14,MEA,morphine,M,1h,372.1811590559317
10572,15,MEA,morphine,F,4h,85.77420089500941
10573,16,MEA,saline,F,4h,165.6329396593285
10574,17,MEA,morphine,M,1h,310.561761861241
10575,18,MEA,saline,M,1h,4.929551775575254
10576,19,MEA,morphine,F,1h,687.6724726927479
10577,20,MEA,morphine,F,1h,372.1811590559317
10578,21,MEA,morphine,F,1h,149.36541879993018
10579,22,MEA,morphine,M,4h,484.0819843614899
10580,23,MEA,morphine,M,4h,715.7709178135268
10581,24,MEA,saline,F,1h,714.2920522808543
10582,25,MEA,saline,F,4h,88.73193196035457
10583,26,MEA,saline,F,4h,46.337786690407384
10584,0,PAL,morphine,M,1h,27.443162221123547
10585,1,PAL,morphine,M,4h,5.659484816029369
10586,2,PAL,saline,M,1h,3.8441783656048547
10587,3,PAL,saline,M,4h,2.02887191518034
10588,4,PAL,morphine,F,4h,325.4737682878777
10589,5,PAL,saline,F,4h,63.4289430324801
10590,6,PAL,morphine,M,1h,280.9453688862881
10591,7,PAL,morphine,M,4h,76.8835673120971
10592,8,PAL,saline,M,4h,52.85745252706675
10593,9,PAL,morphine,F,4h,4.698440224628156
10594,10,PAL,saline,F,1h,405.02690390942263
10595,11,PAL,saline,M,1h,12.707145152971602
10596,12,PAL,morphine,M,1h,32.355167910507525
10597,13,PAL,saline,M,4h,11.318969632058739
10598,14,PAL,morphine,M,1h,169.67776174850317
10599,15,PAL,morphine,F,4h,77.95139463587621
10600,16,PAL,saline,F,4h,62.36111570870098
10601,17,PAL,morphine,M,1h,68.23416598948617
10602,18,PAL,saline,M,1h,9.183314984500486
10603,19,PAL,morphine,F,1h,133.37163274001287
10604,20,PAL,morphine,F,1h,88.95001607080123
10605,21,PAL,morphine,F,1h,26.161769432588596
10606,22,PAL,morphine,M,4h,331.88073223055244
10607,23,PAL,morphine,M,4h,177.90003214160245
10608,24,PAL,saline,F,1h,164.33862512960755
10609,25,PAL,saline,F,4h,87.8821887470221
10610,26,PAL,saline,F,4h,20.181936419425487
10611,0,PALd,morphine,M,1h,14.081716199103397
10612,1,PALd,morphine,M,4h,0.0
10613,2,PALd,saline,M,1h,0.0
10614,3,PALd,saline,M,4h,0.0
10615,4,PALd,morphine,F,4h,39.73055641889887
10616,5,PALd,saline,F,4h,4.526265921140378
10617,6,PALd,morphine,M,1h,110.13913741441586
10618,7,PALd,morphine,M,4h,30.17510614093585
10619,8,PALd,saline,M,4h,9.55545027796302
10620,9,PALd,morphine,F,4h,2.0116737427290565
10621,10,PALd,saline,F,1h,19.11090055592604
10622,11,PALd,saline,M,1h,6.03502122818717
10623,12,PALd,morphine,M,1h,5.0291843568226415
10624,13,PALd,saline,M,4h,4.526265921140378
10625,14,PALd,morphine,M,1h,27.157595526842265
10626,15,PALd,morphine,F,4h,12.07004245637434
10627,16,PALd,saline,F,4h,4.526265921140378
10628,17,PALd,morphine,M,1h,0.5029184356822641
10629,18,PALd,saline,M,1h,32.186779883664904
10630,19,PALd,morphine,F,1h,5.532102792504906
10631,20,PALd,morphine,F,1h,0.0
10632,21,PALd,morphine,F,1h,4.023347485458113
10633,22,PALd,morphine,M,4h,0.0
10634,23,PALd,morphine,M,4h,2.5145921784113208
10635,24,PALd,saline,F,1h,0.0
10636,25,PALd,saline,F,4h,159.92806254696
10637,26,PALd,saline,F,4h,5.532102792504906
10638,0,GPe,morphine,M,1h,17.2544248013824
10639,1,GPe,morphine,M,4h,0.0
10640,2,GPe,saline,M,1h,0.0
10641,3,GPe,saline,M,4h,0.0
10642,4,GPe,morphine,F,4h,31.313585750656948
10643,5,GPe,saline,F,4h,1.917158311264711
10644,6,GPe,morphine,M,1h,45.3727466999315
10645,7,GPe,morphine,M,4h,12.142002638009837
10646,8,GPe,saline,M,4h,1.2781055408431408
10647,9,GPe,morphine,F,4h,0.0
10648,10,GPe,saline,F,1h,7.668633245058844
10649,11,GPe,saline,M,1h,0.0
10650,12,GPe,morphine,M,1h,0.0
10651,13,GPe,saline,M,4h,5.751474933794133
10652,14,GPe,morphine,M,1h,25.562110816862813
10653,15,GPe,morphine,F,4h,2.5562110816862815
10654,16,GPe,saline,F,4h,1.917158311264711
10655,17,GPe,morphine,M,1h,0.6390527704215704
10656,18,GPe,saline,M,1h,40.26032453655893
10657,19,GPe,morphine,F,1h,3.834316622529422
10658,20,GPe,morphine,F,1h,0.0
10659,21,GPe,morphine,F,1h,1.2781055408431408
10660,22,GPe,morphine,M,4h,0.0
10661,23,GPe,morphine,M,4h,2.5562110816862815
10662,24,GPe,saline,F,1h,0.0
10663,25,GPe,saline,F,4h,145.06497888569646
10664,26,GPe,saline,F,4h,4.473369392950993
10665,0,GPi,morphine,M,1h,2.3608402702689943
10666,1,GPi,morphine,M,4h,0.0
10667,2,GPi,saline,M,1h,0.0
10668,3,GPi,saline,M,4h,0.0
10669,4,GPi,morphine,F,4h,70.82520810806983
10670,5,GPi,saline,F,4h,14.165041621613966
10671,6,GPi,morphine,M,1h,349.40435999981116
10672,7,GPi,morphine,M,4h,96.79445108102877
10673,8,GPi,saline,M,4h,40.134284594572904
10674,9,GPi,morphine,F,4h,9.443361081075977
10675,10,GPi,saline,F,1h,61.38184702699385
10676,11,GPi,saline,M,1h,28.330083243227932
10677,12,GPi,morphine,M,1h,23.608402702689943
10678,13,GPi,saline,M,4h,0.0
10679,14,GPi,morphine,M,1h,33.05176378376592
10680,15,GPi,morphine,F,4h,47.21680540537989
10681,16,GPi,saline,F,4h,14.165041621613966
10682,17,GPi,morphine,M,1h,0.0
10683,18,GPi,saline,M,1h,2.3608402702689943
10684,19,GPi,morphine,F,1h,11.804201351344972
10685,20,GPi,morphine,F,1h,0.0
10686,21,GPi,morphine,F,1h,14.165041621613966
10687,22,GPi,morphine,M,4h,0.0
10688,23,GPi,morphine,M,4h,2.3608402702689943
10689,24,GPi,saline,F,1h,0.0
10690,25,GPi,saline,F,4h,214.83646459447849
10691,26,GPi,saline,F,4h,9.443361081075977
10692,0,PALv,morphine,M,1h,34.20428449944389
10693,1,PALv,morphine,M,4h,1.4743226077346503
10694,2,PALv,saline,M,1h,3.2435097370162307
10695,3,PALv,saline,M,4h,1.7691871292815804
10696,4,PALv,morphine,F,4h,375.95226497233585
10697,5,PALv,saline,F,4h,79.90828533921805
10698,6,PALv,morphine,M,1h,422.5408593767508
10699,7,PALv,morphine,M,4h,92.58745976573604
10700,8,PALv,saline,M,4h,63.10100761104304
10701,9,PALv,morphine,F,4h,4.128103301657021
10702,10,PALv,saline,F,1h,331.4277222187494
10703,11,PALv,saline,M,1h,22.999432680660547
10704,12,PALv,morphine,M,1h,60.74209143866759
10705,13,PALv,saline,M,4h,14.743226077346504
10706,14,PALv,morphine,M,1h,192.54653257014533
10707,15,PALv,morphine,F,4h,132.0993056530247
10708,16,PALv,saline,F,4h,103.20258254142553
10709,17,PALv,morphine,M,1h,104.08717610606632
10710,18,PALv,saline,M,1h,4.422967823203951
10711,19,PALv,morphine,F,1h,224.09703637566687
10712,20,PALv,morphine,F,1h,155.983331898326
10713,21,PALv,morphine,F,1h,39.80671040883556
10714,22,PALv,morphine,M,4h,666.098954174515
10715,23,PALv,morphine,M,4h,283.3648052065998
10716,24,PALv,saline,F,1h,195.20031326406772
10717,25,PALv,saline,F,4h,63.6907366541369
10718,26,PALv,saline,F,4h,23.589161723754405
10719,0,SI,morphine,M,1h,37.99000499485979
10720,1,SI,morphine,M,4h,1.6517393476025994
10721,2,SI,saline,M,1h,3.633826564725719
10722,3,SI,saline,M,4h,1.9820872171231194
10723,4,SI,morphine,F,4h,383.86422438284416
10724,5,SI,saline,F,4h,80.27453229348633
10725,6,SI,morphine,M,1h,409.6313582054447
10726,7,SI,morphine,M,4h,95.80088216095078
10727,8,SI,saline,M,4h,64.41783455650138
10728,9,SI,morphine,F,4h,3.303478695205199
10729,10,SI,saline,F,1h,349.50804595271006
10730,11,SI,saline,M,1h,25.106438083559514
10731,12,SI,morphine,M,1h,65.40887816506294
10732,13,SI,saline,M,4h,15.526349867464436
10733,14,SI,morphine,M,1h,206.13707058080442
10734,15,SI,morphine,F,4h,140.7281924157415
10735,16,SI,saline,F,4h,95.80088216095078
10736,17,SI,morphine,M,1h,88.53322903149933
10737,18,SI,saline,M,1h,2.312435086643639
10738,19,SI,morphine,F,1h,239.83255327189747
10739,20,SI,morphine,F,1h,165.50428262978048
10740,21,SI,morphine,F,1h,43.60591877670863
10741,22,SI,morphine,M,4h,665.6509570838476
10742,23,SI,morphine,M,4h,265.599687094498
10743,24,SI,saline,F,1h,203.16393975511974
10744,25,SI,saline,F,4h,67.39096538218607
10745,26,SI,saline,F,4h,26.09748169212107
10746,0,MA,morphine,M,1h,2.7451712437821874
10747,1,MA,morphine,M,4h,0.0
10748,2,MA,saline,M,1h,0.0
10749,3,MA,saline,M,4h,0.0
10750,4,MA,morphine,F,4h,310.20435054738715
10751,5,MA,saline,F,4h,76.86479482590124
10752,6,MA,morphine,M,1h,529.8180500499622
10753,7,MA,morphine,M,4h,65.88410985077249
10754,8,MA,saline,M,4h,52.158253631861555
10755,9,MA,morphine,F,4h,10.98068497512875
10756,10,MA,saline,F,1h,181.18130208962435
10757,11,MA,saline,M,1h,5.490342487564375
10758,12,MA,morphine,M,1h,21.9613699502575
10759,13,MA,saline,M,4h,8.235513731346561
10760,14,MA,morphine,M,1h,79.60996606968342
10761,15,MA,morphine,F,4h,60.39376736320812
10762,16,MA,saline,F,4h,164.71027462693124
10763,17,MA,morphine,M,1h,233.3395557214859
10764,18,MA,saline,M,1h,21.9613699502575
10765,19,MA,morphine,F,1h,93.33582228859437
10766,20,MA,morphine,F,1h,76.86479482590124
10767,21,MA,morphine,F,1h,8.235513731346561
10768,22,MA,morphine,M,4h,669.8217834828537
10769,23,MA,morphine,M,4h,430.9918852738034
10770,24,MA,saline,F,1h,129.0230484577628
10771,25,MA,saline,F,4h,32.942054925386245
10772,26,MA,saline,F,4h,2.7451712437821874
10773,0,PALm,morphine,M,1h,25.14974022965684
10774,1,PALm,morphine,M,4h,12.57487011482842
10775,2,PALm,saline,M,1h,16.545881730037394
10776,3,PALm,saline,M,4h,7.280187961216453
10777,4,PALm,morphine,F,4h,544.0285912836295
10778,5,PALm,saline,F,4h,56.25599788212714
10779,6,PALm,morphine,M,1h,115.82117211026176
10780,7,PALm,morphine,M,4h,37.72461034448526
10781,8,PALm,saline,M,4h,30.444422383268805
10782,9,PALm,morphine,F,4h,2.647341076805983
10783,10,PALm,saline,F,1h,467.255700056256
10784,11,PALm,saline,M,1h,1.3236705384029914
10785,12,PALm,morphine,M,1h,9.26569376882094
10786,13,PALm,saline,M,4h,19.193222806843377
10787,14,PALm,morphine,M,1h,303.78238856348656
10788,15,PALm,morphine,F,4h,43.68112776729872
10789,16,PALm,saline,F,4h,65.52169165094809
10790,17,PALm,morphine,M,1h,123.7631953406797
10791,18,PALm,saline,M,1h,0.6618352692014957
10792,19,PALm,morphine,F,1h,78.75839703497799
10793,20,PALm,morphine,F,1h,66.18352692014957
10794,21,PALm,morphine,F,1h,19.193222806843377
10795,22,PALm,morphine,M,4h,409.01419636652435
10796,23,PALm,morphine,M,4h,341.5069989079718
10797,24,PALm,saline,F,1h,422.91273701975575
10798,25,PALm,saline,F,4h,58.90333895893312
10799,26,PALm,saline,F,4h,29.12075184486581
10800,0,MSC,morphine,M,1h,26.837503246472167
10801,1,MSC,morphine,M,4h,15.583066401177387
10802,2,MSC,saline,M,1h,20.777421868236516
10803,3,MSC,saline,M,4h,8.657259111765216
10804,4,MSC,morphine,F,4h,271.83793610942774
10805,5,MSC,saline,F,4h,42.42056964764955
10806,6,MSC,morphine,M,1h,138.51614578824345
10807,7,MSC,morphine,M,4h,42.42056964764955
10808,8,MSC,saline,M,4h,36.360488269413906
10809,9,MSC,morphine,F,4h,3.462903644706086
10810,10,MSC,saline,F,1h,152.36776036706777
10811,11,MSC,saline,M,1h,0.8657259111765215
10812,12,MSC,morphine,M,1h,10.388710934118258
10813,13,MSC,saline,M,4h,6.925807289412172
10814,14,MSC,morphine,M,1h,257.9863215306034
10815,15,MSC,morphine,F,4h,51.07782875941477
10816,16,MSC,saline,F,4h,58.86936196000346
10817,17,MSC,morphine,M,1h,159.29356765647995
10818,18,MSC,saline,M,1h,0.0
10819,19,MSC,morphine,F,1h,82.24396156176954
10820,20,MSC,morphine,F,1h,65.79516924941564
10821,21,MSC,morphine,F,1h,12.985888667647822
10822,22,MSC,morphine,M,4h,528.0928058176781
10823,23,MSC,morphine,M,4h,446.71457016708507
10824,24,MSC,saline,F,1h,553.1988572417972
10825,25,MSC,saline,F,4h,41.55484373647303
10826,26,MSC,saline,F,4h,38.09194009176694
10827,0,MS,morphine,M,1h,0.0
10828,1,MS,morphine,M,4h,0.0
10829,2,MS,saline,M,1h,0.0
10830,3,MS,saline,M,4h,2.4086634808077694
10831,4,MS,morphine,F,4h,313.12625250501003
10832,5,MS,saline,F,4h,45.76460613534762
10833,6,MS,morphine,M,1h,127.65916448281179
10834,7,MS,morphine,M,4h,67.44257746261755
10835,8,MS,saline,M,4h,50.58193309696316
10836,9,MS,morphine,F,4h,0.0
10837,10,MS,saline,F,1h,390.20348389085865
10838,11,MS,saline,M,1h,0.0
10839,12,MS,morphine,M,1h,9.634653923231077
10840,13,MS,saline,M,4h,2.4086634808077694
10841,14,MS,morphine,M,1h,236.0490211191614
10842,15,MS,morphine,F,4h,65.03391398180977
10843,16,MS,saline,F,4h,7.225990442423308
10844,17,MS,morphine,M,1h,89.12054878988747
10845,18,MS,saline,M,1h,0.0
10846,19,MS,morphine,F,1h,91.52921227069524
10847,20,MS,morphine,F,1h,38.53861569292431
10848,21,MS,morphine,F,1h,4.817326961615539
10849,22,MS,morphine,M,4h,137.29381840604287
10850,23,MS,morphine,M,4h,101.16386619392632
10851,24,MS,saline,F,1h,108.38985663634962
10852,25,MS,saline,F,4h,67.44257746261755
10853,26,MS,saline,F,4h,26.495298288885465
10854,0,NDB,morphine,M,1h,41.895741770865435
10855,1,NDB,morphine,M,4h,24.326559737921865
10856,2,NDB,saline,M,1h,32.43541298389582
10857,3,NDB,saline,M,4h,12.163279868960933
10858,4,NDB,morphine,F,4h,248.6714995432013
10859,5,NDB,saline,F,4h,40.54426622986978
10860,6,NDB,morphine,M,1h,144.60788288653552
10861,7,NDB,morphine,M,4h,28.380986360908842
10862,8,NDB,saline,M,4h,28.380986360908842
10863,9,NDB,morphine,F,4h,5.405902163982637
10864,10,NDB,saline,F,1h,18.920657573939227
10865,11,NDB,saline,M,1h,1.3514755409956591
10866,12,NDB,morphine,M,1h,10.811804327965273
10867,13,NDB,saline,M,4h,9.460328786969614
10868,14,NDB,morphine,M,1h,270.29510819913185
10869,15,NDB,morphine,F,4h,43.24721731186109
10870,16,NDB,saline,F,4h,87.84591016471785
10871,17,NDB,morphine,M,1h,198.6669045263619
10872,18,NDB,saline,M,1h,0.0
10873,19,NDB,morphine,F,1h,77.03410583675257
10874,20,NDB,morphine,F,1h,81.08853245973955
10875,21,NDB,morphine,F,1h,17.56918203294357
10876,22,NDB,morphine,M,4h,747.3659741705995
10877,23,NDB,morphine,M,4h,640.5994064319425
10878,24,NDB,saline,F,1h,802.7764713514216
10879,25,NDB,saline,F,4h,27.029510819913185
10880,26,NDB,saline,F,4h,44.59869285285675
10881,0,TRS,morphine,M,1h,19.671209779401433
10882,1,TRS,morphine,M,4h,2.810172825628776
10883,2,TRS,saline,M,1h,2.810172825628776
10884,3,TRS,saline,M,4h,2.810172825628776
10885,4,TRS,morphine,F,4h,1427.5677954194182
10886,5,TRS,saline,F,4h,101.16622172263594
10887,6,TRS,morphine,M,1h,42.15259238443164
10888,7,TRS,morphine,M,4h,22.48138260503021
10889,8,TRS,saline,M,4h,11.240691302515105
10890,9,TRS,morphine,F,4h,0.0
10891,10,TRS,saline,F,1h,1489.3915975832513
10892,11,TRS,saline,M,1h,2.810172825628776
10893,12,TRS,morphine,M,1h,5.620345651257552
10894,13,TRS,saline,M,4h,59.0136293382043
10895,14,TRS,morphine,M,1h,452.43782492623296
10896,15,TRS,morphine,F,4h,19.671209779401433
10897,16,TRS,saline,F,4h,87.11535759449207
10898,17,TRS,morphine,M,1h,8.430518476886329
10899,18,TRS,saline,M,1h,2.810172825628776
10900,19,TRS,morphine,F,1h,67.44414781509063
10901,20,TRS,morphine,F,1h,67.44414781509063
10902,21,TRS,morphine,F,1h,39.34241955880287
10903,22,TRS,morphine,M,4h,22.48138260503021
10904,23,TRS,morphine,M,4h,0.0
10905,24,TRS,saline,F,1h,0.0
10906,25,TRS,saline,F,4h,115.21708585077982
10907,26,TRS,saline,F,4h,0.0
10908,0,PALc,morphine,M,1h,45.236855727060096
10909,1,PALc,morphine,M,4h,0.0
10910,2,PALc,saline,M,1h,0.0
10911,3,PALc,saline,M,4h,0.0
10912,4,PALc,morphine,F,4h,482.7736570215758
10913,5,PALc,saline,F,4h,132.00262818715896
10914,6,PALc,morphine,M,1h,295.8935317229013
10915,7,PALc,morphine,M,4h,132.00262818715896
10916,8,PALc,saline,M,4h,103.82229183259695
10917,9,PALc,morphine,F,4h,5.932702390434111
10918,10,PALc,saline,F,1h,1292.587533315832
10919,11,PALc,saline,M,1h,4.4495267928255835
10920,12,PALc,morphine,M,1h,38.56256553782172
10921,13,PALc,saline,M,4h,5.932702390434111
10922,14,PALc,morphine,M,1h,221.7347518424749
10923,15,PALc,morphine,F,4h,102.33911623498841
10924,16,PALc,saline,F,4h,54.13590931271126
10925,17,PALc,morphine,M,1h,36.33780214140893
10926,18,PALc,saline,M,1h,0.7415877988042638
10927,19,PALc,morphine,F,1h,195.0375910855214
10928,20,PALc,morphine,F,1h,130.51945258955044
10929,21,PALc,morphine,F,1h,34.8546265438004
10930,22,PALc,morphine,M,4h,5.932702390434111
10931,23,PALc,morphine,M,4h,3.7079389940213194
10932,24,PALc,saline,F,1h,0.7415877988042638
10933,25,PALc,saline,F,4h,71.19242868520934
10934,26,PALc,saline,F,4h,10.382229183259694
10935,0,BST,morphine,M,1h,45.498552250984936
10936,1,BST,morphine,M,4h,0.0
10937,2,BST,saline,M,1h,0.0
10938,3,BST,saline,M,4h,0.0
10939,4,BST,morphine,F,4h,474.37834805944954
10940,5,BST,saline,F,4h,130.528633506924
10941,6,BST,morphine,M,1h,297.6052843957867
10942,7,BST,morphine,M,4h,129.78275560117015
10943,8,BST,saline,M,4h,104.4229068055392
10944,9,BST,morphine,F,4h,5.967023246030811
10945,10,BST,saline,F,1h,1294.0981664829321
10946,11,BST,saline,M,1h,4.475267434523109
10947,12,BST,morphine,M,1h,38.78565109920027
10948,13,BST,saline,M,4h,5.967023246030811
10949,14,BST,morphine,M,1h,217.7963484801246
10950,15,BST,morphine,F,4h,102.9311509940315
10951,16,BST,saline,F,4h,54.44908712003115
10952,17,BST,morphine,M,1h,36.54801738193872
10953,18,BST,saline,M,1h,0.7458779057538514
10954,19,BST,morphine,F,1h,195.42001130750907
10955,20,BST,morphine,F,1h,129.0368776954163
10956,21,BST,morphine,F,1h,35.05626157043102
10957,22,BST,morphine,M,4h,5.967023246030811
10958,23,BST,morphine,M,4h,3.729389528769257
10959,24,BST,saline,F,1h,0.7458779057538514
10960,25,BST,saline,F,4h,70.85840104661588
10961,26,BST,saline,F,4h,10.44229068055392
10962,0,BAC,morphine,M,1h,0.0
10963,1,BAC,morphine,M,4h,0.0
10964,2,BAC,saline,M,1h,0.0
10965,3,BAC,saline,M,4h,0.0
10966,4,BAC,morphine,F,4h,1933.9865910263022
10967,5,BAC,saline,F,4h,386.79731820526047
10968,6,BAC,morphine,M,1h,0.0
10969,7,BAC,morphine,M,4h,515.7297576070139
10970,8,BAC,saline,M,4h,0.0
10971,9,BAC,morphine,F,4h,0.0
10972,10,BAC,saline,F,1h,1031.4595152140278
10973,11,BAC,saline,M,1h,0.0
10974,12,BAC,morphine,M,1h,0.0
10975,13,BAC,saline,M,4h,0.0
10976,14,BAC,morphine,M,1h,902.5270758122743
10977,15,BAC,morphine,F,4h,0.0
10978,16,BAC,saline,F,4h,0.0
10979,17,BAC,morphine,M,1h,0.0
10980,18,BAC,saline,M,1h,0.0
10981,19,BAC,morphine,F,1h,128.93243940175347
10982,20,BAC,morphine,F,1h,386.79731820526047
10983,21,BAC,morphine,F,1h,0.0
10984,22,BAC,morphine,M,4h,0.0
10985,23,BAC,morphine,M,4h,0.0
10986,24,BAC,saline,F,1h,0.0
10987,25,BAC,saline,F,4h,128.93243940175347
10988,26,BAC,saline,F,4h,0.0
10989,0,BS,morphine,M,1h,126.22216258325363
10990,1,BS,morphine,M,4h,54.107128043188155
10991,2,BS,saline,M,1h,131.2266757366239
10992,3,BS,saline,M,4h,119.7746814706616
10993,4,BS,morphine,F,4h,182.73979779531513
10994,5,BS,saline,F,4h,64.57490138898761
10995,6,BS,morphine,M,1h,219.83158111704438
10996,7,BS,morphine,M,4h,72.45700960554578
10997,8,BS,saline,M,4h,58.50275876289837
10998,9,BS,morphine,F,4h,25.33951826656476
10999,10,BS,saline,F,1h,183.4154070710201
11000,11,BS,saline,M,1h,8.64112604481932
11001,12,BS,morphine,M,1h,48.777321534848824
11002,13,BS,saline,M,4h,34.87311582373511
11003,14,BS,morphine,M,1h,332.1578788444399
11004,15,BS,morphine,F,4h,122.61891311282704
11005,16,BS,saline,F,4h,51.855097124171536
11006,17,BS,morphine,M,1h,51.46307692715753
11007,18,BS,saline,M,1h,22.712148861045375
11008,19,BS,morphine,F,1h,184.0910163467251
11009,20,BS,morphine,F,1h,82.82469268827784
11010,21,BS,morphine,F,1h,58.06069343435066
11011,22,BS,morphine,M,4h,343.5014419920792
11012,23,BS,morphine,M,4h,163.29726419447167
11013,24,BS,saline,F,1h,119.30759357634705
11014,25,BS,saline,F,4h,89.31387807714795
11015,26,BS,saline,F,4h,18.758583469882865
11016,0,IB,morphine,M,1h,130.22538518949514
11017,1,IB,morphine,M,4h,9.33000054063266
11018,2,IB,saline,M,1h,19.364683901554795
11019,3,IB,saline,M,4h,37.12269097284959
11020,4,IB,morphine,F,4h,353.3561534059548
11021,5,IB,saline,F,4h,104.4621812797119
11022,6,IB,morphine,M,1h,320.51793398046516
11023,7,IB,morphine,M,4h,130.16901056387198
11024,8,IB,saline,M,4h,122.67118535599195
11025,9,IB,morphine,F,4h,7.131390141329495
11026,10,IB,saline,F,1h,367.4216224989327
11027,11,IB,saline,M,1h,12.82522732926846
11028,12,IB,morphine,M,1h,41.604473709890655
11029,13,IB,saline,M,4h,24.973959151059024
11030,14,IB,morphine,M,1h,339.6289320667158
11031,15,IB,morphine,F,4h,178.14381696917948
11032,16,IB,saline,F,4h,35.23414101447379
11033,17,IB,morphine,M,1h,78.9244758724213
11034,18,IB,saline,M,1h,10.654804242776875
11035,19,IB,morphine,F,1h,244.8068117685639
11036,20,IB,morphine,F,1h,91.52420469919711
11037,21,IB,morphine,F,1h,89.18465773583605
11038,22,IB,morphine,M,4h,440.76501043466135
11039,23,IB,morphine,M,4h,223.07439359083648
11040,24,IB,saline,F,1h,273.78336933886715
11041,25,IB,saline,F,4h,159.90662558008785
11042,26,IB,saline,F,4h,32.92278136392431
11043,0,TH,morphine,M,1h,224.56501564112844
11044,1,TH,morphine,M,4h,6.0173362416467535
11045,2,TH,saline,M,1h,33.29263904189802
11046,3,TH,saline,M,4h,64.80967066822815
11047,4,TH,morphine,F,4h,149.34831262054402
11048,5,TH,saline,F,4h,40.00048927848785
11049,6,TH,morphine,M,1h,129.07679462614388
11050,7,TH,morphine,M,4h,90.90123519143415
11051,8,TH,saline,M,4h,54.40263831587188
11052,9,TH,morphine,F,4h,2.8113784079824997
11053,10,TH,saline,F,1h,186.29081134999828
11054,11,TH,saline,M,1h,2.3674765540905263
11055,12,TH,morphine,M,1h,11.640093057611754
11056,13,TH,saline,M,4h,19.630326427667278
11057,14,TH,morphine,M,1h,116.20364086327666
11058,15,TH,morphine,F,4h,53.564157036298155
11059,16,TH,saline,F,4h,22.688316976700875
11060,17,TH,morphine,M,1h,7.940910941845306
11061,18,TH,saline,M,1h,14.59943875022491
11062,19,TH,morphine,F,1h,42.269320976157935
11063,20,TH,morphine,F,1h,35.70943802419877
11064,21,TH,morphine,F,1h,16.572335878633684
11065,22,TH,morphine,M,4h,62.195581973086526
11066,23,TH,morphine,M,4h,8.532780080367937
11067,24,TH,saline,F,1h,30.6785503467564
11068,25,TH,saline,F,4h,140.6675652555454
11069,26,TH,saline,F,4h,20.271517994400128
11070,0,DORsm,morphine,M,1h,258.35515481401274
11071,1,DORsm,morphine,M,4h,0.2993686614299105
11072,2,DORsm,saline,M,1h,29.18844448941627
11073,3,DORsm,saline,M,4h,6.28674189002812
11074,4,DORsm,morphine,F,4h,85.02069984609457
11075,5,DORsm,saline,F,4h,13.022536772201105
11076,6,DORsm,morphine,M,1h,74.84216535747761
11077,7,DORsm,morphine,M,4h,46.40214252163612
11078,8,DORsm,saline,M,4h,9.879165827187045
11079,9,DORsm,morphine,F,4h,0.598737322859821
11080,10,DORsm,saline,F,1h,118.9990429183894
11081,11,DORsm,saline,M,1h,3.44273960644397
11082,12,DORsm,morphine,M,1h,11.376009134336597
11083,13,DORsm,saline,M,4h,12.57348378005624
11084,14,DORsm,morphine,M,1h,52.38951575023433
11085,15,DORsm,morphine,F,4h,60.62215393955687
11086,16,DORsm,saline,F,4h,25.296651890827434
11087,17,DORsm,morphine,M,1h,1.347158976434597
11088,18,DORsm,saline,M,1h,5.837688897883254
11089,19,DORsm,morphine,F,1h,23.799808583677883
11090,20,DORsm,morphine,F,1h,32.03244677300042
11091,21,DORsm,morphine,F,1h,14.220011417920746
11092,22,DORsm,morphine,M,4h,26.643810867262033
11093,23,DORsm,morphine,M,4h,17.513066693649762
11094,24,DORsm,saline,F,1h,6.88547921288794
11095,25,DORsm,saline,F,4h,232.31008126961052
11096,26,DORsm,saline,F,4h,30.53560346585087
11097,0,VENT,morphine,M,1h,272.2338733838815
11098,1,VENT,morphine,M,4h,0.20577012349499732
11099,2,VENT,saline,M,1h,28.39627704230963
11100,3,VENT,saline,M,4h,1.234620740969984
11101,4,VENT,morphine,F,4h,61.731037048499196
11102,5,VENT,saline,F,4h,8.025034816304895
11103,6,VENT,morphine,M,1h,50.00214000928435
11104,7,VENT,morphine,M,4h,24.486644695904683
11105,8,VENT,saline,M,4h,6.790414075334912
11106,9,VENT,morphine,F,4h,0.0
11107,10,VENT,saline,F,1h,21.400092843479722
11108,11,VENT,saline,M,1h,3.292321975919957
11109,12,VENT,morphine,M,1h,1.851931111454976
11110,13,VENT,saline,M,4h,3.292321975919957
11111,14,VENT,morphine,M,1h,13.78659827416482
11112,15,VENT,morphine,F,4h,43.21172593394944
11113,16,VENT,saline,F,4h,12.757747656689835
11114,17,VENT,morphine,M,1h,1.0288506174749867
11115,18,VENT,saline,M,1h,3.292321975919957
11116,19,VENT,morphine,F,1h,5.967333581354922
11117,20,VENT,morphine,F,1h,8.43657506329489
11118,21,VENT,morphine,F,1h,2.8807817289299624
11119,22,VENT,morphine,M,4h,16.461609879599788
11120,23,VENT,morphine,M,4h,2.6750116054349653
11121,24,VENT,saline,F,1h,1.234620740969984
11122,25,VENT,saline,F,4h,301.2474607966761
11123,26,VENT,saline,F,4h,36.21554173511953
11124,0,VAL,morphine,M,1h,343.92272631584103
11125,1,VAL,morphine,M,4h,0.0
11126,2,VAL,saline,M,1h,67.31583611164147
11127,3,VAL,saline,M,4h,1.223924292938936
11128,4,VAL,morphine,F,4h,47.733047424618505
11129,5,VAL,saline,F,4h,6.11962146469468
11130,6,VAL,morphine,M,1h,37.94165308110701
11131,7,VAL,morphine,M,4h,20.80671297996191
11132,8,VAL,saline,M,4h,1.223924292938936
11133,9,VAL,morphine,F,4h,0.0
11134,10,VAL,saline,F,1h,19.582788687022976
11135,11,VAL,saline,M,1h,2.447848585877872
11136,12,VAL,morphine,M,1h,0.0
11137,13,VAL,saline,M,4h,2.447848585877872
11138,14,VAL,morphine,M,1h,3.671772878816808
11139,15,VAL,morphine,F,4h,0.0
11140,16,VAL,saline,F,4h,0.0
11141,17,VAL,morphine,M,1h,1.223924292938936
11142,18,VAL,saline,M,1h,0.0
11143,19,VAL,morphine,F,1h,7.343545757633616
11144,20,VAL,morphine,F,1h,0.0
11145,21,VAL,morphine,F,1h,0.0
11146,22,VAL,morphine,M,4h,0.0
11147,23,VAL,morphine,M,4h,3.671772878816808
11148,24,VAL,saline,F,1h,0.0
11149,25,VAL,saline,F,4h,162.7819309608785
11150,26,VAL,saline,F,4h,30.5981073234734
11151,0,VM,morphine,M,1h,12.920870435971704
11152,1,VM,morphine,M,4h,0.0
11153,2,VM,saline,M,1h,0.0
11154,3,VM,saline,M,4h,0.0
11155,4,VM,morphine,F,4h,77.52522261583023
11156,5,VM,saline,F,4h,3.230217608992926
11157,6,VM,morphine,M,1h,88.29261464580665
11158,7,VM,morphine,M,4h,26.91848007494105
11159,8,VM,saline,M,4h,5.38369601498821
11160,9,VM,morphine,F,4h,0.0
11161,10,VM,saline,F,1h,19.381305653957558
11162,11,VM,saline,M,1h,7.537174420983494
11163,12,VM,morphine,M,1h,0.0
11164,13,VM,saline,M,4h,3.230217608992926
11165,14,VM,morphine,M,1h,20.458044856955198
11166,15,VM,morphine,F,4h,44.146307322903326
11167,16,VM,saline,F,4h,12.920870435971704
11168,17,VM,morphine,M,1h,0.0
11169,18,VM,saline,M,1h,0.0
11170,19,VM,morphine,F,1h,2.153478405995284
11171,20,VM,morphine,F,1h,0.0
11172,21,VM,morphine,F,1h,3.230217608992926
11173,22,VM,morphine,M,4h,4.306956811990568
11174,23,VM,morphine,M,4h,0.0
11175,24,VM,saline,F,1h,3.230217608992926
11176,25,VM,saline,F,4h,307.9474120573256
11177,26,VM,saline,F,4h,20.458044856955198
11178,0,VP,morphine,M,1h,352.8063629333168
11179,1,VP,morphine,M,4h,0.35280636293331674
11180,2,VP,saline,M,1h,28.577315397598657
11181,3,VP,saline,M,4h,1.7640318146665839
11182,4,VP,morphine,F,4h,41.27834446319806
11183,5,VP,saline,F,4h,7.0561272586663355
11184,6,VP,morphine,M,1h,21.87399450186564
11185,7,VP,morphine,M,4h,14.112254517332671
11186,8,VP,saline,M,4h,5.644901806933068
11187,9,VP,morphine,F,4h,0.0
11188,10,VP,saline,F,1h,9.525771799199553
11189,11,VP,saline,M,1h,1.0584190887999503
11190,12,VP,morphine,M,1h,1.7640318146665839
11191,13,VP,saline,M,4h,2.1168381775999006
11192,14,VP,morphine,M,1h,1.7640318146665839
11193,15,VP,morphine,F,4h,37.04466810799826
11194,16,VP,saline,F,4h,14.112254517332671
11195,17,VP,morphine,M,1h,0.7056127258666335
11196,18,VP,saline,M,1h,5.644901806933068
11197,19,VP,morphine,F,1h,0.35280636293331674
11198,20,VP,morphine,F,1h,4.233676355199801
11199,21,VP,morphine,F,1h,0.0
11200,22,VP,morphine,M,4h,26.813283582932076
11201,23,VP,morphine,M,4h,3.5280636293331677
11202,24,VP,saline,F,1h,1.0584190887999503
11203,25,VP,saline,F,4h,365.8601983618495
11204,26,VP,saline,F,4h,45.86482718133118
11205,0,VPL,morphine,M,1h,495.6182323558768
11206,1,VPL,morphine,M,4h,0.0
11207,2,VPL,saline,M,1h,17.129662408613253
11208,3,VPL,saline,M,4h,0.0
11209,4,VPL,morphine,F,4h,10.277797445167952
11210,5,VPL,saline,F,4h,2.2839549878151004
11211,6,VPL,morphine,M,1h,6.8518649634453
11212,7,VPL,morphine,M,4h,4.567909975630201
11213,8,VPL,saline,M,4h,4.567909975630201
11214,9,VPL,morphine,F,4h,0.0
11215,10,VPL,saline,F,1h,1.1419774939075502
11216,11,VPL,saline,M,1h,1.1419774939075502
11217,12,VPL,morphine,M,1h,0.0
11218,13,VPL,saline,M,4h,3.42593248172265
11219,14,VPL,morphine,M,1h,2.2839549878151004
11220,15,VPL,morphine,F,4h,0.0
11221,16,VPL,saline,F,4h,0.0
11222,17,VPL,morphine,M,1h,0.0
11223,18,VPL,saline,M,1h,15.987684914705701
11224,19,VPL,morphine,F,1h,0.0
11225,20,VPL,morphine,F,1h,0.0
11226,21,VPL,morphine,F,1h,0.0
11227,22,VPL,morphine,M,4h,57.0988746953775
11228,23,VPL,morphine,M,4h,2.2839549878151004
11229,24,VPL,saline,F,1h,1.1419774939075502
11230,25,VPL,saline,F,4h,524.1676697035655
11231,26,VPL,saline,F,4h,57.0988746953775
11232,0,VPLpc,morphine,M,1h,0.0
11233,1,VPLpc,morphine,M,4h,0.0
11234,2,VPLpc,saline,M,1h,0.0
11235,3,VPLpc,saline,M,4h,0.0
11236,4,VPLpc,morphine,F,4h,50.59499716668016
11237,5,VPLpc,saline,F,4h,10.118999433336032
11238,6,VPLpc,morphine,M,1h,101.18999433336032
11239,7,VPLpc,morphine,M,4h,30.356998300008097
11240,8,VPLpc,saline,M,4h,0.0
11241,9,VPLpc,morphine,F,4h,0.0
11242,10,VPLpc,saline,F,1h,20.237998866672065
11243,11,VPLpc,saline,M,1h,0.0
11244,12,VPLpc,morphine,M,1h,0.0
11245,13,VPLpc,saline,M,4h,0.0
11246,14,VPLpc,morphine,M,1h,0.0
11247,15,VPLpc,morphine,F,4h,91.07099490002429
11248,16,VPLpc,saline,F,4h,10.118999433336032
11249,17,VPLpc,morphine,M,1h,0.0
11250,18,VPLpc,saline,M,1h,0.0
11251,19,VPLpc,morphine,F,1h,0.0
11252,20,VPLpc,morphine,F,1h,0.0
11253,21,VPLpc,morphine,F,1h,0.0
11254,22,VPLpc,morphine,M,4h,20.237998866672065
11255,23,VPLpc,morphine,M,4h,0.0
11256,24,VPLpc,saline,F,1h,0.0
11257,25,VPLpc,saline,F,4h,344.0459807334251
11258,26,VPLpc,saline,F,4h,40.47599773334413
11259,0,VPM,morphine,M,1h,344.1440784113434
11260,1,VPM,morphine,M,4h,0.6080284070871791
11261,2,VPM,saline,M,1h,39.521846460666644
11262,3,VPM,saline,M,4h,3.0401420354358955
11263,4,VPM,morphine,F,4h,9.728454513394865
11264,5,VPM,saline,F,4h,10.336482920482045
11265,6,VPM,morphine,M,1h,10.944511327569224
11266,7,VPM,morphine,M,4h,11.552539734656403
11267,8,VPM,saline,M,4h,6.68831247795897
11268,9,VPM,morphine,F,4h,0.0
11269,10,VPM,saline,F,1h,2.4321136283487164
11270,11,VPM,saline,M,1h,0.6080284070871791
11271,12,VPM,morphine,M,1h,0.6080284070871791
11272,13,VPM,saline,M,4h,0.6080284070871791
11273,14,VPM,morphine,M,1h,0.6080284070871791
11274,15,VPM,morphine,F,4h,0.0
11275,16,VPM,saline,F,4h,1.2160568141743582
11276,17,VPM,morphine,M,1h,1.2160568141743582
11277,18,VPM,saline,M,1h,1.2160568141743582
11278,19,VPM,morphine,F,1h,0.6080284070871791
11279,20,VPM,morphine,F,1h,0.0
11280,21,VPM,morphine,F,1h,0.0
11281,22,VPM,morphine,M,4h,14.592681770092298
11282,23,VPM,morphine,M,4h,4.864227256697433
11283,24,VPM,saline,F,1h,1.2160568141743582
11284,25,VPM,saline,F,4h,321.03899894203056
11285,26,VPM,saline,F,4h,44.99410212445125
11286,0,VPMpc,morphine,M,1h,0.0
11287,1,VPMpc,morphine,M,4h,0.0
11288,2,VPMpc,saline,M,1h,4.64558808499568
11289,3,VPMpc,saline,M,4h,0.0
11290,4,VPMpc,morphine,F,4h,404.16616339462416
11291,5,VPMpc,saline,F,4h,0.0
11292,6,VPMpc,morphine,M,1h,130.07646637987904
11293,7,VPMpc,morphine,M,4h,65.03823318993952
11294,8,VPMpc,saline,M,4h,4.64558808499568
11295,9,VPMpc,morphine,F,4h,0.0
11296,10,VPMpc,saline,F,1h,92.9117616999136
11297,11,VPMpc,saline,M,1h,4.64558808499568
11298,12,VPMpc,morphine,M,1h,18.58235233998272
11299,13,VPMpc,saline,M,4h,9.29117616999136
11300,14,VPMpc,morphine,M,1h,9.29117616999136
11301,15,VPMpc,morphine,F,4h,445.97645615958527
11302,16,VPMpc,saline,F,4h,171.88675914484017
11303,17,VPMpc,morphine,M,1h,0.0
11304,18,VPMpc,saline,M,1h,0.0
11305,19,VPMpc,morphine,F,1h,0.0
11306,20,VPMpc,morphine,F,1h,55.74705701994816
11307,21,VPMpc,morphine,F,1h,0.0
11308,22,VPMpc,morphine,M,4h,0.0
11309,23,VPMpc,morphine,M,4h,0.0
11310,24,VPMpc,saline,F,1h,0.0
11311,25,VPMpc,saline,F,4h,74.32940935993088
11312,26,VPMpc,saline,F,4h,9.29117616999136
11313,0,PoT,morphine,M,1h,107.29536984713988
11314,1,PoT,morphine,M,4h,0.0
11315,2,PoT,saline,M,1h,7.153024656475992
11316,3,PoT,saline,M,4h,0.0
11317,4,PoT,morphine,F,4h,257.5088876331357
11318,5,PoT,saline,F,4h,39.341635610617956
11319,6,PoT,morphine,M,1h,243.20283832018373
11320,7,PoT,morphine,M,4h,132.33095614480584
11321,8,PoT,saline,M,4h,39.341635610617956
11322,9,PoT,morphine,F,4h,0.0
11323,10,PoT,saline,F,1h,153.79003011423382
11324,11,PoT,saline,M,1h,14.306049312951984
11325,12,PoT,morphine,M,1h,14.306049312951984
11326,13,PoT,saline,M,4h,17.88256164118998
11327,14,PoT,morphine,M,1h,143.06049312951984
11328,15,PoT,morphine,F,4h,228.89678900723175
11329,16,PoT,saline,F,4h,35.76512328237996
11330,17,PoT,morphine,M,1h,7.153024656475992
11331,18,PoT,saline,M,1h,0.0
11332,19,PoT,morphine,F,1h,71.53024656475992
11333,20,PoT,morphine,F,1h,103.71885751890188
11334,21,PoT,morphine,F,1h,39.341635610617956
11335,22,PoT,morphine,M,4h,0.0
11336,23,PoT,morphine,M,4h,0.0
11337,24,PoT,saline,F,1h,0.0
11338,25,PoT,saline,F,4h,28.61209862590397
11339,26,PoT,saline,F,4h,7.153024656475992
11340,0,SPF,morphine,M,1h,24.391195753980647
11341,1,SPF,morphine,M,4h,0.0
11342,2,SPF,saline,M,1h,0.0
11343,3,SPF,saline,M,4h,0.0
11344,4,SPF,morphine,F,4h,482.9456759288168
11345,5,SPF,saline,F,4h,112.19950046831097
11346,6,SPF,morphine,M,1h,448.7980018732439
11347,7,SPF,morphine,M,4h,302.45082734936
11348,8,SPF,saline,M,4h,19.512956603184517
11349,9,SPF,morphine,F,4h,0.0
11350,10,SPF,saline,F,1h,1541.5235716515767
11351,11,SPF,saline,M,1h,0.0
11352,12,SPF,morphine,M,1h,156.10365282547613
11353,13,SPF,saline,M,4h,131.7124570714955
11354,14,SPF,morphine,M,1h,341.47674055572907
11355,15,SPF,morphine,F,4h,453.67624102404
11356,16,SPF,saline,F,4h,151.22541367468
11357,17,SPF,morphine,M,1h,0.0
11358,18,SPF,saline,M,1h,4.878239150796129
11359,19,SPF,morphine,F,1h,190.25132688104904
11360,20,SPF,morphine,F,1h,346.35497970652517
11361,21,SPF,morphine,F,1h,136.59069622229163
11362,22,SPF,morphine,M,4h,0.0
11363,23,SPF,morphine,M,4h,0.0
11364,24,SPF,saline,F,1h,0.0
11365,25,SPF,saline,F,4h,48.78239150796129
11366,26,SPF,saline,F,4h,14.634717452388387
11367,0,SPFm,morphine,M,1h,0.0
11368,1,SPFm,morphine,M,4h,0.0
11369,2,SPFm,saline,M,1h,0.0
11370,3,SPFm,saline,M,4h,0.0
11371,4,SPFm,morphine,F,4h,1198.7327682164569
11372,5,SPFm,saline,F,4h,156.97691012358365
11373,6,SPFm,morphine,M,1h,984.673345320661
11374,7,SPFm,morphine,M,4h,485.201358563804
11375,8,SPFm,saline,M,4h,0.0
11376,9,SPFm,morphine,F,4h,0.0
11377,10,SPFm,saline,F,1h,3938.693381282644
11378,11,SPFm,saline,M,1h,0.0
11379,12,SPFm,morphine,M,1h,57.08251277221223
11380,13,SPFm,saline,M,4h,185.51816650968976
11381,14,SPFm,morphine,M,1h,684.9901532665468
11382,15,SPFm,morphine,F,4h,399.57758940548564
11383,16,SPFm,saline,F,4h,242.600679281902
11384,17,SPFm,morphine,M,1h,0.0
11385,18,SPFm,saline,M,1h,0.0
11386,19,SPFm,morphine,F,1h,185.51816650968976
11387,20,SPFm,morphine,F,1h,570.8251277221224
11388,21,SPFm,morphine,F,1h,256.8713074749551
11389,22,SPFm,morphine,M,4h,0.0
11390,23,SPFm,morphine,M,4h,0.0
11391,24,SPFm,saline,F,1h,0.0
11392,25,SPFm,saline,F,4h,57.08251277221223
11393,26,SPFm,saline,F,4h,0.0
11394,0,SPFp,morphine,M,1h,37.05954728057043
11395,1,SPFp,morphine,M,4h,0.0
11396,2,SPFp,saline,M,1h,0.0
11397,3,SPFp,saline,M,4h,0.0
11398,4,SPFp,morphine,F,4h,111.17864184171128
11399,5,SPFp,saline,F,4h,88.94291347336902
11400,6,SPFp,morphine,M,1h,170.47391749062396
11401,7,SPFp,morphine,M,4h,207.5334647711944
11402,8,SPFp,saline,M,4h,29.64763782445634
11403,9,SPFp,morphine,F,4h,0.0
11404,10,SPFp,saline,F,1h,296.4763782445634
11405,11,SPFp,saline,M,1h,0.0
11406,12,SPFp,morphine,M,1h,207.5334647711944
11407,13,SPFp,saline,M,4h,103.7667323855972
11408,14,SPFp,morphine,M,1h,163.06200803450986
11409,15,SPFp,morphine,F,4h,481.77411464741556
11410,16,SPFp,saline,F,4h,103.7667323855972
11411,17,SPFp,morphine,M,1h,0.0
11412,18,SPFp,saline,M,1h,7.411909456114085
11413,19,SPFp,morphine,F,1h,192.7096458589662
11414,20,SPFp,morphine,F,1h,229.76919313953664
11415,21,SPFp,morphine,F,1h,74.11909456114086
11416,22,SPFp,morphine,M,4h,0.0
11417,23,SPFp,morphine,M,4h,0.0
11418,24,SPFp,saline,F,1h,0.0
11419,25,SPFp,saline,F,4h,44.47145673668451
11420,26,SPFp,saline,F,4h,22.235728368342254
11421,0,SPA,morphine,M,1h,158.33760593539827
11422,1,SPA,morphine,M,4h,0.0
11423,2,SPA,saline,M,1h,0.0
11424,3,SPA,saline,M,4h,15.079771993847453
11425,4,SPA,morphine,F,4h,520.2521337877372
11426,5,SPA,saline,F,4h,45.23931598154236
11427,6,SPA,morphine,M,1h,354.3746418554152
11428,7,SPA,morphine,M,4h,324.21509786772026
11429,8,SPA,saline,M,4h,37.69942998461863
11430,9,SPA,morphine,F,4h,0.0
11431,10,SPA,saline,F,1h,2525.8618089694482
11432,11,SPA,saline,M,1h,0.0
11433,12,SPA,morphine,M,1h,30.159543987694907
11434,13,SPA,saline,M,4h,60.31908797538981
11435,14,SPA,morphine,M,1h,459.93304581234736
11436,15,SPA,morphine,F,4h,512.7122477908134
11437,16,SPA,saline,F,4h,482.5527038031185
11438,17,SPA,morphine,M,1h,7.539885996923727
11439,18,SPA,saline,M,1h,0.0
11440,19,SPA,morphine,F,1h,271.43589588925414
11441,20,SPA,morphine,F,1h,542.8717917785083
11442,21,SPA,morphine,F,1h,173.4173779292457
11443,22,SPA,morphine,M,4h,678.5897397231354
11444,23,SPA,morphine,M,4h,0.0
11445,24,SPA,saline,F,1h,226.1965799077118
11446,25,SPA,saline,F,4h,196.0370359200169
11447,26,SPA,saline,F,4h,0.0
11448,0,PP,morphine,M,1h,572.419207117624
11449,1,PP,morphine,M,4h,0.0
11450,2,PP,saline,M,1h,0.0
11451,3,PP,saline,M,4h,49.06450346722492
11452,4,PP,morphine,F,4h,278.0321863142745
11453,5,PP,saline,F,4h,81.77417244537486
11454,6,PP,morphine,M,1h,523.3547036503991
11455,7,PP,morphine,M,4h,163.54834489074972
11456,8,PP,saline,M,4h,16.35483448907497
11457,9,PP,morphine,F,4h,0.0
11458,10,PP,saline,F,1h,98.12900693444983
11459,11,PP,saline,M,1h,0.0
11460,12,PP,morphine,M,1h,343.4515242705744
11461,13,PP,saline,M,4h,16.35483448907497
11462,14,PP,morphine,M,1h,1030.3545728117233
11463,15,PP,morphine,F,4h,278.0321863142745
11464,16,PP,saline,F,4h,49.06450346722492
11465,17,PP,morphine,M,1h,0.0
11466,18,PP,saline,M,1h,32.70966897814994
11467,19,PP,morphine,F,1h,572.419207117624
11468,20,PP,morphine,F,1h,310.7418552924245
11469,21,PP,morphine,F,1h,294.38702080334946
11470,22,PP,morphine,M,4h,65.41933795629988
11471,23,PP,morphine,M,4h,49.06450346722492
11472,24,PP,saline,F,1h,0.0
11473,25,PP,saline,F,4h,114.4838414235248
11474,26,PP,saline,F,4h,16.35483448907497
11475,0,GENd,morphine,M,1h,240.47758003614197
11476,1,GENd,morphine,M,4h,0.7031508188191286
11477,2,GENd,saline,M,1h,40.07959667269033
11478,3,GENd,saline,M,4h,21.797675383392985
11479,4,GENd,morphine,F,4h,58.36151796198767
11480,5,GENd,saline,F,4h,9.844111463467799
11481,6,GENd,morphine,M,1h,60.470970418445056
11482,7,GENd,morphine,M,4h,53.43946223025377
11483,8,GENd,saline,M,4h,16.172468832839957
11484,9,GENd,morphine,F,4h,2.812603275276514
11485,10,GENd,saline,F,1h,23.90712783985037
11486,11,GENd,saline,M,1h,4.9220557317338995
11487,12,GENd,morphine,M,1h,7.031508188191285
11488,13,GENd,saline,M,4h,22.500826202212114
11489,14,GENd,morphine,M,1h,62.58042287490244
11490,15,GENd,morphine,F,4h,11.953563919925186
11491,16,GENd,saline,F,4h,6.328357369372157
11492,17,GENd,morphine,M,1h,2.1094524564573858
11493,18,GENd,saline,M,1h,14.06301637638257
11494,19,GENd,morphine,F,1h,14.06301637638257
11495,20,GENd,morphine,F,1h,7.734659007010414
11496,21,GENd,morphine,F,1h,8.437809825829543
11497,22,GENd,morphine,M,4h,2.812603275276514
11498,23,GENd,morphine,M,4h,71.01823270073199
11499,24,GENd,saline,F,1h,7.031508188191285
11500,25,GENd,saline,F,4h,31.641786846860786
11501,26,GENd,saline,F,4h,16.875619651659086
11502,0,MG,morphine,M,1h,277.20463417561626
11503,1,MG,morphine,M,4h,0.0
11504,2,MG,saline,M,1h,41.43780613965398
11505,3,MG,saline,M,4h,34.29335680523088
11506,4,MG,morphine,F,4h,110.02451975011574
11507,5,MG,saline,F,4h,20.00445813638468
11508,6,MG,morphine,M,1h,121.4556386851927
11509,7,MG,morphine,M,4h,107.1667400163465
11510,8,MG,saline,M,4h,32.86446693834626
11511,9,MG,morphine,F,4h,4.28666960065386
11512,10,MG,saline,F,1h,42.8666960065386
11513,11,MG,saline,M,1h,10.00222906819234
11514,12,MG,morphine,M,1h,7.1444493344231
11515,13,MG,saline,M,4h,28.5777973376924
11516,14,MG,morphine,M,1h,117.16896908453883
11517,15,MG,morphine,F,4h,21.4333480032693
11518,16,MG,saline,F,4h,12.86000880196158
11519,17,MG,morphine,M,1h,0.0
11520,18,MG,saline,M,1h,2.85777973376924
11521,19,MG,morphine,F,1h,27.148907470807778
11522,20,MG,morphine,F,1h,1.42888986688462
11523,21,MG,morphine,F,1h,17.14667840261544
11524,22,MG,morphine,M,4h,5.71555946753848
11525,23,MG,morphine,M,4h,144.31787655534663
11526,24,MG,saline,F,1h,14.2888986688462
11527,25,MG,saline,F,4h,31.43557707146164
11528,26,MG,saline,F,4h,25.72001760392316
11529,0,MGd,morphine,M,1h,236.87099196949563
11530,1,MGd,morphine,M,4h,0.0
11531,2,MGd,saline,M,1h,103.99214281587614
11532,3,MGd,saline,M,4h,75.10543647813276
11533,4,MGd,morphine,F,4h,11.55468253509735
11534,5,MGd,saline,F,4h,5.777341267548675
11535,6,MGd,morphine,M,1h,28.886706337743373
11536,7,MGd,morphine,M,4h,0.0
11537,8,MGd,saline,M,4h,5.777341267548675
11538,9,MGd,morphine,F,4h,0.0
11539,10,MGd,saline,F,1h,11.55468253509735
11540,11,MGd,saline,M,1h,0.0
11541,12,MGd,morphine,M,1h,0.0
11542,13,MGd,saline,M,4h,40.44138887284072
11543,14,MGd,morphine,M,1h,115.54682535097349
11544,15,MGd,morphine,F,4h,0.0
11545,16,MGd,saline,F,4h,11.55468253509735
11546,17,MGd,morphine,M,1h,0.0
11547,18,MGd,saline,M,1h,11.55468253509735
11548,19,MGd,morphine,F,1h,17.332023802646024
11549,20,MGd,morphine,F,1h,0.0
11550,21,MGd,morphine,F,1h,23.1093650701947
11551,22,MGd,morphine,M,4h,17.332023802646024
11552,23,MGd,morphine,M,4h,138.6561904211682
11553,24,MGd,saline,F,1h,0.0
11554,25,MGd,saline,F,4h,11.55468253509735
11555,26,MGd,saline,F,4h,46.2187301403894
11556,0,MGv,morphine,M,1h,307.47637857938685
11557,1,MGv,morphine,M,4h,0.0
11558,2,MGv,saline,M,1h,32.55632243781743
11559,3,MGv,saline,M,4h,36.17369159757492
11560,4,MGv,morphine,F,4h,90.4342289939373
11561,5,MGv,saline,F,4h,18.08684579878746
11562,6,MGv,morphine,M,1h,119.37318227199724
11563,7,MGv,morphine,M,4h,130.2252897512697
11564,8,MGv,saline,M,4h,54.26053739636238
11565,9,MGv,morphine,F,4h,7.234738319514984
11566,10,MGv,saline,F,1h,36.17369159757492
11567,11,MGv,saline,M,1h,7.234738319514984
11568,12,MGv,morphine,M,1h,18.08684579878746
11569,13,MGv,saline,M,4h,39.79106075733241
11570,14,MGv,morphine,M,1h,43.408429917089904
11571,15,MGv,morphine,F,4h,3.617369159757492
11572,16,MGv,saline,F,4h,21.704214958544952
11573,17,MGv,morphine,M,1h,0.0
11574,18,MGv,saline,M,1h,0.0
11575,19,MGv,morphine,F,1h,3.617369159757492
11576,20,MGv,morphine,F,1h,3.617369159757492
11577,21,MGv,morphine,F,1h,10.852107479272476
11578,22,MGv,morphine,M,4h,0.0
11579,23,MGv,morphine,M,4h,162.78161218908713
11580,24,MGv,saline,F,1h,36.17369159757492
11581,25,MGv,saline,F,4h,28.938953278059937
11582,26,MGv,saline,F,4h,18.08684579878746
11583,0,MGm,morphine,M,1h,271.6631377092406
11584,1,MGm,morphine,M,4h,0.0
11585,2,MGm,saline,M,1h,7.990092285565899
11586,3,MGm,saline,M,4h,3.9950461427829493
11587,4,MGm,morphine,F,4h,199.75230713914746
11588,5,MGm,saline,F,4h,31.960369142263595
11589,6,MGm,morphine,M,1h,187.76716871079861
11590,7,MGm,morphine,M,4h,155.80679956853504
11591,8,MGm,saline,M,4h,27.965322999480648
11592,9,MGm,morphine,F,4h,3.9950461427829493
11593,10,MGm,saline,F,1h,71.9108305700931
11594,11,MGm,saline,M,1h,19.975230713914748
11595,12,MGm,morphine,M,1h,0.0
11596,13,MGm,saline,M,4h,7.990092285565899
11597,14,MGm,morphine,M,1h,199.75230713914746
11598,15,MGm,morphine,F,4h,55.930645998961296
11599,16,MGm,saline,F,4h,3.9950461427829493
11600,17,MGm,morphine,M,1h,0.0
11601,18,MGm,saline,M,1h,0.0
11602,19,MGm,morphine,F,1h,59.92569214174424
11603,20,MGm,morphine,F,1h,0.0
11604,21,MGm,morphine,F,1h,19.975230713914748
11605,22,MGm,morphine,M,4h,3.9950461427829493
11606,23,MGm,morphine,M,4h,127.84147656905438
11607,24,MGm,saline,F,1h,0.0
11608,25,MGm,saline,F,4h,47.940553713395396
11609,26,MGm,saline,F,4h,19.975230713914748
11610,0,LGd,morphine,M,1h,204.89363528379155
11611,1,LGd,morphine,M,4h,1.3844164546202131
11612,2,LGd,saline,M,1h,38.76366072936597
11613,3,LGd,saline,M,4h,9.690915182341492
11614,4,LGd,morphine,F,4h,8.30649872772128
11615,5,LGd,saline,F,4h,0.0
11616,6,LGd,morphine,M,1h,1.3844164546202131
11617,7,LGd,morphine,M,4h,1.3844164546202131
11618,8,LGd,saline,M,4h,0.0
11619,9,LGd,morphine,F,4h,1.3844164546202131
11620,10,LGd,saline,F,1h,5.5376658184808525
11621,11,LGd,saline,M,1h,0.0
11622,12,LGd,morphine,M,1h,6.922082273101066
11623,13,LGd,saline,M,4h,16.61299745544256
11624,14,LGd,morphine,M,1h,9.690915182341492
11625,15,LGd,morphine,F,4h,2.7688329092404262
11626,16,LGd,saline,F,4h,0.0
11627,17,LGd,morphine,M,1h,4.15324936386064
11628,18,LGd,saline,M,1h,24.919496183163837
11629,19,LGd,morphine,F,1h,1.3844164546202131
11630,20,LGd,morphine,F,1h,13.844164546202132
11631,21,LGd,morphine,F,1h,0.0
11632,22,LGd,morphine,M,4h,0.0
11633,23,LGd,morphine,M,4h,0.0
11634,24,LGd,saline,F,1h,0.0
11635,25,LGd,saline,F,4h,31.841578456264905
11636,26,LGd,saline,F,4h,8.30649872772128
11637,0,LGd-sh,morphine,M,1h,236.3678462547756
11638,1,LGd-sh,morphine,M,4h,4.823833597036237
11639,2,LGd-sh,saline,M,1h,19.295334388144948
11640,3,LGd-sh,saline,M,4h,9.647667194072474
11641,4,LGd-sh,morphine,F,4h,0.0
11642,5,LGd-sh,saline,F,4h,0.0
11643,6,LGd-sh,morphine,M,1h,4.823833597036237
11644,7,LGd-sh,morphine,M,4h,0.0
11645,8,LGd-sh,saline,M,4h,0.0
11646,9,LGd-sh,morphine,F,4h,4.823833597036237
11647,10,LGd-sh,saline,F,1h,4.823833597036237
11648,11,LGd-sh,saline,M,1h,0.0
11649,12,LGd-sh,morphine,M,1h,24.119167985181186
11650,13,LGd-sh,saline,M,4h,28.94300158221742
11651,14,LGd-sh,morphine,M,1h,9.647667194072474
11652,15,LGd-sh,morphine,F,4h,4.823833597036237
11653,16,LGd-sh,saline,F,4h,0.0
11654,17,LGd-sh,morphine,M,1h,9.647667194072474
11655,18,LGd-sh,saline,M,1h,62.70983676147108
11656,19,LGd-sh,morphine,F,1h,4.823833597036237
11657,20,LGd-sh,morphine,F,1h,9.647667194072474
11658,21,LGd-sh,morphine,F,1h,0.0
11659,22,LGd-sh,morphine,M,4h,0.0
11660,23,LGd-sh,morphine,M,4h,0.0
11661,24,LGd-sh,saline,F,1h,0.0
11662,25,LGd-sh,saline,F,4h,14.47150079110871
11663,26,LGd-sh,saline,F,4h,4.823833597036237
11664,0,LGd-co,morphine,M,1h,188.4667869037054
11665,1,LGd-co,morphine,M,4h,0.0
11666,2,LGd-co,saline,M,1h,45.32745507810636
11667,3,LGd-co,saline,M,4h,9.542622121706604
11668,4,LGd-co,morphine,F,4h,11.928277652133254
11669,5,LGd-co,saline,F,4h,0.0
11670,6,LGd-co,morphine,M,1h,0.0
11671,7,LGd-co,morphine,M,4h,2.385655530426651
11672,8,LGd-co,saline,M,4h,0.0
11673,9,LGd-co,morphine,F,4h,0.0
11674,10,LGd-co,saline,F,1h,4.771311060853302
11675,11,LGd-co,saline,M,1h,0.0
11676,12,LGd-co,morphine,M,1h,0.0
11677,13,LGd-co,saline,M,4h,14.313933182559904
11678,14,LGd-co,morphine,M,1h,11.928277652133254
11679,15,LGd-co,morphine,F,4h,2.385655530426651
11680,16,LGd-co,saline,F,4h,0.0
11681,17,LGd-co,morphine,M,1h,2.385655530426651
11682,18,LGd-co,saline,M,1h,11.928277652133254
11683,19,LGd-co,morphine,F,1h,0.0
11684,20,LGd-co,morphine,F,1h,19.085244243413207
11685,21,LGd-co,morphine,F,1h,0.0
11686,22,LGd-co,morphine,M,4h,0.0
11687,23,LGd-co,morphine,M,4h,0.0
11688,24,LGd-co,saline,F,1h,0.0
11689,25,LGd-co,saline,F,4h,35.78483295639976
11690,26,LGd-co,saline,F,4h,4.771311060853302
11691,0,LGd-ip,morphine,M,1h,208.65936358894106
11692,1,LGd-ip,morphine,M,4h,0.0
11693,2,LGd-ip,saline,M,1h,52.164840897235266
11694,3,LGd-ip,saline,M,4h,10.432968179447053
11695,4,LGd-ip,morphine,F,4h,10.432968179447053
11696,5,LGd-ip,saline,F,4h,0.0
11697,6,LGd-ip,morphine,M,1h,0.0
11698,7,LGd-ip,morphine,M,4h,0.0
11699,8,LGd-ip,saline,M,4h,0.0
11700,9,LGd-ip,morphine,F,4h,0.0
11701,10,LGd-ip,saline,F,1h,10.432968179447053
11702,11,LGd-ip,saline,M,1h,0.0
11703,12,LGd-ip,morphine,M,1h,0.0
11704,13,LGd-ip,saline,M,4h,0.0
11705,14,LGd-ip,morphine,M,1h,0.0
11706,15,LGd-ip,morphine,F,4h,0.0
11707,16,LGd-ip,saline,F,4h,0.0
11708,17,LGd-ip,morphine,M,1h,0.0
11709,18,LGd-ip,saline,M,1h,0.0
11710,19,LGd-ip,morphine,F,1h,0.0
11711,20,LGd-ip,morphine,F,1h,0.0
11712,21,LGd-ip,morphine,F,1h,0.0
11713,22,LGd-ip,morphine,M,4h,0.0
11714,23,LGd-ip,morphine,M,4h,0.0
11715,24,LGd-ip,saline,F,1h,0.0
11716,25,LGd-ip,saline,F,4h,52.164840897235266
11717,26,LGd-ip,saline,F,4h,31.298904538341162
11718,0,DORpm,morphine,M,1h,212.5570231160102
11719,1,DORpm,morphine,M,4h,9.231318375862358
11720,2,DORpm,saline,M,1h,36.45187256109752
11721,3,DORpm,saline,M,4h,97.1260933392014
11722,4,DORpm,morphine,F,4h,179.49785730843476
11723,5,DORpm,saline,F,4h,51.44290240224152
11724,6,DORpm,morphine,M,1h,146.9120924432112
11725,7,DORpm,morphine,M,4h,111.40702176681752
11726,8,DORpm,saline,M,4h,78.74235674453533
11727,9,DORpm,morphine,F,4h,4.18170832410859
11728,10,DORpm,saline,F,1h,216.4231308118842
11729,11,DORpm,saline,M,1h,1.8147036123490108
11730,12,DORpm,morphine,M,1h,9.389118689979664
11731,13,DORpm,saline,M,4h,22.644345075833307
11732,14,DORpm,morphine,M,1h,142.88818443321992
11733,15,DORpm,morphine,F,4h,38.345476330505186
11734,16,DORpm,saline,F,4h,18.304836437607413
11735,17,DORpm,morphine,M,1h,10.73042135997676
11736,18,DORpm,saline,M,1h,20.119540049956424
11737,19,DORpm,morphine,F,1h,47.8134951775435
11738,20,DORpm,morphine,F,1h,34.3215683205139
11739,21,DORpm,morphine,F,1h,16.332332511141097
11740,22,DORpm,morphine,M,4h,81.9772631839401
11741,23,DORpm,morphine,M,4h,2.68260533999419
11742,24,DORpm,saline,F,1h,44.34188826696278
11743,25,DORpm,saline,F,4h,91.60308234509571
11744,26,DORpm,saline,F,4h,15.622231097613223
11745,0,LAT,morphine,M,1h,258.5031270749347
11746,1,LAT,morphine,M,4h,11.70580198075176
11747,2,LAT,saline,M,1h,75.11222937649046
11748,3,LAT,saline,M,4h,79.66448570233837
11749,4,LAT,morphine,F,4h,48.44901375366701
11750,5,LAT,saline,F,4h,8.454190319431827
11751,6,LAT,morphine,M,1h,66.98320022319062
11752,7,LAT,morphine,M,4h,22.761281629239534
11753,8,LAT,saline,M,4h,11.380640814619767
11754,9,LAT,morphine,F,4h,2.2761281629239534
11755,10,LAT,saline,F,1h,28.939343785747408
11756,11,LAT,saline,M,1h,1.6258058306599668
11757,12,LAT,morphine,M,1h,6.82838448877186
11758,13,LAT,saline,M,4h,11.380640814619767
11759,14,LAT,morphine,M,1h,139.81930143675714
11760,15,LAT,morphine,F,4h,13.981930143675713
11761,16,LAT,saline,F,4h,8.129029153299834
11762,17,LAT,morphine,M,1h,3.5767728274519266
11763,18,LAT,saline,M,1h,23.736765127635515
11764,19,LAT,morphine,F,1h,61.13029923281475
11765,20,LAT,morphine,F,1h,14.307091309807706
11766,21,LAT,morphine,F,1h,8.129029153299834
11767,22,LAT,morphine,M,4h,6.82838448877186
11768,23,LAT,morphine,M,4h,1.6258058306599668
11769,24,LAT,saline,F,1h,2.2761281629239534
11770,25,LAT,saline,F,4h,50.399980750458965
11771,26,LAT,saline,F,4h,12.356124313015746
11772,0,LP,morphine,M,1h,383.9471768638928
11773,1,LP,morphine,M,4h,27.484288148608382
11774,2,LP,saline,M,1h,64.13000568008623
11775,3,LP,saline,M,4h,180.73001600751573
11776,4,LP,morphine,F,4h,60.798576813588234
11777,5,LP,saline,F,4h,7.495714949620467
11778,6,LP,morphine,M,1h,98.27715156169057
11779,7,LP,morphine,M,4h,24.152859282110395
11780,8,LP,saline,M,4h,15.824287115865431
11781,9,LP,morphine,F,4h,5.8300005163714745
11782,10,LP,saline,F,1h,47.47286134759629
11783,11,LP,saline,M,1h,0.0
11784,12,LP,morphine,M,1h,4.164286083122482
11785,13,LP,saline,M,4h,15.824287115865431
11786,14,LP,morphine,M,1h,248.19145055409993
11787,15,LP,morphine,F,4h,8.328572166244964
11788,16,LP,saline,F,4h,1.6657144332489928
11789,17,LP,morphine,M,1h,0.8328572166244964
11790,18,LP,saline,M,1h,50.80429021409428
11791,19,LP,morphine,F,1h,55.80143351384126
11792,20,LP,morphine,F,1h,12.492858249367446
11793,21,LP,morphine,F,1h,9.16142938286946
11794,22,LP,morphine,M,4h,12.492858249367446
11795,23,LP,morphine,M,4h,0.0
11796,24,LP,saline,F,1h,3.3314288664979856
11797,25,LP,saline,F,4h,38.311431964726836
11798,26,LP,saline,F,4h,14.991429899240934
11799,0,PO,morphine,M,1h,121.34585324496375
11800,1,PO,morphine,M,4h,2.3949839456242845
11801,2,PO,saline,M,1h,90.21106195184805
11802,3,PO,saline,M,4h,6.386623854998092
11803,4,PO,morphine,F,4h,19.958199546869036
11804,5,PO,saline,F,4h,4.789967891248569
11805,6,PO,morphine,M,1h,11.974919728121423
11806,7,PO,morphine,M,4h,9.579935782497138
11807,8,PO,saline,M,4h,1.596655963749523
11808,9,PO,morphine,F,4h,0.0
11809,10,PO,saline,F,1h,0.7983279818747615
11810,11,PO,saline,M,1h,2.3949839456242845
11811,12,PO,morphine,M,1h,0.0
11812,13,PO,saline,M,4h,4.789967891248569
11813,14,PO,morphine,M,1h,12.773247709996184
11814,15,PO,morphine,F,4h,0.7983279818747615
11815,16,PO,saline,F,4h,9.579935782497138
11816,17,PO,morphine,M,1h,2.3949839456242845
11817,18,PO,saline,M,1h,7.983279818747615
11818,19,PO,morphine,F,1h,4.789967891248569
11819,20,PO,morphine,F,1h,0.0
11820,21,PO,morphine,F,1h,0.0
11821,22,PO,morphine,M,4h,0.0
11822,23,PO,morphine,M,4h,0.7983279818747615
11823,24,PO,saline,F,1h,0.0
11824,25,PO,saline,F,4h,67.05955047747996
11825,26,PO,saline,F,4h,11.176591746246661
11826,0,POL,morphine,M,1h,272.51934400700765
11827,1,POL,morphine,M,4h,0.0
11828,2,POL,saline,M,1h,58.397002287215926
11829,3,POL,saline,M,4h,53.530585429947934
11830,4,POL,morphine,F,4h,199.52309114798777
11831,5,POL,saline,F,4h,53.530585429947934
11832,6,POL,morphine,M,1h,248.1872597206677
11833,7,POL,morphine,M,4h,111.92758771716386
11834,8,POL,saline,M,4h,53.530585429947934
11835,9,POL,morphine,F,4h,0.0
11836,10,POL,saline,F,1h,131.39325514623584
11837,11,POL,saline,M,1h,0.0
11838,12,POL,morphine,M,1h,72.99625285901992
11839,13,POL,saline,M,4h,43.79775171541195
11840,14,POL,morphine,M,1h,116.79400457443185
11841,15,POL,morphine,F,4h,102.19475400262787
11842,16,POL,saline,F,4h,38.931334858143956
11843,17,POL,morphine,M,1h,29.198501143607963
11844,18,POL,saline,M,1h,4.8664168572679944
11845,19,POL,morphine,F,1h,447.71035086865544
11846,20,POL,morphine,F,1h,116.79400457443185
11847,21,POL,morphine,F,1h,53.530585429947934
11848,22,POL,morphine,M,4h,0.0
11849,23,POL,morphine,M,4h,9.732833714535989
11850,24,POL,saline,F,1h,4.8664168572679944
11851,25,POL,saline,F,4h,19.465667429071978
11852,26,POL,saline,F,4h,19.465667429071978
11853,0,SGN,morphine,M,1h,381.4430710036928
11854,1,SGN,morphine,M,4h,0.0
11855,2,SGN,saline,M,1h,82.92240673993322
11856,3,SGN,saline,M,4h,49.75344404395993
11857,4,SGN,morphine,F,4h,5.528160449328881
11858,5,SGN,saline,F,4h,0.0
11859,6,SGN,morphine,M,1h,116.09136943590651
11860,7,SGN,morphine,M,4h,22.112641797315526
11861,8,SGN,saline,M,4h,5.528160449328881
11862,9,SGN,morphine,F,4h,0.0
11863,10,SGN,saline,F,1h,22.112641797315526
11864,11,SGN,saline,M,1h,11.056320898657763
11865,12,SGN,morphine,M,1h,0.0
11866,13,SGN,saline,M,4h,0.0
11867,14,SGN,morphine,M,1h,237.7108993211419
11868,15,SGN,morphine,F,4h,38.69712314530217
11869,16,SGN,saline,F,4h,11.056320898657763
11870,17,SGN,morphine,M,1h,0.0
11871,18,SGN,saline,M,1h,5.528160449328881
11872,19,SGN,morphine,F,1h,110.56320898657764
11873,20,SGN,morphine,F,1h,22.112641797315526
11874,21,SGN,morphine,F,1h,16.584481347986646
11875,22,SGN,morphine,M,4h,33.16896269597329
11876,23,SGN,morphine,M,4h,11.056320898657763
11877,24,SGN,saline,F,1h,11.056320898657763
11878,25,SGN,saline,F,4h,44.22528359463105
11879,26,SGN,saline,F,4h,0.0
11880,0,Eth,morphine,M,1h,241.8205267445018
11881,1,Eth,morphine,M,4h,0.0
11882,2,Eth,saline,M,1h,59.39451534075482
11883,3,Eth,saline,M,4h,0.0
11884,4,Eth,morphine,F,4h,38.18218843334239
11885,5,Eth,saline,F,4h,0.0
11886,6,Eth,morphine,M,1h,4.2424653814824875
11887,7,Eth,morphine,M,4h,8.484930762964975
11888,8,Eth,saline,M,4h,8.484930762964975
11889,9,Eth,morphine,F,4h,0.0
11890,10,Eth,saline,F,1h,0.0
11891,11,Eth,saline,M,1h,0.0
11892,12,Eth,morphine,M,1h,4.2424653814824875
11893,13,Eth,saline,M,4h,4.2424653814824875
11894,14,Eth,morphine,M,1h,207.88080369264188
11895,15,Eth,morphine,F,4h,16.96986152592995
11896,16,Eth,saline,F,4h,4.2424653814824875
11897,17,Eth,morphine,M,1h,4.2424653814824875
11898,18,Eth,saline,M,1h,0.0
11899,19,Eth,morphine,F,1h,12.727396144447463
11900,20,Eth,morphine,F,1h,4.2424653814824875
11901,21,Eth,morphine,F,1h,0.0
11902,22,Eth,morphine,M,4h,0.0
11903,23,Eth,morphine,M,4h,0.0
11904,24,Eth,saline,F,1h,0.0
11905,25,Eth,saline,F,4h,55.15204995927234
11906,26,Eth,saline,F,4h,8.484930762964975
11907,0,ATN,morphine,M,1h,277.47487671128806
11908,1,ATN,morphine,M,4h,0.9264603562981238
11909,2,ATN,saline,M,1h,37.05841425192495
11910,3,ATN,saline,M,4h,16.676286413366228
11911,4,ATN,morphine,F,4h,220.96079497710252
11912,5,ATN,saline,F,4h,54.19793084344024
11913,6,ATN,morphine,M,1h,124.14568774394859
11914,7,ATN,morphine,M,4h,91.25634509536519
11915,8,ATN,saline,M,4h,52.345010130843995
11916,9,ATN,morphine,F,4h,0.4632301781490619
11917,10,ATN,saline,F,1h,130.63091023803545
11918,11,ATN,saline,M,1h,2.3161508907453094
11919,12,ATN,morphine,M,1h,4.169071603341557
11920,13,ATN,saline,M,4h,8.801373384832177
11921,14,ATN,morphine,M,1h,24.08796926375122
11922,15,ATN,morphine,F,4h,10.654294097428423
11923,16,ATN,saline,F,4h,1.8529207125962477
11924,17,ATN,morphine,M,1h,11.117524275577486
11925,18,ATN,saline,M,1h,44.00686692416088
11926,19,ATN,morphine,F,1h,22.23504855115497
11927,20,ATN,morphine,F,1h,28.720271045241837
11928,21,ATN,morphine,F,1h,10.654294097428423
11929,22,ATN,morphine,M,4h,0.0
11930,23,ATN,morphine,M,4h,0.4632301781490619
11931,24,ATN,saline,F,1h,0.9264603562981238
11932,25,ATN,saline,F,4h,83.38143206683114
11933,26,ATN,saline,F,4h,7.874913028534053
11934,0,AV,morphine,M,1h,341.6713987353346
11935,1,AV,morphine,M,4h,2.4061366108122155
11936,2,AV,saline,M,1h,52.935005437868746
11937,3,AV,saline,M,4h,12.030683054061079
11938,4,AV,morphine,F,4h,279.111846854217
11939,5,AV,saline,F,4h,79.40250815680312
11940,6,AV,morphine,M,1h,134.74365020548407
11941,7,AV,morphine,M,4h,158.80501631360625
11942,8,AV,saline,M,4h,14.436819664873294
11943,9,AV,morphine,F,4h,2.4061366108122155
11944,10,AV,saline,F,1h,137.14978681629628
11945,11,AV,saline,M,1h,0.0
11946,12,AV,morphine,M,1h,2.4061366108122155
11947,13,AV,saline,M,4h,16.84295627568551
11948,14,AV,morphine,M,1h,62.559551881117606
11949,15,AV,morphine,F,4h,2.4061366108122155
11950,16,AV,saline,F,4h,0.0
11951,17,AV,morphine,M,1h,2.4061366108122155
11952,18,AV,saline,M,1h,2.4061366108122155
11953,19,AV,morphine,F,1h,33.68591255137102
11954,20,AV,morphine,F,1h,19.249092886497724
11955,21,AV,morphine,F,1h,12.030683054061079
11956,22,AV,morphine,M,4h,0.0
11957,23,AV,morphine,M,4h,0.0
11958,24,AV,saline,F,1h,4.812273221624431
11959,25,AV,saline,F,4h,146.77433325954516
11960,26,AV,saline,F,4h,12.030683054061079
11961,0,AM,morphine,M,1h,107.15451193555144
11962,1,AM,morphine,M,4h,0.0
11963,2,AM,saline,M,1h,0.0
11964,3,AM,saline,M,4h,0.0
11965,4,AM,morphine,F,4h,226.48567295468825
11966,5,AM,saline,F,4h,94.97786285196605
11967,6,AM,morphine,M,1h,297.1102376394835
11968,7,AM,morphine,M,4h,136.37846973615638
11969,8,AM,saline,M,4h,160.73176790332715
11970,9,AM,morphine,F,4h,0.0
11971,10,AM,saline,F,1h,133.9431399194393
11972,11,AM,saline,M,1h,0.0
11973,12,AM,morphine,M,1h,2.4353298167170783
11974,13,AM,saline,M,4h,0.0
11975,14,AM,morphine,M,1h,14.611978900302468
11976,15,AM,morphine,F,4h,7.305989450151234
11977,16,AM,saline,F,4h,4.8706596334341565
11978,17,AM,morphine,M,1h,12.17664908358539
11979,18,AM,saline,M,1h,29.223957800604936
11980,19,AM,morphine,F,1h,9.741319266868313
11981,20,AM,morphine,F,1h,75.49522431822942
11982,21,AM,morphine,F,1h,2.4353298167170783
11983,22,AM,morphine,M,4h,0.0
11984,23,AM,morphine,M,4h,0.0
11985,24,AM,saline,F,1h,0.0
11986,25,AM,saline,F,4h,21.9179683504537
11987,26,AM,saline,F,4h,4.8706596334341565
11988,0,AMd,morphine,M,1h,69.59512015392804
11989,1,AMd,morphine,M,4h,0.0
11990,2,AMd,saline,M,1h,0.0
11991,3,AMd,saline,M,4h,0.0
11992,4,AMd,morphine,F,4h,302.94346419945145
11993,5,AMd,saline,F,4h,159.6593932943055
11994,6,AMd,morphine,M,1h,487.1658410774962
11995,7,AMd,morphine,M,4h,216.97302165636387
11996,8,AMd,saline,M,4h,257.9113276292627
11997,9,AMd,morphine,F,4h,0.0
11998,10,AMd,saline,F,1h,200.59769926720432
11999,11,AMd,saline,M,1h,0.0
12000,12,AMd,morphine,M,1h,4.093830597289885
12001,13,AMd,saline,M,4h,0.0
12002,14,AMd,morphine,M,1h,12.281491791869653
12003,15,AMd,morphine,F,4h,12.281491791869653
12004,16,AMd,saline,F,4h,4.093830597289885
12005,17,AMd,morphine,M,1h,16.37532238915954
12006,18,AMd,saline,M,1h,36.84447537560896
12007,19,AMd,morphine,F,1h,8.18766119457977
12008,20,AMd,morphine,F,1h,126.90874851598642
12009,21,AMd,morphine,F,1h,0.0
12010,22,AMd,morphine,M,4h,0.0
12011,23,AMd,morphine,M,4h,0.0
12012,24,AMd,saline,F,1h,0.0
12013,25,AMd,saline,F,4h,20.469152986449423
12014,26,AMd,saline,F,4h,4.093830597289885
12015,0,AMv,morphine,M,1h,162.30643454842743
12016,1,AMv,morphine,M,4h,0.0
12017,2,AMv,saline,M,1h,0.0
12018,3,AMv,saline,M,4h,0.0
12019,4,AMv,morphine,F,4h,114.21563912667115
12020,5,AMv,saline,F,4h,0.0
12021,6,AMv,morphine,M,1h,18.034048283158604
12022,7,AMv,morphine,M,4h,18.034048283158604
12023,8,AMv,saline,M,4h,18.034048283158604
12024,9,AMv,morphine,F,4h,0.0
12025,10,AMv,saline,F,1h,36.06809656631721
12026,11,AMv,saline,M,1h,0.0
12027,12,AMv,morphine,M,1h,0.0
12028,13,AMv,saline,M,4h,0.0
12029,14,AMv,morphine,M,1h,18.034048283158604
12030,15,AMv,morphine,F,4h,0.0
12031,16,AMv,saline,F,4h,6.0113494277195345
12032,17,AMv,morphine,M,1h,6.0113494277195345
12033,18,AMv,saline,M,1h,18.034048283158604
12034,19,AMv,morphine,F,1h,12.022698855439069
12035,20,AMv,morphine,F,1h,0.0
12036,21,AMv,morphine,F,1h,6.0113494277195345
12037,22,AMv,morphine,M,4h,0.0
12038,23,AMv,morphine,M,4h,0.0
12039,24,AMv,saline,F,1h,0.0
12040,25,AMv,saline,F,4h,24.045397710878138
12041,26,AMv,saline,F,4h,6.0113494277195345
12042,0,AD,morphine,M,1h,179.99677247166605
12043,1,AD,morphine,M,4h,0.0
12044,2,AD,saline,M,1h,68.27463783408022
12045,3,AD,saline,M,4h,68.27463783408022
12046,4,AD,morphine,F,4h,614.471740506722
12047,5,AD,saline,F,4h,80.68820834936754
12048,6,AD,morphine,M,1h,12.413570515287313
12049,7,AD,morphine,M,4h,179.99677247166605
12050,8,AD,saline,M,4h,18.62035577293097
12051,9,AD,morphine,F,4h,0.0
12052,10,AD,saline,F,1h,726.1938751443079
12053,11,AD,saline,M,1h,6.206785257643657
12054,12,AD,morphine,M,1h,37.24071154586194
12055,13,AD,saline,M,4h,31.033926288218286
12056,14,AD,morphine,M,1h,74.48142309172388
12057,15,AD,morphine,F,4h,31.033926288218286
12058,16,AD,saline,F,4h,0.0
12059,17,AD,morphine,M,1h,0.0
12060,18,AD,saline,M,1h,0.0
12061,19,AD,morphine,F,1h,55.86106731879291
12062,20,AD,morphine,F,1h,6.206785257643657
12063,21,AD,morphine,F,1h,80.68820834936754
12064,22,AD,morphine,M,4h,0.0
12065,23,AD,morphine,M,4h,0.0
12066,24,AD,saline,F,1h,0.0
12067,25,AD,saline,F,4h,366.20033020097577
12068,26,AD,saline,F,4h,0.0
12069,0,IAM,morphine,M,1h,0.0
12070,1,IAM,morphine,M,4h,0.0
12071,2,IAM,saline,M,1h,0.0
12072,3,IAM,saline,M,4h,0.0
12073,4,IAM,morphine,F,4h,391.9579452181131
12074,5,IAM,saline,F,4h,138.3380983122752
12075,6,IAM,morphine,M,1h,184.45079774970026
12076,7,IAM,morphine,M,4h,46.112699437425064
12077,8,IAM,saline,M,4h,299.7325463432629
12078,9,IAM,morphine,F,4h,0.0
12079,10,IAM,saline,F,1h,46.112699437425064
12080,11,IAM,saline,M,1h,0.0
12081,12,IAM,morphine,M,1h,0.0
12082,13,IAM,saline,M,4h,23.056349718712532
12083,14,IAM,morphine,M,1h,23.056349718712532
12084,15,IAM,morphine,F,4h,69.1690491561376
12085,16,IAM,saline,F,4h,0.0
12086,17,IAM,morphine,M,1h,69.1690491561376
12087,18,IAM,saline,M,1h,0.0
12088,19,IAM,morphine,F,1h,0.0
12089,20,IAM,morphine,F,1h,184.45079774970026
12090,21,IAM,morphine,F,1h,0.0
12091,22,IAM,morphine,M,4h,0.0
12092,23,IAM,morphine,M,4h,0.0
12093,24,IAM,saline,F,1h,0.0
12094,25,IAM,saline,F,4h,69.1690491561376
12095,26,IAM,saline,F,4h,46.112699437425064
12096,0,IAD,morphine,M,1h,53.78368203087184
12097,1,IAD,morphine,M,4h,0.0
12098,2,IAD,saline,M,1h,0.0
12099,3,IAD,saline,M,4h,0.0
12100,4,IAD,morphine,F,4h,224.09867512863266
12101,5,IAD,saline,F,4h,125.49525807203429
12102,6,IAD,morphine,M,1h,242.02656913892326
12103,7,IAD,morphine,M,4h,134.4592050771796
12104,8,IAD,saline,M,4h,206.17078111834203
12105,9,IAD,morphine,F,4h,0.0
12106,10,IAD,saline,F,1h,259.9544631492139
12107,11,IAD,saline,M,1h,0.0
12108,12,IAD,morphine,M,1h,0.0
12109,13,IAD,saline,M,4h,0.0
12110,14,IAD,morphine,M,1h,0.0
12111,15,IAD,morphine,F,4h,35.85578802058122
12112,16,IAD,saline,F,4h,0.0
12113,17,IAD,morphine,M,1h,125.49525807203429
12114,18,IAD,saline,M,1h,17.92789401029061
12115,19,IAD,morphine,F,1h,0.0
12116,20,IAD,morphine,F,1h,89.63947005145306
12117,21,IAD,morphine,F,1h,0.0
12118,22,IAD,morphine,M,4h,0.0
12119,23,IAD,morphine,M,4h,0.0
12120,24,IAD,saline,F,1h,0.0
12121,25,IAD,saline,F,4h,35.85578802058122
12122,26,IAD,saline,F,4h,17.92789401029061
12123,0,LD,morphine,M,1h,371.8700933807124
12124,1,LD,morphine,M,4h,0.9837833158219904
12125,2,LD,saline,M,1h,46.23781584363355
12126,3,LD,saline,M,4h,19.675666316439806
12127,4,LD,morphine,F,4h,124.94048110939278
12128,5,LD,saline,F,4h,11.805399789863884
12129,6,LD,morphine,M,1h,52.14051573856549
12130,7,LD,morphine,M,4h,28.529716158837722
12131,8,LD,saline,M,4h,1.9675666316439808
12132,9,LD,morphine,F,4h,0.0
12133,10,LD,saline,F,1h,21.64323294808379
12134,11,LD,saline,M,1h,3.9351332632879616
12135,12,LD,morphine,M,1h,0.9837833158219904
12136,13,LD,saline,M,4h,5.902699894931942
12137,14,LD,morphine,M,1h,6.886483210753933
12138,15,LD,morphine,F,4h,6.886483210753933
12139,16,LD,saline,F,4h,1.9675666316439808
12140,17,LD,morphine,M,1h,0.9837833158219904
12141,18,LD,saline,M,1h,78.70266526575922
12142,19,LD,morphine,F,1h,20.659449632261797
12143,20,LD,morphine,F,1h,3.9351332632879616
12144,21,LD,morphine,F,1h,3.9351332632879616
12145,22,LD,morphine,M,4h,0.0
12146,23,LD,morphine,M,4h,0.9837833158219904
12147,24,LD,saline,F,1h,0.0
12148,25,LD,saline,F,4h,43.28646589616758
12149,26,LD,saline,F,4h,5.902699894931942
12150,0,MED,morphine,M,1h,139.28405024139266
12151,1,MED,morphine,M,4h,3.4697094366183223
12152,2,MED,saline,M,1h,2.974036659958562
12153,3,MED,saline,M,4h,75.34226205228357
12154,4,MED,morphine,F,4h,81.2903353722007
12155,5,MED,saline,F,4h,54.02833265591388
12156,6,MED,morphine,M,1h,63.94178818910908
12157,7,MED,morphine,M,4h,115.98742973838392
12158,8,MED,saline,M,4h,180.92056348081252
12159,9,MED,morphine,F,4h,1.9826911066390414
12160,10,MED,saline,F,1h,141.76241412469145
12161,11,MED,saline,M,1h,1.487018329979281
12162,12,MED,morphine,M,1h,4.461054989937843
12163,13,MED,saline,M,4h,18.835565513070893
12164,14,MED,morphine,M,1h,55.0196782092334
12165,15,MED,morphine,F,4h,66.91582484906765
12166,16,MED,saline,F,4h,17.84421995975137
12167,17,MED,morphine,M,1h,8.922109979875685
12168,18,MED,saline,M,1h,0.0
12169,19,MED,morphine,F,1h,25.774984386307537
12170,20,MED,morphine,F,1h,19.826911066390412
12171,21,MED,morphine,F,1h,11.400473863174488
12172,22,MED,morphine,M,4h,207.19122064377981
12173,23,MED,morphine,M,4h,0.0
12174,24,MED,saline,F,1h,37.17545824948203
12175,25,MED,saline,F,4h,70.38553428568596
12176,26,MED,saline,F,4h,20.818256619709935
12177,0,IMD,morphine,M,1h,79.36058046595998
12178,1,IMD,morphine,M,4h,0.0
12179,2,IMD,saline,M,1h,0.0
12180,3,IMD,saline,M,4h,11.337225780851426
12181,4,IMD,morphine,F,4h,232.41312850745425
12182,5,IMD,saline,F,4h,17.00583867127714
12183,6,IMD,morphine,M,1h,102.03503202766284
12184,7,IMD,morphine,M,4h,34.01167734255428
12185,8,IMD,saline,M,4h,226.74451561702853
12186,9,IMD,morphine,F,4h,0.0
12187,10,IMD,saline,F,1h,158.72116093191997
12188,11,IMD,saline,M,1h,0.0
12189,12,IMD,morphine,M,1h,5.668612890425713
12190,13,IMD,saline,M,4h,34.01167734255428
12191,14,IMD,morphine,M,1h,192.73283827447426
12192,15,IMD,morphine,F,4h,141.71532226064284
12193,16,IMD,saline,F,4h,73.69196757553428
12194,17,IMD,morphine,M,1h,5.668612890425713
12195,18,IMD,saline,M,1h,0.0
12196,19,IMD,morphine,F,1h,96.36641913723713
12197,20,IMD,morphine,F,1h,45.348903123405705
12198,21,IMD,morphine,F,1h,11.337225780851426
12199,22,IMD,morphine,M,4h,419.4773538915028
12200,23,IMD,morphine,M,4h,0.0
12201,24,IMD,saline,F,1h,102.03503202766284
12202,25,IMD,saline,F,4h,96.36641913723713
12203,26,IMD,saline,F,4h,34.01167734255428
12204,0,MD,morphine,M,1h,193.00414199900246
12205,1,MD,morphine,M,4h,5.060033685367106
12206,2,MD,saline,M,1h,4.337171730314662
12207,3,MD,saline,M,4h,108.42929325786655
12208,4,MD,morphine,F,4h,78.06909114566392
12209,5,MD,saline,F,4h,75.17764332545414
12210,6,MD,morphine,M,1h,49.15461294356617
12211,7,MD,morphine,M,4h,160.4753540216425
12212,8,MD,saline,M,4h,234.20727343699176
12213,9,MD,morphine,F,4h,2.8914478202097746
12214,10,MD,saline,F,1h,182.1612126732158
12215,11,MD,saline,M,1h,1.4457239101048873
12216,12,MD,morphine,M,1h,5.782895640419549
12217,13,MD,saline,M,4h,19.51727278641598
12218,14,MD,morphine,M,1h,48.43175098851373
12219,15,MD,morphine,F,4h,45.54030316830395
12220,16,MD,saline,F,4h,7.95148150557688
12221,17,MD,morphine,M,1h,12.288653235891543
12222,18,MD,saline,M,1h,0.0
12223,19,MD,morphine,F,1h,25.30016842683553
12224,20,MD,morphine,F,1h,23.131582561678197
12225,21,MD,morphine,F,1h,15.180101056101318
12226,22,MD,morphine,M,4h,247.9416505829882
12227,23,MD,morphine,M,4h,0.0
12228,24,MD,saline,F,1h,41.20313143798929
12229,25,MD,saline,F,4h,75.9005052805066
12230,26,MD,saline,F,4h,23.85444451673064
12231,0,SMT,morphine,M,1h,0.0
12232,1,SMT,morphine,M,4h,0.0
12233,2,SMT,saline,M,1h,0.0
12234,3,SMT,saline,M,4h,0.0
12235,4,SMT,morphine,F,4h,19.586336571607646
12236,5,SMT,saline,F,4h,6.528778857202549
12237,6,SMT,morphine,M,1h,55.49462028622167
12238,7,SMT,morphine,M,4h,6.528778857202549
12239,8,SMT,saline,M,4h,3.2643894286012745
12240,9,SMT,morphine,F,4h,0.0
12241,10,SMT,saline,F,1h,13.057557714405098
12242,11,SMT,saline,M,1h,0.0
12243,12,SMT,morphine,M,1h,0.0
12244,13,SMT,saline,M,4h,16.321947143006373
12245,14,SMT,morphine,M,1h,19.586336571607646
12246,15,SMT,morphine,F,4h,55.49462028622167
12247,16,SMT,saline,F,4h,6.528778857202549
12248,17,SMT,morphine,M,1h,0.0
12249,18,SMT,saline,M,1h,0.0
12250,19,SMT,morphine,F,1h,0.0
12251,20,SMT,morphine,F,1h,0.0
12252,21,SMT,morphine,F,1h,0.0
12253,22,SMT,morphine,M,4h,3.2643894286012745
12254,23,SMT,morphine,M,4h,0.0
12255,24,SMT,saline,F,1h,0.0
12256,25,SMT,saline,F,4h,48.965841429019115
12257,26,SMT,saline,F,4h,9.793168285803823
12258,0,PR,morphine,M,1h,0.0
12259,1,PR,morphine,M,4h,0.0
12260,2,PR,saline,M,1h,0.0
12261,3,PR,saline,M,4h,0.0
12262,4,PR,morphine,F,4h,59.475033702519106
12263,5,PR,saline,F,4h,0.0
12264,6,PR,morphine,M,1h,171.81676402949964
12265,7,PR,morphine,M,4h,26.433348312230713
12266,8,PR,saline,M,4h,0.0
12267,9,PR,morphine,F,4h,0.0
12268,10,PR,saline,F,1h,13.216674156115356
12269,11,PR,saline,M,1h,6.608337078057678
12270,12,PR,morphine,M,1h,0.0
12271,13,PR,saline,M,4h,0.0
12272,14,PR,morphine,M,1h,26.433348312230713
12273,15,PR,morphine,F,4h,198.25011234173036
12274,16,PR,saline,F,4h,66.08337078057679
12275,17,PR,morphine,M,1h,0.0
12276,18,PR,saline,M,1h,0.0
12277,19,PR,morphine,F,1h,0.0
12278,20,PR,morphine,F,1h,0.0
12279,21,PR,morphine,F,1h,0.0
12280,22,PR,morphine,M,4h,0.0
12281,23,PR,morphine,M,4h,0.0
12282,24,PR,saline,F,1h,0.0
12283,25,PR,saline,F,4h,33.04168539028839
12284,26,PR,saline,F,4h,0.0
12285,0,MTN,morphine,M,1h,155.13601381385027
12286,1,MTN,morphine,M,4h,0.0
12287,2,MTN,saline,M,1h,1.686261019715764
12288,3,MTN,saline,M,4h,213.31201899404414
12289,4,MTN,morphine,F,4h,735.209804596073
12290,5,MTN,saline,F,4h,233.5471512306333
12291,6,MTN,morphine,M,1h,596.0932704695225
12292,7,MTN,morphine,M,4h,578.387529762507
12293,8,MTN,saline,M,4h,219.2139325630493
12294,9,MTN,morphine,F,4h,0.843130509857882
12295,10,MTN,saline,F,1h,1322.0286394571588
12296,11,MTN,saline,M,1h,0.0
12297,12,MTN,morphine,M,1h,8.43130509857882
12298,13,MTN,saline,M,4h,26.980176315452223
12299,14,MTN,morphine,M,1h,390.36942606419933
12300,15,MTN,morphine,F,4h,103.70505271251947
12301,16,MTN,saline,F,4h,81.78365945621455
12302,17,MTN,morphine,M,1h,40.47026447317833
12303,18,MTN,saline,M,1h,10.117566118294583
12304,19,MTN,morphine,F,1h,128.99896800825593
12305,20,MTN,morphine,F,1h,141.64592565612415
12306,21,MTN,morphine,F,1h,18.5488712168734
12307,22,MTN,morphine,M,4h,130.6852290279717
12308,23,MTN,morphine,M,4h,0.843130509857882
12309,24,MTN,saline,F,1h,258.84106652636973
12310,25,MTN,saline,F,4h,132.37149004768747
12311,26,MTN,saline,F,4h,12.646957647868229
12312,0,PVT,morphine,M,1h,413.9631572790022
12313,1,PVT,morphine,M,4h,0.0
12314,2,PVT,saline,M,1h,0.0
12315,3,PVT,saline,M,4h,454.45955309977415
12316,4,PVT,morphine,F,4h,1421.8734532626597
12317,5,PVT,saline,F,4h,416.21295704682285
12318,6,PVT,morphine,M,1h,636.6933342932479
12319,7,PVT,morphine,M,4h,1057.405890875712
12320,8,PVT,saline,M,4h,276.72537144194166
12321,9,PVT,morphine,F,4h,0.0
12322,10,PVT,saline,F,1h,2765.003914651596
12323,11,PVT,saline,M,1h,0.0
12324,12,PVT,morphine,M,1h,13.498798606923984
12325,13,PVT,saline,M,4h,31.497196749489294
12326,14,PVT,morphine,M,1h,431.9615554215675
12327,15,PVT,morphine,F,4h,128.23858676577785
12328,16,PVT,saline,F,4h,112.4899883910332
12329,17,PVT,morphine,M,1h,0.0
12330,18,PVT,saline,M,1h,8.999199071282655
12331,19,PVT,morphine,F,1h,263.2265728350177
12332,20,PVT,morphine,F,1h,211.48117817514242
12333,21,PVT,morphine,F,1h,38.24659605295129
12334,22,PVT,morphine,M,4h,348.71896401220295
12335,23,PVT,morphine,M,4h,2.249799767820664
12336,24,PVT,saline,F,1h,690.6885287209439
12337,25,PVT,saline,F,4h,204.73177887168043
12338,26,PVT,saline,F,4h,15.748598374744647
12339,0,PT,morphine,M,1h,0.0
12340,1,PT,morphine,M,4h,0.0
12341,2,PT,saline,M,1h,8.697467297522962
12342,3,PT,saline,M,4h,221.7854160868355
12343,4,PT,morphine,F,4h,478.36070136376287
12344,5,PT,saline,F,4h,317.4575563595881
12345,6,PT,morphine,M,1h,652.3100473142222
12346,7,PT,morphine,M,4h,656.6587809629837
12347,8,PT,saline,M,4h,330.50375730587257
12348,9,PT,morphine,F,4h,4.348733648761481
12349,10,PT,saline,F,1h,956.7214027275257
12350,11,PT,saline,M,1h,0.0
12351,12,PT,morphine,M,1h,17.394934595045925
12352,13,PT,saline,M,4h,52.18480378513777
12353,14,PT,morphine,M,1h,347.8986919009185
12354,15,PT,morphine,F,4h,65.23100473142222
12355,16,PT,saline,F,4h,34.78986919009185
12356,17,PT,morphine,M,1h,130.46200946284443
12357,18,PT,saline,M,1h,34.78986919009185
12358,19,PT,morphine,F,1h,60.88227108266073
12359,20,PT,morphine,F,1h,308.76008906206516
12360,21,PT,morphine,F,1h,21.743668243807406
12361,22,PT,morphine,M,4h,0.0
12362,23,PT,morphine,M,4h,0.0
12363,24,PT,saline,F,1h,0.0
12364,25,PT,saline,F,4h,173.94934595045925
12365,26,PT,saline,F,4h,17.394934595045925
12366,0,RE,morphine,M,1h,0.0
12367,1,RE,morphine,M,4h,0.0
12368,2,RE,saline,M,1h,0.0
12369,3,RE,saline,M,4h,0.0
12370,4,RE,morphine,F,4h,245.3096326488251
12371,5,RE,saline,F,4h,37.73994348443463
12372,6,RE,morphine,M,1h,526.0004623143077
12373,7,RE,morphine,M,4h,132.0898021955212
12374,8,RE,saline,M,4h,115.57857692108107
12375,9,RE,morphine,F,4h,0.0
12376,10,RE,saline,F,1h,212.2871820999448
12377,11,RE,saline,M,1h,0.0
12378,12,RE,morphine,M,1h,0.0
12379,13,RE,saline,M,4h,14.152478806662987
12380,14,RE,morphine,M,1h,356.17071663435183
12381,15,RE,morphine,F,4h,106.1435910499724
12382,16,RE,saline,F,4h,75.47988696886927
12383,17,RE,morphine,M,1h,40.0986899522118
12384,18,RE,saline,M,1h,0.0
12385,19,RE,morphine,F,1h,42.45743641998896
12386,20,RE,morphine,F,1h,7.076239403331494
12387,21,RE,morphine,F,1h,0.0
12388,22,RE,morphine,M,4h,0.0
12389,23,RE,morphine,M,4h,0.0
12390,24,RE,saline,F,1h,0.0
12391,25,RE,saline,F,4h,54.25116875887478
12392,26,RE,saline,F,4h,7.076239403331494
12393,0,Xi,morphine,M,1h,0.0
12394,1,Xi,morphine,M,4h,0.0
12395,2,Xi,saline,M,1h,0.0
12396,3,Xi,saline,M,4h,0.0
12397,4,Xi,morphine,F,4h,296.5802021308147
12398,5,Xi,saline,F,4h,34.22079255355554
12399,6,Xi,morphine,M,1h,581.7534734104443
12400,7,Xi,morphine,M,4h,102.66237766066662
12401,8,Xi,saline,M,4h,136.88317021422216
12402,9,Xi,morphine,F,4h,0.0
12403,10,Xi,saline,F,1h,330.80099468437027
12404,11,Xi,saline,M,1h,0.0
12405,12,Xi,morphine,M,1h,0.0
12406,13,Xi,saline,M,4h,0.0
12407,14,Xi,morphine,M,1h,456.27723404740726
12408,15,Xi,morphine,F,4h,68.44158510711108
12409,16,Xi,saline,F,4h,79.84851595829626
12410,17,Xi,morphine,M,1h,11.40693085118518
12411,18,Xi,saline,M,1h,0.0
12412,19,Xi,morphine,F,1h,45.62772340474072
12413,20,Xi,morphine,F,1h,0.0
12414,21,Xi,morphine,F,1h,0.0
12415,22,Xi,morphine,M,4h,0.0
12416,23,Xi,morphine,M,4h,0.0
12417,24,Xi,saline,F,1h,0.0
12418,25,Xi,saline,F,4h,34.22079255355554
12419,26,Xi,saline,F,4h,11.40693085118518
12420,0,ILM,morphine,M,1h,226.7403729035885
12421,1,ILM,morphine,M,4h,5.6216621381055
12422,2,ILM,saline,M,1h,17.489615540772668
12423,3,ILM,saline,M,4h,81.20178643930167
12424,4,ILM,morphine,F,4h,217.99556513320218
12425,5,ILM,saline,F,4h,58.0905087604235
12426,6,ILM,morphine,M,1h,261.0949748586777
12427,7,ILM,morphine,M,4h,113.68250101502234
12428,8,ILM,saline,M,4h,106.18695149754834
12429,9,ILM,morphine,F,4h,19.988132046597336
12430,10,ILM,saline,F,1h,284.830881664012
12431,11,ILM,saline,M,1h,3.747774758737
12432,12,ILM,morphine,M,1h,30.606827196352167
12433,13,ILM,saline,M,4h,11.243324276211
12434,14,ILM,morphine,M,1h,286.7047690433805
12435,15,ILM,morphine,F,4h,93.69436896842501
12436,16,ILM,saline,F,4h,27.483681564071336
12437,17,ILM,morphine,M,1h,11.867953402667167
12438,18,ILM,saline,M,1h,6.870920391017834
12439,19,ILM,morphine,F,1h,82.451044692214
12440,20,ILM,morphine,F,1h,44.34866797838784
12441,21,ILM,morphine,F,1h,39.3516349667385
12442,22,ILM,morphine,M,4h,179.26855929291983
12443,23,ILM,morphine,M,4h,12.492582529123334
12444,24,ILM,saline,F,1h,21.862019425965833
12445,25,ILM,saline,F,4h,66.83531653080983
12446,26,ILM,saline,F,4h,23.111277678878167
12447,0,RH,morphine,M,1h,0.0
12448,1,RH,morphine,M,4h,0.0
12449,2,RH,saline,M,1h,0.0
12450,3,RH,saline,M,4h,0.0
12451,4,RH,morphine,F,4h,143.33914040620107
12452,5,RH,saline,F,4h,11.026087723553928
12453,6,RH,morphine,M,1h,55.13043861776964
12454,7,RH,morphine,M,4h,22.052175447107857
12455,8,RH,saline,M,4h,11.026087723553928
12456,9,RH,morphine,F,4h,0.0
12457,10,RH,saline,F,1h,0.0
12458,11,RH,saline,M,1h,0.0
12459,12,RH,morphine,M,1h,0.0
12460,13,RH,saline,M,4h,33.078263170661785
12461,14,RH,morphine,M,1h,11.026087723553928
12462,15,RH,morphine,F,4h,77.1826140648775
12463,16,RH,saline,F,4h,0.0
12464,17,RH,morphine,M,1h,0.0
12465,18,RH,saline,M,1h,0.0
12466,19,RH,morphine,F,1h,0.0
12467,20,RH,morphine,F,1h,11.026087723553928
12468,21,RH,morphine,F,1h,0.0
12469,22,RH,morphine,M,4h,0.0
12470,23,RH,morphine,M,4h,0.0
12471,24,RH,saline,F,1h,0.0
12472,25,RH,saline,F,4h,11.026087723553928
12473,26,RH,saline,F,4h,11.026087723553928
12474,0,CM,morphine,M,1h,0.0
12475,1,CM,morphine,M,4h,0.0
12476,2,CM,saline,M,1h,0.0
12477,3,CM,saline,M,4h,0.0
12478,4,CM,morphine,F,4h,208.35837640742076
12479,5,CM,saline,F,4h,24.041351123933165
12480,6,CM,morphine,M,1h,124.21364747365469
12481,7,CM,morphine,M,4h,52.08959410185519
12482,8,CM,saline,M,4h,148.25499859758787
12483,9,CM,morphine,F,4h,0.0
12484,10,CM,saline,F,1h,272.4686460712426
12485,11,CM,saline,M,1h,0.0
12486,12,CM,morphine,M,1h,0.0
12487,13,CM,saline,M,4h,24.041351123933165
12488,14,CM,morphine,M,1h,16.027567415955446
12489,15,CM,morphine,F,4h,116.19986376567697
12490,16,CM,saline,F,4h,24.041351123933165
12491,17,CM,morphine,M,1h,4.006891853988861
12492,18,CM,saline,M,1h,0.0
12493,19,CM,morphine,F,1h,16.027567415955446
12494,20,CM,morphine,F,1h,56.09648595584405
12495,21,CM,morphine,F,1h,0.0
12496,22,CM,morphine,M,4h,12.020675561966582
12497,23,CM,morphine,M,4h,0.0
12498,24,CM,saline,F,1h,0.0
12499,25,CM,saline,F,4h,64.11026966382178
12500,26,CM,saline,F,4h,0.0
12501,0,PCN,morphine,M,1h,54.596156430587286
12502,1,PCN,morphine,M,4h,0.0
12503,2,PCN,saline,M,1h,0.0
12504,3,PCN,saline,M,4h,0.0
12505,4,PCN,morphine,F,4h,20.998521704072033
12506,5,PCN,saline,F,4h,4.199704340814407
12507,6,PCN,morphine,M,1h,20.998521704072033
12508,7,PCN,morphine,M,4h,0.0
12509,8,PCN,saline,M,4h,16.798817363257626
12510,9,PCN,morphine,F,4h,0.0
12511,10,PCN,saline,F,1h,4.199704340814407
12512,11,PCN,saline,M,1h,0.0
12513,12,PCN,morphine,M,1h,0.0
12514,13,PCN,saline,M,4h,0.0
12515,14,PCN,morphine,M,1h,4.199704340814407
12516,15,PCN,morphine,F,4h,20.998521704072033
12517,16,PCN,saline,F,4h,0.0
12518,17,PCN,morphine,M,1h,8.399408681628813
12519,18,PCN,saline,M,1h,8.399408681628813
12520,19,PCN,morphine,F,1h,0.0
12521,20,PCN,morphine,F,1h,0.0
12522,21,PCN,morphine,F,1h,0.0
12523,22,PCN,morphine,M,4h,0.0
12524,23,PCN,morphine,M,4h,0.0
12525,24,PCN,saline,F,1h,0.0
12526,25,PCN,saline,F,4h,37.79733906732966
12527,26,PCN,saline,F,4h,20.998521704072033
12528,0,CL,morphine,M,1h,473.7682026730501
12529,1,CL,morphine,M,4h,22.16459427710176
12530,2,CL,saline,M,1h,60.95263426202984
12531,3,CL,saline,M,4h,274.28685417913425
12532,4,CL,morphine,F,4h,440.5213112573975
12533,5,CL,saline,F,4h,55.4114856927544
12534,6,CL,morphine,M,1h,371.25695414145446
12535,7,CL,morphine,M,4h,218.87536848637987
12536,8,CL,saline,M,4h,130.21699137797285
12537,9,CL,morphine,F,4h,85.88780282376932
12538,10,CL,saline,F,1h,407.2744198417448
12539,11,CL,saline,M,1h,8.31172285391316
12540,12,CL,morphine,M,1h,8.31172285391316
12541,13,CL,saline,M,4h,2.77057428463772
12542,14,CL,morphine,M,1h,207.793071347829
12543,15,CL,morphine,F,4h,30.47631713101492
12544,16,CL,saline,F,4h,2.77057428463772
12545,17,CL,morphine,M,1h,0.0
12546,18,CL,saline,M,1h,13.8528714231886
12547,19,CL,morphine,F,1h,108.05239710087108
12548,20,CL,morphine,F,1h,5.54114856927544
12549,21,CL,morphine,F,1h,27.7057428463772
12550,22,CL,morphine,M,4h,74.80550568521844
12551,23,CL,morphine,M,4h,0.0
12552,24,CL,saline,F,1h,38.788039984928076
12553,25,CL,saline,F,4h,58.182059977392115
12554,26,CL,saline,F,4h,30.47631713101492
12555,0,PF,morphine,M,1h,226.340242883657
12556,1,PF,morphine,M,4h,2.0576385716696093
12557,2,PF,saline,M,1h,12.345831430017656
12558,3,PF,saline,M,4h,43.210410005061796
12559,4,PF,morphine,F,4h,111.1124828701589
12560,5,PF,saline,F,4h,6.172915715008828
12561,6,PF,morphine,M,1h,53.498602863409836
12562,7,PF,morphine,M,4h,49.38332572007062
12563,8,PF,saline,M,4h,67.9020728650971
12564,9,PF,morphine,F,4h,0.0
12565,10,PF,saline,F,1h,94.65137429680202
12566,11,PF,saline,M,1h,0.0
12567,12,PF,morphine,M,1h,18.51874714502648
12568,13,PF,saline,M,4h,8.230554286678437
12569,14,PF,morphine,M,1h,528.8131129190896
12570,15,PF,morphine,F,4h,119.34303715683733
12571,16,PF,saline,F,4h,69.95971143676671
12572,17,PF,morphine,M,1h,18.51874714502648
12573,18,PF,saline,M,1h,4.115277143339219
12574,19,PF,morphine,F,1h,92.59373572513242
12575,20,PF,morphine,F,1h,16.461108573356874
12576,21,PF,morphine,F,1h,24.69166286003531
12577,22,PF,morphine,M,4h,465.02631719733165
12578,23,PF,morphine,M,4h,0.0
12579,24,PF,saline,F,1h,37.03749429005296
12580,25,PF,saline,F,4h,109.05484429848929
12581,26,PF,saline,F,4h,24.69166286003531
12582,0,PIL,morphine,M,1h,392.84006285441006
12583,1,PIL,morphine,M,4h,0.0
12584,2,PIL,saline,M,1h,0.0
12585,3,PIL,saline,M,4h,56.93334244266813
12586,4,PIL,morphine,F,4h,375.7600601216096
12587,5,PIL,saline,F,4h,352.9867231445424
12588,6,PIL,morphine,M,1h,1235.4535310058984
12589,7,PIL,morphine,M,4h,364.373391633076
12590,8,PIL,saline,M,4h,273.280043724807
12591,9,PIL,morphine,F,4h,5.693334244266812
12592,10,PIL,saline,F,1h,1104.5068433877616
12593,11,PIL,saline,M,1h,17.080002732800438
12594,12,PIL,morphine,M,1h,210.65336703787207
12595,13,PIL,saline,M,4h,22.77333697706725
12596,14,PIL,morphine,M,1h,688.8934435562843
12597,15,PIL,morphine,F,4h,227.7333697706725
12598,16,PIL,saline,F,4h,17.080002732800438
12599,17,PIL,morphine,M,1h,39.85333970986769
12600,18,PIL,saline,M,1h,11.386668488533624
12601,19,PIL,morphine,F,1h,250.50670674773974
12602,20,PIL,morphine,F,1h,261.89337523627336
12603,21,PIL,morphine,F,1h,233.4267040149393
12604,22,PIL,morphine,M,4h,176.4933615722712
12605,23,PIL,morphine,M,4h,113.86668488533626
12606,24,PIL,saline,F,1h,17.080002732800438
12607,25,PIL,saline,F,4h,39.85333970986769
12608,26,PIL,saline,F,4h,45.5466739541345
12609,0,RT,morphine,M,1h,100.87331417200973
12610,1,RT,morphine,M,4h,0.69091311076719
12611,2,RT,saline,M,1h,11.05460977227504
12612,3,RT,saline,M,4h,4.145478664603139
12613,4,RT,morphine,F,4h,17.27282776917975
12614,5,RT,saline,F,4h,2.76365244306876
12615,6,RT,morphine,M,1h,28.32743754145479
12616,7,RT,morphine,M,4h,6.909131107671899
12617,8,RT,saline,M,4h,0.69091311076719
12618,9,RT,morphine,F,4h,0.0
12619,10,RT,saline,F,1h,2.0727393323015697
12620,11,RT,saline,M,1h,1.38182622153438
12621,12,RT,morphine,M,1h,0.69091311076719
12622,13,RT,saline,M,4h,0.69091311076719
12623,14,RT,morphine,M,1h,4.83639177537033
12624,15,RT,morphine,F,4h,2.0727393323015697
12625,16,RT,saline,F,4h,6.218217996904709
12626,17,RT,morphine,M,1h,1.38182622153438
12627,18,RT,saline,M,1h,13.818262215343799
12628,19,RT,morphine,F,1h,0.0
12629,20,RT,morphine,F,1h,4.83639177537033
12630,21,RT,morphine,F,1h,0.69091311076719
12631,22,RT,morphine,M,4h,1.38182622153438
12632,23,RT,morphine,M,4h,0.0
12633,24,RT,saline,F,1h,0.0
12634,25,RT,saline,F,4h,214.87397744859607
12635,26,RT,saline,F,4h,23.491045766084458
12636,0,GENv,morphine,M,1h,145.17059454999028
12637,1,GENv,morphine,M,4h,0.0
12638,2,GENv,saline,M,1h,66.85487906907447
12639,3,GENv,saline,M,4h,1.9101394019735563
12640,4,GENv,morphine,F,4h,26.74195162762979
12641,5,GENv,saline,F,4h,1.9101394019735563
12642,6,GENv,morphine,M,1h,1.9101394019735563
12643,7,GENv,morphine,M,4h,3.8202788039471125
12644,8,GENv,saline,M,4h,0.0
12645,9,GENv,morphine,F,4h,0.0
12646,10,GENv,saline,F,1h,13.370975813814894
12647,11,GENv,saline,M,1h,1.9101394019735563
12648,12,GENv,morphine,M,1h,22.921672823682677
12649,13,GENv,saline,M,4h,252.13840106050944
12650,14,GENv,morphine,M,1h,17.191254617762006
12651,15,GENv,morphine,F,4h,11.460836411841338
12652,16,GENv,saline,F,4h,0.0
12653,17,GENv,morphine,M,1h,22.921672823682677
12654,18,GENv,saline,M,1h,28.652091029603344
12655,19,GENv,morphine,F,1h,1.9101394019735563
12656,20,GENv,morphine,F,1h,38.20278803947112
12657,21,GENv,morphine,F,1h,0.0
12658,22,GENv,morphine,M,4h,0.0
12659,23,GENv,morphine,M,4h,0.0
12660,24,GENv,saline,F,1h,0.0
12661,25,GENv,saline,F,4h,36.29264863749757
12662,26,GENv,saline,F,4h,5.730418205920669
12663,0,IGL,morphine,M,1h,146.1560947091494
12664,1,IGL,morphine,M,4h,0.0
12665,2,IGL,saline,M,1h,14.615609470914938
12666,3,IGL,saline,M,4h,14.615609470914938
12667,4,IGL,morphine,F,4h,0.0
12668,5,IGL,saline,F,4h,0.0
12669,6,IGL,morphine,M,1h,0.0
12670,7,IGL,morphine,M,4h,0.0
12671,8,IGL,saline,M,4h,0.0
12672,9,IGL,morphine,F,4h,0.0
12673,10,IGL,saline,F,1h,29.231218941829876
12674,11,IGL,saline,M,1h,0.0
12675,12,IGL,morphine,M,1h,29.231218941829876
12676,13,IGL,saline,M,4h,73.0780473545747
12677,14,IGL,morphine,M,1h,0.0
12678,15,IGL,morphine,F,4h,0.0
12679,16,IGL,saline,F,4h,0.0
12680,17,IGL,morphine,M,1h,102.30926629640457
12681,18,IGL,saline,M,1h,58.46243788365975
12682,19,IGL,morphine,F,1h,0.0
12683,20,IGL,morphine,F,1h,58.46243788365975
12684,21,IGL,morphine,F,1h,0.0
12685,22,IGL,morphine,M,4h,0.0
12686,23,IGL,morphine,M,4h,0.0
12687,24,IGL,saline,F,1h,0.0
12688,25,IGL,saline,F,4h,29.231218941829876
12689,26,IGL,saline,F,4h,0.0
12690,0,IntG,morphine,M,1h,355.55555555555554
12691,1,IntG,morphine,M,4h,0.0
12692,2,IntG,saline,M,1h,0.0
12693,3,IntG,saline,M,4h,0.0
12694,4,IntG,morphine,F,4h,0.0
12695,5,IntG,saline,F,4h,0.0
12696,6,IntG,morphine,M,1h,0.0
12697,7,IntG,morphine,M,4h,44.44444444444444
12698,8,IntG,saline,M,4h,0.0
12699,9,IntG,morphine,F,4h,0.0
12700,10,IntG,saline,F,1h,0.0
12701,11,IntG,saline,M,1h,0.0
12702,12,IntG,morphine,M,1h,0.0
12703,13,IntG,saline,M,4h,88.88888888888889
12704,14,IntG,morphine,M,1h,0.0
12705,15,IntG,morphine,F,4h,0.0
12706,16,IntG,saline,F,4h,0.0
12707,17,IntG,morphine,M,1h,0.0
12708,18,IntG,saline,M,1h,0.0
12709,19,IntG,morphine,F,1h,0.0
12710,20,IntG,morphine,F,1h,0.0
12711,21,IntG,morphine,F,1h,0.0
12712,22,IntG,morphine,M,4h,0.0
12713,23,IntG,morphine,M,4h,0.0
12714,24,IntG,saline,F,1h,0.0
12715,25,IntG,saline,F,4h,44.44444444444444
12716,26,IntG,saline,F,4h,0.0
12717,0,LGv,morphine,M,1h,142.94798172237532
12718,1,LGv,morphine,M,4h,0.0
12719,2,LGv,saline,M,1h,83.79709273380621
12720,3,LGv,saline,M,4h,0.0
12721,4,LGv,morphine,F,4h,29.575444494284547
12722,5,LGv,saline,F,4h,2.464620374523712
12723,6,LGv,morphine,M,1h,2.464620374523712
12724,7,LGv,morphine,M,4h,2.464620374523712
12725,8,LGv,saline,M,4h,0.0
12726,9,LGv,morphine,F,4h,0.0
12727,10,LGv,saline,F,1h,12.32310187261856
12728,11,LGv,saline,M,1h,2.464620374523712
12729,12,LGv,morphine,M,1h,24.64620374523712
12730,13,LGv,saline,M,4h,303.1483060664166
12731,14,LGv,morphine,M,1h,19.716962996189697
12732,15,LGv,morphine,F,4h,14.787722247142273
12733,16,LGv,saline,F,4h,0.0
12734,17,LGv,morphine,M,1h,12.32310187261856
12735,18,LGv,saline,M,1h,27.110824119760835
12736,19,LGv,morphine,F,1h,2.464620374523712
12737,20,LGv,morphine,F,1h,39.43392599237939
12738,21,LGv,morphine,F,1h,0.0
12739,22,LGv,morphine,M,4h,0.0
12740,23,LGv,morphine,M,4h,0.0
12741,24,LGv,saline,F,1h,0.0
12742,25,LGv,saline,F,4h,39.43392599237939
12743,26,LGv,saline,F,4h,7.393861123571137
12744,0,SubG,morphine,M,1h,0.0
12745,1,SubG,morphine,M,4h,0.0
12746,2,SubG,saline,M,1h,0.0
12747,3,SubG,saline,M,4h,0.0
12748,4,SubG,morphine,F,4h,74.46016381236039
12749,5,SubG,saline,F,4h,0.0
12750,6,SubG,morphine,M,1h,0.0
12751,7,SubG,morphine,M,4h,0.0
12752,8,SubG,saline,M,4h,0.0
12753,9,SubG,morphine,F,4h,0.0
12754,10,SubG,saline,F,1h,0.0
12755,11,SubG,saline,M,1h,0.0
12756,12,SubG,morphine,M,1h,0.0
12757,13,SubG,saline,M,4h,74.46016381236039
12758,14,SubG,morphine,M,1h,37.230081906180196
12759,15,SubG,morphine,F,4h,0.0
12760,16,SubG,saline,F,4h,0.0
12761,17,SubG,morphine,M,1h,0.0
12762,18,SubG,saline,M,1h,0.0
12763,19,SubG,morphine,F,1h,0.0
12764,20,SubG,morphine,F,1h,0.0
12765,21,SubG,morphine,F,1h,0.0
12766,22,SubG,morphine,M,4h,0.0
12767,23,SubG,morphine,M,4h,0.0
12768,24,SubG,saline,F,1h,0.0
12769,25,SubG,saline,F,4h,0.0
12770,26,SubG,saline,F,4h,0.0
12771,0,EPI,morphine,M,1h,376.08349655357085
12772,1,EPI,morphine,M,4h,93.26870714528557
12773,2,EPI,saline,M,1h,96.27737511771414
12774,3,EPI,saline,M,4h,613.7682663754276
12775,4,EPI,morphine,F,4h,338.4751468982138
12776,5,EPI,saline,F,4h,37.60834965535709
12777,6,EPI,morphine,M,1h,138.39872673171408
12778,7,EPI,morphine,M,4h,46.63435357264279
12779,8,EPI,saline,M,4h,81.23403525557131
12780,9,EPI,morphine,F,4h,12.034671889714268
12781,10,EPI,saline,F,1h,78.22536728314275
12782,11,EPI,saline,M,1h,1.5043339862142835
12783,12,EPI,morphine,M,1h,12.034671889714268
12784,13,EPI,saline,M,4h,18.052007834571402
12785,14,EPI,morphine,M,1h,421.2135161399994
12786,15,EPI,morphine,F,4h,4.5130019586428505
12787,16,EPI,saline,F,4h,25.57367776564282
12788,17,EPI,morphine,M,1h,3.008667972428567
12789,18,EPI,saline,M,1h,43.62568560021422
12790,19,EPI,morphine,F,1h,48.13868755885707
12791,20,EPI,morphine,F,1h,34.59968168292852
12792,21,EPI,morphine,F,1h,75.21669931071418
12793,22,EPI,morphine,M,4h,234.67610184942822
12794,23,EPI,morphine,M,4h,10.530337903499984
12795,24,EPI,saline,F,1h,204.58942212514256
12796,25,EPI,saline,F,4h,135.39005875928552
12797,26,EPI,saline,F,4h,18.052007834571402
12798,0,MH,morphine,M,1h,15.62363293211844
12799,1,MH,morphine,M,4h,109.36543052482908
12800,2,MH,saline,M,1h,43.746172209931636
12801,3,MH,saline,M,4h,81.24289124701589
12802,4,MH,morphine,F,4h,174.98468883972654
12803,5,MH,saline,F,4h,53.1203519692027
12804,6,MH,morphine,M,1h,24.997812691389505
12805,7,MH,morphine,M,4h,6.249453172847376
12806,8,MH,saline,M,4h,87.49234441986327
12807,9,MH,morphine,F,4h,3.124726586423688
12808,10,MH,saline,F,1h,49.99562538277901
12809,11,MH,saline,M,1h,0.0
12810,12,MH,morphine,M,1h,0.0
12811,13,MH,saline,M,4h,24.997812691389505
12812,14,MH,morphine,M,1h,256.2275800867424
12813,15,MH,morphine,F,4h,0.0
12814,16,MH,saline,F,4h,34.37199245066057
12815,17,MH,morphine,M,1h,6.249453172847376
12816,18,MH,saline,M,1h,43.746172209931636
12817,19,MH,morphine,F,1h,3.124726586423688
12818,20,MH,morphine,F,1h,6.249453172847376
12819,21,MH,morphine,F,1h,96.86652417913433
12820,22,MH,morphine,M,4h,93.74179759271064
12821,23,MH,morphine,M,4h,12.498906345694753
12822,24,MH,saline,F,1h,84.36761783343958
12823,25,MH,saline,F,4h,21.873086104965818
12824,26,MH,saline,F,4h,15.62363293211844
12825,0,LH,morphine,M,1h,710.7258686810669
12826,1,LH,morphine,M,4h,78.32489165056656
12827,2,LH,saline,M,1h,145.04609564919733
12828,3,LH,saline,M,4h,1108.1521707598677
12829,4,LH,morphine,F,4h,490.255803294287
12830,5,LH,saline,F,4h,23.207375303871572
12831,6,LH,morphine,M,1h,243.6774406906515
12832,7,LH,morphine,M,4h,84.12673547653445
12833,8,LH,saline,M,4h,75.42396973758261
12834,9,LH,morphine,F,4h,20.306453390887626
12835,10,LH,saline,F,1h,104.43318886742207
12836,11,LH,saline,M,1h,2.9009219129839465
12837,12,LH,morphine,M,1h,23.207375303871572
12838,13,LH,saline,M,4h,11.603687651935786
12839,14,LH,morphine,M,1h,574.3825387708214
12840,15,LH,morphine,F,4h,8.70276573895184
12841,16,LH,saline,F,4h,17.40553147790368
12842,17,LH,morphine,M,1h,0.0
12843,18,LH,saline,M,1h,43.5138286947592
12844,19,LH,morphine,F,1h,89.92857930250234
12845,20,LH,morphine,F,1h,60.91936017266288
12846,21,LH,morphine,F,1h,55.117516346694984
12847,22,LH,morphine,M,4h,365.5161610359773
12848,23,LH,morphine,M,4h,8.70276573895184
12849,24,LH,saline,F,1h,316.2004885152502
12850,25,LH,saline,F,4h,240.77651877766758
12851,26,LH,saline,F,4h,20.306453390887626
12852,0,HY,morphine,M,1h,4.407256264585881
12853,1,HY,morphine,M,4h,13.748008347738045
12854,2,HY,saline,M,1h,0.7893593309706054
12855,3,HY,saline,M,4h,0.19733983274265135
12856,4,HY,morphine,F,4h,625.4357099057097
12857,5,HY,saline,F,4h,190.43293859665857
12858,6,HY,morphine,M,1h,575.8376319430566
12859,7,HY,morphine,M,4h,182.5393452869525
12860,8,HY,saline,M,4h,213.71903886029142
12861,9,HY,morphine,F,4h,12.89286907251989
12862,10,HY,saline,F,1h,608.9907238438221
12863,11,HY,saline,M,1h,26.772437308753034
12864,12,HY,morphine,M,1h,81.56713086696256
12865,13,HY,saline,M,4h,32.10061279280462
12866,14,HY,morphine,M,1h,637.6049995915066
12867,15,HY,morphine,F,4h,344.2922281916791
12868,16,HY,saline,F,4h,51.96615595556486
12869,17,HY,morphine,M,1h,173.59327286928564
12870,18,HY,saline,M,1h,5.3939554282991375
12871,19,HY,morphine,F,1h,514.925403569825
12872,20,HY,morphine,F,1h,165.9627993365698
12873,21,HY,morphine,F,1h,186.02568233207268
12874,22,HY,morphine,M,4h,945.6524785027854
12875,23,HY,morphine,M,4h,509.20254842028805
12876,24,HY,saline,F,1h,598.0054731544811
12877,25,HY,saline,F,4h,185.56522272233983
12878,26,HY,saline,F,4h,49.79541779539569
12879,0,PVZ,morphine,M,1h,1.277687487861969
12880,1,PVZ,morphine,M,4h,11.49918739075772
12881,2,PVZ,saline,M,1h,0.0
12882,3,PVZ,saline,M,4h,0.0
12883,4,PVZ,morphine,F,4h,439.5244958245173
12884,5,PVZ,saline,F,4h,72.82818680813223
12885,6,PVZ,morphine,M,1h,482.96587041182426
12886,7,PVZ,morphine,M,4h,98.38193656537162
12887,8,PVZ,saline,M,4h,157.1555610070222
12888,9,PVZ,morphine,F,4h,1.277687487861969
12889,10,PVZ,saline,F,1h,341.14255925914574
12890,11,PVZ,saline,M,1h,1.277687487861969
12891,12,PVZ,morphine,M,1h,3.833062463585907
12892,13,PVZ,saline,M,4h,15.332249854343628
12893,14,PVZ,morphine,M,1h,530.2403074627172
12894,15,PVZ,morphine,F,4h,316.86649698976834
12895,16,PVZ,saline,F,4h,33.219874684411195
12896,17,PVZ,morphine,M,1h,21.720687293653473
12897,18,PVZ,saline,M,1h,10.221499902895752
12898,19,PVZ,morphine,F,1h,199.31924810646717
12899,20,PVZ,morphine,F,1h,48.552124538754825
12900,21,PVZ,morphine,F,1h,56.21824946592664
12901,22,PVZ,morphine,M,4h,1423.3438614782335
12902,23,PVZ,morphine,M,4h,260.6482475238417
12903,24,PVZ,saline,F,1h,505.9642451933397
12904,25,PVZ,saline,F,4h,53.6628744902027
12905,26,PVZ,saline,F,4h,0.0
12906,0,SO,morphine,M,1h,0.0
12907,1,SO,morphine,M,4h,191.70962382311595
12908,2,SO,saline,M,1h,0.0
12909,3,SO,saline,M,4h,0.0
12910,4,SO,morphine,F,4h,85.20427725471819
12911,5,SO,saline,F,4h,63.903207941038644
12912,6,SO,morphine,M,1h,0.0
12913,7,SO,morphine,M,4h,0.0
12914,8,SO,saline,M,4h,0.0
12915,9,SO,morphine,F,4h,0.0
12916,10,SO,saline,F,1h,42.602138627359096
12917,11,SO,saline,M,1h,0.0
12918,12,SO,morphine,M,1h,21.301069313679548
12919,13,SO,saline,M,4h,255.61283176415458
12920,14,SO,morphine,M,1h,234.31176245047504
12921,15,SO,morphine,F,4h,276.9139010778341
12922,16,SO,saline,F,4h,63.903207941038644
12923,17,SO,morphine,M,1h,21.301069313679548
12924,18,SO,saline,M,1h,21.301069313679548
12925,19,SO,morphine,F,1h,63.903207941038644
12926,20,SO,morphine,F,1h,170.40855450943639
12927,21,SO,morphine,F,1h,42.602138627359096
12928,22,SO,morphine,M,4h,915.9459804882206
12929,23,SO,morphine,M,4h,1469.7737826438888
12930,24,SO,saline,F,1h,1618.8812678396457
12931,25,SO,saline,F,4h,21.301069313679548
12932,26,SO,saline,F,4h,0.0
12933,0,ASO,morphine,M,1h,0.0
12934,1,ASO,morphine,M,4h,0.0
12935,2,ASO,saline,M,1h,0.0
12936,3,ASO,saline,M,4h,0.0
12937,4,ASO,morphine,F,4h,321.853878339234
12938,5,ASO,saline,F,4h,321.853878339234
12939,6,ASO,morphine,M,1h,804.634695848085
12940,7,ASO,morphine,M,4h,0.0
12941,8,ASO,saline,M,4h,482.780817508851
12942,9,ASO,morphine,F,4h,0.0
12943,10,ASO,saline,F,1h,482.780817508851
12944,11,ASO,saline,M,1h,0.0
12945,12,ASO,morphine,M,1h,160.926939169617
12946,13,ASO,saline,M,4h,0.0
12947,14,ASO,morphine,M,1h,1126.488574187319
12948,15,ASO,morphine,F,4h,643.707756678468
12949,16,ASO,saline,F,4h,160.926939169617
12950,17,ASO,morphine,M,1h,321.853878339234
12951,18,ASO,saline,M,1h,0.0
12952,19,ASO,morphine,F,1h,1609.26939169617
12953,20,ASO,morphine,F,1h,0.0
12954,21,ASO,morphine,F,1h,160.926939169617
12955,22,ASO,morphine,M,4h,2092.050209205021
12956,23,ASO,morphine,M,4h,1287.415513356936
12957,24,ASO,saline,F,1h,160.926939169617
12958,25,ASO,saline,F,4h,0.0
12959,26,ASO,saline,F,4h,0.0
12960,0,PVH,morphine,M,1h,5.298013245033113
12961,1,PVH,morphine,M,4h,0.0
12962,2,PVH,saline,M,1h,0.0
12963,3,PVH,saline,M,4h,0.0
12964,4,PVH,morphine,F,4h,1139.0728476821191
12965,5,PVH,saline,F,4h,249.0066225165563
12966,6,PVH,morphine,M,1h,1711.2582781456954
12967,7,PVH,morphine,M,4h,328.47682119205297
12968,8,PVH,saline,M,4h,508.6092715231788
12969,9,PVH,morphine,F,4h,5.298013245033113
12970,10,PVH,saline,F,1h,1223.841059602649
12971,11,PVH,saline,M,1h,0.0
12972,12,PVH,morphine,M,1h,5.298013245033113
12973,13,PVH,saline,M,4h,0.0
12974,14,PVH,morphine,M,1h,842.384105960265
12975,15,PVH,morphine,F,4h,206.6225165562914
12976,16,PVH,saline,F,4h,90.06622516556291
12977,17,PVH,morphine,M,1h,68.87417218543047
12978,18,PVH,saline,M,1h,0.0
12979,19,PVH,morphine,F,1h,201.32450331125827
12980,20,PVH,morphine,F,1h,74.17218543046357
12981,21,PVH,morphine,F,1h,31.788079470198674
12982,22,PVH,morphine,M,4h,455.6291390728477
12983,23,PVH,morphine,M,4h,291.3907284768212
12984,24,PVH,saline,F,1h,37.086092715231786
12985,25,PVH,saline,F,4h,42.384105960264904
12986,26,PVH,saline,F,4h,0.0
12987,0,PVa,morphine,M,1h,0.0
12988,1,PVa,morphine,M,4h,0.0
12989,2,PVa,saline,M,1h,0.0
12990,3,PVa,saline,M,4h,0.0
12991,4,PVa,morphine,F,4h,177.22815170729785
12992,5,PVa,saline,F,4h,0.0
12993,6,PVa,morphine,M,1h,19.69201685636643
12994,7,PVa,morphine,M,4h,19.69201685636643
12995,8,PVa,saline,M,4h,0.0
12996,9,PVa,morphine,F,4h,0.0
12997,10,PVa,saline,F,1h,39.38403371273286
12998,11,PVa,saline,M,1h,0.0
12999,12,PVa,morphine,M,1h,0.0
13000,13,PVa,saline,M,4h,0.0
13001,14,PVa,morphine,M,1h,177.22815170729785
13002,15,PVa,morphine,F,4h,334.7642865582293
13003,16,PVa,saline,F,4h,0.0
13004,17,PVa,morphine,M,1h,0.0
13005,18,PVa,saline,M,1h,0.0
13006,19,PVa,morphine,F,1h,118.15210113819857
13007,20,PVa,morphine,F,1h,0.0
13008,21,PVa,morphine,F,1h,19.69201685636643
13009,22,PVa,morphine,M,4h,5868.221023197196
13010,23,PVa,morphine,M,4h,19.69201685636643
13011,24,PVa,saline,F,1h,689.220589972825
13012,25,PVa,saline,F,4h,59.07605056909929
13013,26,PVa,saline,F,4h,0.0
13014,0,PVi,morphine,M,1h,0.0
13015,1,PVi,morphine,M,4h,0.0
13016,2,PVi,saline,M,1h,0.0
13017,3,PVi,saline,M,4h,0.0
13018,4,PVi,morphine,F,4h,492.59642209173023
13019,5,PVi,saline,F,4h,19.508769191751693
13020,6,PVi,morphine,M,1h,204.84207651339278
13021,7,PVi,morphine,M,4h,29.263153787627537
13022,8,PVi,saline,M,4h,112.17542285257224
13023,9,PVi,morphine,F,4h,0.0
13024,10,PVi,saline,F,1h,82.9122690649447
13025,11,PVi,saline,M,1h,4.877192297937923
13026,12,PVi,morphine,M,1h,0.0
13027,13,PVi,saline,M,4h,0.0
13028,14,PVi,morphine,M,1h,760.841998478316
13029,15,PVi,morphine,F,4h,468.2104606020406
13030,16,PVi,saline,F,4h,24.385961489689617
13031,17,PVi,morphine,M,1h,4.877192297937923
13032,18,PVi,saline,M,1h,0.0
13033,19,PVi,morphine,F,1h,195.08769191751693
13034,20,PVi,morphine,F,1h,63.403499873193
13035,21,PVi,morphine,F,1h,92.66665366082054
13036,22,PVi,morphine,M,4h,1394.8769972102461
13037,23,PVi,morphine,M,4h,321.8946916639029
13038,24,PVi,saline,F,1h,492.59642209173023
13039,25,PVi,saline,F,4h,126.806999746386
13040,26,PVi,saline,F,4h,0.0
13041,0,ARH,morphine,M,1h,0.0
13042,1,ARH,morphine,M,4h,0.0
13043,2,ARH,saline,M,1h,0.0
13044,3,ARH,saline,M,4h,0.0
13045,4,ARH,morphine,F,4h,45.624280540191485
13046,5,ARH,saline,F,4h,3.509560041553191
13047,6,ARH,morphine,M,1h,24.56692029087234
13048,7,ARH,morphine,M,4h,28.07648033242553
13049,8,ARH,saline,M,4h,3.509560041553191
13050,9,ARH,morphine,F,4h,0.0
13051,10,ARH,saline,F,1h,42.1147204986383
13052,11,ARH,saline,M,1h,0.0
13053,12,ARH,morphine,M,1h,0.0
13054,13,ARH,saline,M,4h,0.0
13055,14,ARH,morphine,M,1h,256.19788303338294
13056,15,ARH,morphine,F,4h,277.2552432827021
13057,16,ARH,saline,F,4h,0.0
13058,17,ARH,morphine,M,1h,0.0
13059,18,ARH,saline,M,1h,24.56692029087234
13060,19,ARH,morphine,F,1h,207.0640424516383
13061,20,ARH,morphine,F,1h,10.528680124659575
13062,21,ARH,morphine,F,1h,52.64340062329787
13063,22,ARH,morphine,M,4h,1361.7092961226383
13064,23,ARH,morphine,M,4h,17.547800207765956
13065,24,ARH,saline,F,1h,617.6825673133617
13066,25,ARH,saline,F,4h,14.038240166212764
13067,26,ARH,saline,F,4h,0.0
13068,0,PVR,morphine,M,1h,9.776250944630249
13069,1,PVR,morphine,M,4h,5.376938019546637
13070,2,PVR,saline,M,1h,1.9552501889260496
13071,3,PVR,saline,M,4h,0.4888125472315124
13072,4,PVR,morphine,F,4h,712.1998813163136
13073,5,PVR,saline,F,4h,182.81589266458565
13074,6,PVR,morphine,M,1h,377.3632864627276
13075,7,PVR,morphine,M,4h,145.1773265277592
13076,8,PVR,saline,M,4h,151.04307709453735
13077,9,PVR,morphine,F,4h,5.376938019546637
13078,10,PVR,saline,F,1h,585.1086190361203
13079,11,PVR,saline,M,1h,4.399312925083612
13080,12,PVR,morphine,M,1h,30.795190475585283
13081,13,PVR,saline,M,4h,16.619626605871424
13082,14,PVR,morphine,M,1h,520.0965502543293
13083,15,PVR,morphine,F,4h,418.4235404301746
13084,16,PVR,saline,F,4h,27.86231519219621
13085,17,PVR,morphine,M,1h,175.97251700334448
13086,18,PVR,saline,M,1h,5.376938019546637
13087,19,PVR,morphine,F,1h,539.6490521435898
13088,20,PVR,morphine,F,1h,211.6558329512449
13089,21,PVR,morphine,F,1h,96.78488435183947
13090,22,PVR,morphine,M,4h,1714.7544156881456
13091,23,PVR,morphine,M,4h,648.654250176217
13092,24,PVR,saline,F,1h,790.4098888733556
13093,25,PVR,saline,F,4h,126.60244973296172
13094,26,PVR,saline,F,4h,32.26162811727982
13095,0,ADP,morphine,M,1h,0.0
13096,1,ADP,morphine,M,4h,0.0
13097,2,ADP,saline,M,1h,0.0
13098,3,ADP,saline,M,4h,0.0
13099,4,ADP,morphine,F,4h,321.5111021802472
13100,5,ADP,saline,F,4h,381.7944338390435
13101,6,ADP,morphine,M,1h,311.46388023711444
13102,7,ADP,morphine,M,4h,401.888877725309
13103,8,ADP,saline,M,4h,632.9749824173616
13104,9,ADP,morphine,F,4h,0.0
13105,10,ADP,saline,F,1h,1014.7694162564052
13106,11,ADP,saline,M,1h,10.047221943132724
13107,12,ADP,morphine,M,1h,0.0
13108,13,ADP,saline,M,4h,20.09444388626545
13109,14,ADP,morphine,M,1h,50.23610971566362
13110,15,ADP,morphine,F,4h,331.5583241233799
13111,16,ADP,saline,F,4h,20.09444388626545
13112,17,ADP,morphine,M,1h,170.80277303325633
13113,18,ADP,saline,M,1h,0.0
13114,19,ADP,morphine,F,1h,321.5111021802472
13115,20,ADP,morphine,F,1h,50.23610971566362
13116,21,ADP,morphine,F,1h,0.0
13117,22,ADP,morphine,M,4h,0.0
13118,23,ADP,morphine,M,4h,60.28333165879635
13119,24,ADP,saline,F,1h,0.0
13120,25,ADP,saline,F,4h,0.0
13121,26,ADP,saline,F,4h,40.1888877725309
13122,0,AVP,morphine,M,1h,54.02134923721855
13123,1,AVP,morphine,M,4h,0.0
13124,2,AVP,saline,M,1h,0.0
13125,3,AVP,saline,M,4h,10.80426984744371
13126,4,AVP,morphine,F,4h,356.5409049656424
13127,5,AVP,saline,F,4h,118.84696832188081
13128,6,AVP,morphine,M,1h,183.67258740654307
13129,7,AVP,morphine,M,4h,43.21707938977484
13130,8,AVP,saline,M,4h,10.80426984744371
13131,9,AVP,morphine,F,4h,21.60853969488742
13132,10,AVP,saline,F,1h,75.62988893210597
13133,11,AVP,saline,M,1h,0.0
13134,12,AVP,morphine,M,1h,10.80426984744371
13135,13,AVP,saline,M,4h,0.0
13136,14,AVP,morphine,M,1h,1177.6654133713644
13137,15,AVP,morphine,F,4h,270.1067461860927
13138,16,AVP,saline,F,4h,0.0
13139,17,AVP,morphine,M,1h,32.41280954233113
13140,18,AVP,saline,M,1h,0.0
13141,19,AVP,morphine,F,1h,399.75798435541725
13142,20,AVP,morphine,F,1h,399.75798435541725
13143,21,AVP,morphine,F,1h,0.0
13144,22,AVP,morphine,M,4h,1599.031937421669
13145,23,AVP,morphine,M,4h,324.1280954233113
13146,24,AVP,saline,F,1h,864.3415877954968
13147,25,AVP,saline,F,4h,10.80426984744371
13148,26,AVP,saline,F,4h,32.41280954233113
13149,0,AVPV,morphine,M,1h,0.0
13150,1,AVPV,morphine,M,4h,22.07700459201696
13151,2,AVPV,saline,M,1h,0.0
13152,3,AVPV,saline,M,4h,0.0
13153,4,AVPV,morphine,F,4h,226.28929706817382
13154,5,AVPV,saline,F,4h,33.115506888025436
13155,6,AVPV,morphine,M,1h,11.03850229600848
13156,7,AVPV,morphine,M,4h,0.0
13157,8,AVPV,saline,M,4h,11.03850229600848
13158,9,AVPV,morphine,F,4h,5.51925114800424
13159,10,AVPV,saline,F,1h,27.596255740021196
13160,11,AVPV,saline,M,1h,0.0
13161,12,AVPV,morphine,M,1h,0.0
13162,13,AVPV,saline,M,4h,0.0
13163,14,AVPV,morphine,M,1h,303.55881314023316
13164,15,AVPV,morphine,F,4h,154.5390321441187
13165,16,AVPV,saline,F,4h,22.07700459201696
13166,17,AVPV,morphine,M,1h,0.0
13167,18,AVPV,saline,M,1h,0.0
13168,19,AVPV,morphine,F,1h,60.711762628046635
13169,20,AVPV,morphine,F,1h,77.26951607205935
13170,21,AVPV,morphine,F,1h,27.596255740021196
13171,22,AVPV,morphine,M,4h,2323.604733309785
13172,23,AVPV,morphine,M,4h,518.8096079123985
13173,24,AVPV,saline,F,1h,877.5609325326741
13174,25,AVPV,saline,F,4h,0.0
13175,26,AVPV,saline,F,4h,5.51925114800424
13176,0,DMH,morphine,M,1h,0.0
13177,1,DMH,morphine,M,4h,0.0
13178,2,DMH,saline,M,1h,0.0
13179,3,DMH,saline,M,4h,0.0
13180,4,DMH,morphine,F,4h,1231.1799650057703
13181,5,DMH,saline,F,4h,210.07174348910553
13182,6,DMH,morphine,M,1h,1300.317500837628
13183,7,DMH,morphine,M,4h,271.2318713403641
13184,8,DMH,saline,M,4h,329.73286319808966
13185,9,DMH,morphine,F,4h,0.0
13186,10,DMH,saline,F,1h,1196.6111970898417
13187,11,DMH,saline,M,1h,10.636543974131925
13188,12,DMH,morphine,M,1h,90.41062378012136
13189,13,DMH,saline,M,4h,5.3182719870659625
13190,14,DMH,morphine,M,1h,983.8803176072031
13191,15,DMH,morphine,F,4h,866.8783338917518
13192,16,DMH,saline,F,4h,74.45580781892347
13193,17,DMH,morphine,M,1h,582.3507825837229
13194,18,DMH,saline,M,1h,0.0
13195,19,DMH,morphine,F,1h,763.1720301439656
13196,20,DMH,morphine,F,1h,162.20729560551186
13197,21,DMH,morphine,F,1h,292.50495928862796
13198,22,DMH,morphine,M,4h,2028.9207630656647
13199,23,DMH,morphine,M,4h,1457.2065244560738
13200,24,DMH,saline,F,1h,1390.7281246177492
13201,25,DMH,saline,F,4h,351.00595114635354
13202,26,DMH,saline,F,4h,26.591359935329812
13203,0,MEPO,morphine,M,1h,0.0
13204,1,MEPO,morphine,M,4h,0.0
13205,2,MEPO,saline,M,1h,49.67709885742673
13206,3,MEPO,saline,M,4h,0.0
13207,4,MEPO,morphine,F,4h,745.156482861401
13208,5,MEPO,saline,F,4h,347.7396920019871
13209,6,MEPO,morphine,M,1h,248.38549428713364
13210,7,MEPO,morphine,M,4h,99.35419771485346
13211,8,MEPO,saline,M,4h,74.51564828614009
13212,9,MEPO,morphine,F,4h,0.0
13213,10,MEPO,saline,F,1h,546.448087431694
13214,11,MEPO,saline,M,1h,0.0
13215,12,MEPO,morphine,M,1h,0.0
13216,13,MEPO,saline,M,4h,0.0
13217,14,MEPO,morphine,M,1h,1217.0889220069548
13218,15,MEPO,morphine,F,4h,198.7083954297069
13219,16,MEPO,saline,F,4h,0.0
13220,17,MEPO,morphine,M,1h,49.67709885742673
13221,18,MEPO,saline,M,1h,0.0
13222,19,MEPO,morphine,F,1h,149.03129657228018
13223,20,MEPO,morphine,F,1h,173.86984600099356
13224,21,MEPO,morphine,F,1h,0.0
13225,22,MEPO,morphine,M,4h,496.7709885742673
13226,23,MEPO,morphine,M,4h,198.7083954297069
13227,24,MEPO,saline,F,1h,149.03129657228018
13228,25,MEPO,saline,F,4h,24.838549428713364
13229,26,MEPO,saline,F,4h,24.838549428713364
13230,0,MPO,morphine,M,1h,9.000414019044877
13231,1,MPO,morphine,M,4h,0.0
13232,2,MPO,saline,M,1h,3.6001656076179507
13233,3,MPO,saline,M,4h,0.0
13234,4,MPO,morphine,F,4h,1018.84686695588
13235,5,MPO,saline,F,4h,288.01324860943606
13236,6,MPO,morphine,M,1h,214.20985365326806
13237,7,MPO,morphine,M,4h,147.60678991233598
13238,8,MPO,saline,M,4h,115.20529944377442
13239,9,MPO,morphine,F,4h,10.800496822853852
13240,10,MPO,saline,F,1h,549.0252551617375
13241,11,MPO,saline,M,1h,3.6001656076179507
13242,12,MPO,morphine,M,1h,37.801738879988484
13243,13,MPO,saline,M,4h,34.20157327237053
13244,14,MPO,morphine,M,1h,592.2272424531528
13245,15,MPO,morphine,F,4h,520.2239303007939
13246,16,MPO,saline,F,4h,7.200331215235901
13247,17,MPO,morphine,M,1h,183.60844598851548
13248,18,MPO,saline,M,1h,0.0
13249,19,MPO,morphine,F,1h,1054.8485230320596
13250,20,MPO,morphine,F,1h,432.01987291415406
13251,21,MPO,morphine,F,1h,95.4043886018757
13252,22,MPO,morphine,M,4h,1377.063344913866
13253,23,MPO,morphine,M,4h,496.82285385127716
13254,24,MPO,saline,F,1h,549.0252551617375
13255,25,MPO,saline,F,4h,158.4072867351898
13256,26,MPO,saline,F,4h,77.40356056378594
13257,0,OV,morphine,M,1h,0.0
13258,1,OV,morphine,M,4h,115.42012927054479
13259,2,OV,saline,M,1h,0.0
13260,3,OV,saline,M,4h,0.0
13261,4,OV,morphine,F,4h,115.42012927054479
13262,5,OV,saline,F,4h,0.0
13263,6,OV,morphine,M,1h,0.0
13264,7,OV,morphine,M,4h,0.0
13265,8,OV,saline,M,4h,0.0
13266,9,OV,morphine,F,4h,0.0
13267,10,OV,saline,F,1h,0.0
13268,11,OV,saline,M,1h,0.0
13269,12,OV,morphine,M,1h,0.0
13270,13,OV,saline,M,4h,115.42012927054479
13271,14,OV,morphine,M,1h,0.0
13272,15,OV,morphine,F,4h,230.84025854108958
13273,16,OV,saline,F,4h,0.0
13274,17,OV,morphine,M,1h,0.0
13275,18,OV,saline,M,1h,0.0
13276,19,OV,morphine,F,1h,115.42012927054479
13277,20,OV,morphine,F,1h,0.0
13278,21,OV,morphine,F,1h,461.68051708217916
13279,22,OV,morphine,M,4h,1269.6214219759927
13280,23,OV,morphine,M,4h,0.0
13281,24,OV,saline,F,1h,1038.781163434903
13282,25,OV,saline,F,4h,115.42012927054479
13283,26,OV,saline,F,4h,115.42012927054479
13284,0,PD,morphine,M,1h,0.0
13285,1,PD,morphine,M,4h,0.0
13286,2,PD,saline,M,1h,0.0
13287,3,PD,saline,M,4h,0.0
13288,4,PD,morphine,F,4h,257.1575518601063
13289,5,PD,saline,F,4h,85.71918395336877
13290,6,PD,morphine,M,1h,2400.1371506943256
13291,7,PD,morphine,M,4h,171.43836790673754
13292,8,PD,saline,M,4h,1114.349391393794
13293,9,PD,morphine,F,4h,171.43836790673754
13294,10,PD,saline,F,1h,4800.274301388651
13295,11,PD,saline,M,1h,0.0
13296,12,PD,morphine,M,1h,0.0
13297,13,PD,saline,M,4h,0.0
13298,14,PD,morphine,M,1h,342.8767358134751
13299,15,PD,morphine,F,4h,942.9110234870565
13300,16,PD,saline,F,4h,0.0
13301,17,PD,morphine,M,1h,0.0
13302,18,PD,saline,M,1h,0.0
13303,19,PD,morphine,F,1h,257.1575518601063
13304,20,PD,morphine,F,1h,0.0
13305,21,PD,morphine,F,1h,0.0
13306,22,PD,morphine,M,4h,0.0
13307,23,PD,morphine,M,4h,171.43836790673754
13308,24,PD,saline,F,1h,0.0
13309,25,PD,saline,F,4h,0.0
13310,26,PD,saline,F,4h,0.0
13311,0,PS,morphine,M,1h,103.44470880314472
13312,1,PS,morphine,M,4h,0.0
13313,2,PS,saline,M,1h,0.0
13314,3,PS,saline,M,4h,0.0
13315,4,PS,morphine,F,4h,703.4240198613842
13316,5,PS,saline,F,4h,279.30071376849077
13317,6,PS,morphine,M,1h,165.51153408503157
13318,7,PS,morphine,M,4h,227.5783593669184
13319,8,PS,saline,M,4h,186.20047584566052
13320,9,PS,morphine,F,4h,0.0
13321,10,PS,saline,F,1h,1986.1384090203787
13322,11,PS,saline,M,1h,0.0
13323,12,PS,morphine,M,1h,31.033412640943418
13324,13,PS,saline,M,4h,0.0
13325,14,PS,morphine,M,1h,20.688941760628946
13326,15,PS,morphine,F,4h,393.08989345195
13327,16,PS,saline,F,4h,31.033412640943418
13328,17,PS,morphine,M,1h,10.344470880314473
13329,18,PS,saline,M,1h,0.0
13330,19,PS,morphine,F,1h,558.6014275369815
13331,20,PS,morphine,F,1h,537.9124857763526
13332,21,PS,morphine,F,1h,82.75576704251579
13333,22,PS,morphine,M,4h,31.033412640943418
13334,23,PS,morphine,M,4h,341.3675390503776
13335,24,PS,saline,F,1h,10.344470880314473
13336,25,PS,saline,F,4h,41.37788352125789
13337,26,PS,saline,F,4h,10.344470880314473
13338,0,PVp,morphine,M,1h,0.0
13339,1,PVp,morphine,M,4h,0.0
13340,2,PVp,saline,M,1h,0.0
13341,3,PVp,saline,M,4h,0.0
13342,4,PVp,morphine,F,4h,144.51099086369405
13343,5,PVp,saline,F,4h,24.085165143949006
13344,6,PVp,morphine,M,1h,64.22710705053068
13345,7,PVp,morphine,M,4h,64.22710705053068
13346,8,PVp,saline,M,4h,40.14194190658168
13347,9,PVp,morphine,F,4h,0.0
13348,10,PVp,saline,F,1h,96.34066057579602
13349,11,PVp,saline,M,1h,0.0
13350,12,PVp,morphine,M,1h,16.05677676263267
13351,13,PVp,saline,M,4h,8.028388381316335
13352,14,PVp,morphine,M,1h,24.085165143949006
13353,15,PVp,morphine,F,4h,144.51099086369405
13354,16,PVp,saline,F,4h,0.0
13355,17,PVp,morphine,M,1h,0.0
13356,18,PVp,saline,M,1h,88.31227219447969
13357,19,PVp,morphine,F,1h,64.22710705053068
13358,20,PVp,morphine,F,1h,16.05677676263267
13359,21,PVp,morphine,F,1h,40.14194190658168
13360,22,PVp,morphine,M,4h,1412.996355111675
13361,23,PVp,morphine,M,4h,337.19231201528606
13362,24,PVp,saline,F,1h,433.5329725910821
13363,25,PVp,saline,F,4h,16.05677676263267
13364,26,PVp,saline,F,4h,0.0
13365,0,PVpo,morphine,M,1h,0.0
13366,1,PVpo,morphine,M,4h,6.7728651928912
13367,2,PVpo,saline,M,1h,0.0
13368,3,PVpo,saline,M,4h,0.0
13369,4,PVpo,morphine,F,4h,487.64629388816644
13370,5,PVpo,saline,F,4h,169.32162982228002
13371,6,PVpo,morphine,M,1h,115.1387082791504
13372,7,PVpo,morphine,M,4h,128.6844386649328
13373,8,PVpo,saline,M,4h,67.728651928912
13374,9,PVpo,morphine,F,4h,0.0
13375,10,PVpo,saline,F,1h,182.86736020806242
13376,11,PVpo,saline,M,1h,13.5457303857824
13377,12,PVpo,morphine,M,1h,0.0
13378,13,PVpo,saline,M,4h,20.3185955786736
13379,14,PVpo,morphine,M,1h,467.32769830949286
13380,15,PVpo,morphine,F,4h,250.59601213697442
13381,16,PVpo,saline,F,4h,47.410056350238406
13382,17,PVpo,morphine,M,1h,47.410056350238406
13383,18,PVpo,saline,M,1h,0.0
13384,19,PVpo,morphine,F,1h,155.7758994364976
13385,20,PVpo,morphine,F,1h,6.7728651928912
13386,21,PVpo,morphine,F,1h,13.5457303857824
13387,22,PVpo,morphine,M,4h,1943.8123103597745
13388,23,PVpo,morphine,M,4h,345.4161248374512
13389,24,PVpo,saline,F,1h,318.32466406588645
13390,25,PVpo,saline,F,4h,94.82011270047681
13391,26,PVpo,saline,F,4h,6.7728651928912
13392,0,SBPV,morphine,M,1h,0.0
13393,1,SBPV,morphine,M,4h,0.0
13394,2,SBPV,saline,M,1h,0.0
13395,3,SBPV,saline,M,4h,0.0
13396,4,SBPV,morphine,F,4h,804.3875685557587
13397,5,SBPV,saline,F,4h,91.40767824497259
13398,6,SBPV,morphine,M,1h,219.37842778793419
13399,7,SBPV,morphine,M,4h,9.140767824497258
13400,8,SBPV,saline,M,4h,45.70383912248629
13401,9,SBPV,morphine,F,4h,0.0
13402,10,SBPV,saline,F,1h,164.53382084095065
13403,11,SBPV,saline,M,1h,0.0
13404,12,SBPV,morphine,M,1h,0.0
13405,13,SBPV,saline,M,4h,27.422303473491773
13406,14,SBPV,morphine,M,1h,356.48994515539306
13407,15,SBPV,morphine,F,4h,274.22303473491775
13408,16,SBPV,saline,F,4h,9.140767824497258
13409,17,SBPV,morphine,M,1h,63.98537477148081
13410,18,SBPV,saline,M,1h,0.0
13411,19,SBPV,morphine,F,1h,383.9122486288848
13412,20,SBPV,morphine,F,1h,18.281535648994517
13413,21,SBPV,morphine,F,1h,73.12614259597807
13414,22,SBPV,morphine,M,4h,5429.616087751371
13415,23,SBPV,morphine,M,4h,1142.5959780621572
13416,24,SBPV,saline,F,1h,1526.5082266910422
13417,25,SBPV,saline,F,4h,137.11151736745887
13418,26,SBPV,saline,F,4h,9.140767824497258
13419,0,SCH,morphine,M,1h,0.0
13420,1,SCH,morphine,M,4h,0.0
13421,2,SCH,saline,M,1h,0.0
13422,3,SCH,saline,M,4h,0.0
13423,4,SCH,morphine,F,4h,0.0
13424,5,SCH,saline,F,4h,0.0
13425,6,SCH,morphine,M,1h,0.0
13426,7,SCH,morphine,M,4h,0.0
13427,8,SCH,saline,M,4h,0.0
13428,9,SCH,morphine,F,4h,0.0
13429,10,SCH,saline,F,1h,15.203113597664801
13430,11,SCH,saline,M,1h,0.0
13431,12,SCH,morphine,M,1h,0.0
13432,13,SCH,saline,M,4h,0.0
13433,14,SCH,morphine,M,1h,167.23424957431283
13434,15,SCH,morphine,F,4h,45.6093407929944
13435,16,SCH,saline,F,4h,0.0
13436,17,SCH,morphine,M,1h,0.0
13437,18,SCH,saline,M,1h,0.0
13438,19,SCH,morphine,F,1h,60.812454390659205
13439,20,SCH,morphine,F,1h,0.0
13440,21,SCH,morphine,F,1h,0.0
13441,22,SCH,morphine,M,4h,2128.435903673072
13442,23,SCH,morphine,M,4h,106.42179518365361
13443,24,SCH,saline,F,1h,1125.0304062271953
13444,25,SCH,saline,F,4h,0.0
13445,26,SCH,saline,F,4h,0.0
13446,0,SFO,morphine,M,1h,0.0
13447,1,SFO,morphine,M,4h,0.0
13448,2,SFO,saline,M,1h,0.0
13449,3,SFO,saline,M,4h,0.0
13450,4,SFO,morphine,F,4h,1592.9716161421125
13451,5,SFO,saline,F,4h,0.0
13452,6,SFO,morphine,M,1h,144.81560146746477
13453,7,SFO,morphine,M,4h,579.2624058698591
13454,8,SFO,saline,M,4h,0.0
13455,9,SFO,morphine,F,4h,0.0
13456,10,SFO,saline,F,1h,0.0
13457,11,SFO,saline,M,1h,0.0
13458,12,SFO,morphine,M,1h,0.0
13459,13,SFO,saline,M,4h,0.0
13460,14,SFO,morphine,M,1h,0.0
13461,15,SFO,morphine,F,4h,96.54373431164318
13462,16,SFO,saline,F,4h,48.27186715582159
13463,17,SFO,morphine,M,1h,0.0
13464,18,SFO,saline,M,1h,0.0
13465,19,SFO,morphine,F,1h,0.0
13466,20,SFO,morphine,F,1h,0.0
13467,21,SFO,morphine,F,1h,96.54373431164318
13468,22,SFO,morphine,M,4h,0.0
13469,23,SFO,morphine,M,4h,0.0
13470,24,SFO,saline,F,1h,0.0
13471,25,SFO,saline,F,4h,48.27186715582159
13472,26,SFO,saline,F,4h,0.0
13473,0,VMPO,morphine,M,1h,0.0
13474,1,VMPO,morphine,M,4h,39.89786147462496
13475,2,VMPO,saline,M,1h,0.0
13476,3,VMPO,saline,M,4h,0.0
13477,4,VMPO,morphine,F,4h,39.89786147462496
13478,5,VMPO,saline,F,4h,0.0
13479,6,VMPO,morphine,M,1h,0.0
13480,7,VMPO,morphine,M,4h,0.0
13481,8,VMPO,saline,M,4h,0.0
13482,9,VMPO,morphine,F,4h,0.0
13483,10,VMPO,saline,F,1h,0.0
13484,11,VMPO,saline,M,1h,0.0
13485,12,VMPO,morphine,M,1h,0.0
13486,13,VMPO,saline,M,4h,0.0
13487,14,VMPO,morphine,M,1h,0.0
13488,15,VMPO,morphine,F,4h,59.84679221193744
13489,16,VMPO,saline,F,4h,99.7446536865624
13490,17,VMPO,morphine,M,1h,0.0
13491,18,VMPO,saline,M,1h,0.0
13492,19,VMPO,morphine,F,1h,79.79572294924992
13493,20,VMPO,morphine,F,1h,59.84679221193744
13494,21,VMPO,morphine,F,1h,0.0
13495,22,VMPO,morphine,M,4h,2034.790935205873
13496,23,VMPO,morphine,M,4h,1695.659112671561
13497,24,VMPO,saline,F,1h,1516.1187360357485
13498,25,VMPO,saline,F,4h,0.0
13499,26,VMPO,saline,F,4h,0.0
13500,0,VLPO,morphine,M,1h,0.0
13501,1,VLPO,morphine,M,4h,45.85333048023722
13502,2,VLPO,saline,M,1h,0.0
13503,3,VLPO,saline,M,4h,0.0
13504,4,VLPO,morphine,F,4h,106.99110445388683
13505,5,VLPO,saline,F,4h,0.0
13506,6,VLPO,morphine,M,1h,122.27554794729924
13507,7,VLPO,morphine,M,4h,15.284443493412406
13508,8,VLPO,saline,M,4h,15.284443493412406
13509,9,VLPO,morphine,F,4h,0.0
13510,10,VLPO,saline,F,1h,15.284443493412406
13511,11,VLPO,saline,M,1h,0.0
13512,12,VLPO,morphine,M,1h,30.56888698682481
13513,13,VLPO,saline,M,4h,45.85333048023722
13514,14,VLPO,morphine,M,1h,290.4044263748357
13515,15,VLPO,morphine,F,4h,45.85333048023722
13516,16,VLPO,saline,F,4h,30.56888698682481
13517,17,VLPO,morphine,M,1h,30.56888698682481
13518,18,VLPO,saline,M,1h,0.0
13519,19,VLPO,morphine,F,1h,91.70666096047444
13520,20,VLPO,morphine,F,1h,137.55999144071166
13521,21,VLPO,morphine,F,1h,15.284443493412406
13522,22,VLPO,morphine,M,4h,1192.1865924861677
13523,23,VLPO,morphine,M,4h,305.6888698682481
13524,24,VLPO,saline,F,1h,1772.995445235839
13525,25,VLPO,saline,F,4h,0.0
13526,26,VLPO,saline,F,4h,0.0
13527,0,MEZ,morphine,M,1h,0.0
13528,1,MEZ,morphine,M,4h,25.99248401332271
13529,2,MEZ,saline,M,1h,0.2599248401332271
13530,3,MEZ,saline,M,4h,0.5198496802664542
13531,4,MEZ,morphine,F,4h,839.8171584704567
13532,5,MEZ,saline,F,4h,340.24161573439426
13533,6,MEZ,morphine,M,1h,748.0636899034275
13534,7,MEZ,morphine,M,4h,217.55709119151106
13535,8,MEZ,saline,M,4h,321.78695208493514
13536,9,MEZ,morphine,F,4h,4.158797442131633
13537,10,MEZ,saline,F,1h,875.6867864088421
13538,11,MEZ,saline,M,1h,5.718346482930996
13539,12,MEZ,morphine,M,1h,68.62015779517195
13540,13,MEZ,saline,M,4h,52.50481770691187
13541,14,MEZ,morphine,M,1h,1078.9480113930256
13542,15,MEZ,morphine,F,4h,516.4706573447222
13543,16,MEZ,saline,F,4h,50.68534382597928
13544,17,MEZ,morphine,M,1h,242.24995100416766
13545,18,MEZ,saline,M,1h,7.797745203996812
13546,19,MEZ,morphine,F,1h,764.4389548318209
13547,20,MEZ,morphine,F,1h,265.12333693589164
13548,21,MEZ,morphine,F,1h,298.1337916328115
13549,22,MEZ,morphine,M,4h,1137.4311004230017
13550,23,MEZ,morphine,M,4h,858.2718221199158
13551,24,MEZ,saline,F,1h,765.738579032487
13552,25,MEZ,saline,F,4h,308.0109355578741
13553,26,MEZ,saline,F,4h,59.262863550375776
13554,0,AHN,morphine,M,1h,0.0
13555,1,AHN,morphine,M,4h,0.0
13556,2,AHN,saline,M,1h,0.0
13557,3,AHN,saline,M,4h,0.0
13558,4,AHN,morphine,F,4h,899.2476716662399
13559,5,AHN,saline,F,4h,223.75646290286718
13560,6,AHN,morphine,M,1h,538.9856936591078
13561,7,AHN,morphine,M,4h,136.5055151042649
13562,8,AHN,saline,M,4h,249.08738323149367
13563,9,AHN,morphine,F,4h,7.036366757951798
13564,10,AHN,saline,F,1h,565.7238873393246
13565,11,AHN,saline,M,1h,9.850913461132517
13566,12,AHN,morphine,M,1h,91.47276785337338
13567,13,AHN,saline,M,4h,64.73457417315655
13568,14,AHN,morphine,M,1h,750.0766963976617
13569,15,AHN,morphine,F,4h,333.52378432691523
13570,16,AHN,saline,F,4h,73.1782142826987
13571,17,AHN,morphine,M,1h,299.7492238887466
13572,18,AHN,saline,M,1h,1.4072733515903597
13573,19,AHN,morphine,F,1h,772.5930700231074
13574,20,AHN,morphine,F,1h,292.7128571307948
13575,21,AHN,morphine,F,1h,105.54550136927698
13576,22,AHN,morphine,M,4h,1377.720611206962
13577,23,AHN,morphine,M,4h,1276.3969298924562
13578,24,AHN,saline,F,1h,703.6366757951798
13579,25,AHN,saline,F,4h,143.54188186221668
13580,26,AHN,saline,F,4h,11.258186812722878
13581,0,MBO,morphine,M,1h,0.0
13582,1,MBO,morphine,M,4h,98.44360657997068
13583,2,MBO,saline,M,1h,0.0
13584,3,MBO,saline,M,4h,0.9844360657997068
13585,4,MBO,morphine,F,4h,357.35029188529353
13586,5,MBO,saline,F,4h,375.07014106968825
13587,6,MBO,morphine,M,1h,627.0857739144132
13588,7,MBO,morphine,M,4h,132.89886888296041
13589,8,MBO,saline,M,4h,460.7160787942628
13590,9,MBO,morphine,F,4h,0.0
13591,10,MBO,saline,F,1h,509.9378820842481
13592,11,MBO,saline,M,1h,0.0
13593,12,MBO,morphine,M,1h,115.1790196985657
13594,13,MBO,saline,M,4h,63.00390821118123
13595,14,MBO,morphine,M,1h,1385.1015445801875
13596,15,MBO,morphine,F,4h,357.35029188529353
13597,16,MBO,saline,F,4h,8.85992459219736
13598,17,MBO,morphine,M,1h,170.30743938334928
13599,18,MBO,saline,M,1h,14.7665409869956
13600,19,MBO,morphine,F,1h,812.159754284758
13601,20,MBO,morphine,F,1h,189.0117246335437
13602,21,MBO,morphine,F,1h,251.03119677892522
13603,22,MBO,morphine,M,4h,608.3814886642188
13604,23,MBO,morphine,M,4h,414.44758370167654
13605,24,MBO,saline,F,1h,506.984573886849
13606,25,MBO,saline,F,4h,481.3892361760566
13607,26,MBO,saline,F,4h,64.97278034278065
13608,0,LM,morphine,M,1h,0.0
13609,1,LM,morphine,M,4h,167.8632302050514
13610,2,LM,saline,M,1h,0.0
13611,3,LM,saline,M,4h,0.0
13612,4,LM,morphine,F,4h,258.2511233923868
13613,5,LM,saline,F,4h,180.77578637467073
13614,6,LM,morphine,M,1h,284.07623573162545
13615,7,LM,morphine,M,4h,51.65022467847735
13616,8,LM,saline,M,4h,116.21300552657404
13617,9,LM,morphine,F,4h,0.0
13618,10,LM,saline,F,1h,451.9394659366768
13619,11,LM,saline,M,1h,0.0
13620,12,LM,morphine,M,1h,38.737668508858015
13621,13,LM,saline,M,4h,0.0
13622,14,LM,morphine,M,1h,219.51345488352874
13623,15,LM,morphine,F,4h,129.1255616961934
13624,16,LM,saline,F,4h,12.912556169619338
13625,17,LM,morphine,M,1h,51.65022467847735
13626,18,LM,saline,M,1h,38.737668508858015
13627,19,LM,morphine,F,1h,568.1524714632509
13628,20,LM,morphine,F,1h,51.65022467847735
13629,21,LM,morphine,F,1h,193.68834254429007
13630,22,LM,morphine,M,4h,167.8632302050514
13631,23,LM,morphine,M,4h,154.95067403543206
13632,24,LM,saline,F,1h,38.737668508858015
13633,25,LM,saline,F,4h,116.21300552657404
13634,26,LM,saline,F,4h,77.47533701771603
13635,0,MM,morphine,M,1h,0.0
13636,1,MM,morphine,M,4h,37.02771153931603
13637,2,MM,saline,M,1h,0.0
13638,3,MM,saline,M,4h,0.0
13639,4,MM,morphine,F,4h,161.0705451960247
13640,5,MM,saline,F,4h,135.1511471185035
13641,6,MM,morphine,M,1h,416.5617548173053
13642,7,MM,morphine,M,4h,18.513855769658015
13643,8,MM,saline,M,4h,183.28717211961433
13644,9,MM,morphine,F,4h,0.0
13645,10,MM,saline,F,1h,257.3425951982464
13646,11,MM,saline,M,1h,0.0
13647,12,MM,morphine,M,1h,40.73048269324763
13648,13,MM,saline,M,4h,24.06801250055542
13649,14,MM,morphine,M,1h,1320.0379163766163
13650,15,MM,morphine,F,4h,266.5995230830754
13651,16,MM,saline,F,4h,3.702771153931603
13652,17,MM,morphine,M,1h,48.13602500111084
13653,18,MM,saline,M,1h,12.95969903876061
13654,19,MM,morphine,F,1h,722.0403750166626
13655,20,MM,morphine,F,1h,57.39295288593984
13656,21,MM,morphine,F,1h,138.8539182724351
13657,22,MM,morphine,M,4h,186.98994327354595
13658,23,MM,morphine,M,4h,99.97482115615327
13659,24,MM,saline,F,1h,99.97482115615327
13660,25,MM,saline,F,4h,327.69524712294685
13661,26,MM,saline,F,4h,42.581868270213434
13662,0,MMme,morphine,M,1h,0.0
13663,1,MMme,morphine,M,4h,0.0
13664,2,MMme,saline,M,1h,0.0
13665,3,MMme,saline,M,4h,0.0
13666,4,MMme,morphine,F,4h,311.85841627900936
13667,5,MMme,saline,F,4h,311.85841627900936
13668,6,MMme,morphine,M,1h,675.693235271187
13669,7,MMme,morphine,M,4h,64.97050339146028
13670,8,MMme,saline,M,4h,558.7463291665584
13671,9,MMme,morphine,F,4h,0.0
13672,10,MMme,saline,F,1h,363.83481899217753
13673,11,MMme,saline,M,1h,0.0
13674,12,MMme,morphine,M,1h,51.97640271316822
13675,13,MMme,saline,M,4h,25.98820135658411
13676,14,MMme,morphine,M,1h,2157.020712596481
13677,15,MMme,morphine,F,4h,753.6578393409392
13678,16,MMme,saline,F,4h,0.0
13679,17,MMme,morphine,M,1h,12.994100678292055
13680,18,MMme,saline,M,1h,12.994100678292055
13681,19,MMme,morphine,F,1h,701.681436627771
13682,20,MMme,morphine,F,1h,90.95870474804438
13683,21,MMme,morphine,F,1h,129.94100678292057
13684,22,MMme,morphine,M,4h,324.8525169573014
13685,23,MMme,morphine,M,4h,38.98230203487617
13686,24,MMme,saline,F,1h,363.83481899217753
13687,25,MMme,saline,F,4h,636.7109332363108
13688,26,MMme,saline,F,4h,77.96460406975234
13689,0,MMl,morphine,M,1h,0.0
13690,1,MMl,morphine,M,4h,65.8334038691232
13691,2,MMl,saline,M,1h,0.0
13692,3,MMl,saline,M,4h,0.0
13693,4,MMl,morphine,F,4h,192.79782561671794
13694,5,MMl,saline,F,4h,84.64294783172983
13695,6,MMl,morphine,M,1h,427.9171251493008
13696,7,MMl,morphine,M,4h,14.10715797195497
13697,8,MMl,saline,M,4h,131.6668077382464
13698,9,MMl,morphine,F,4h,0.0
13699,10,MMl,saline,F,1h,305.6550893923577
13700,11,MMl,saline,M,1h,0.0
13701,12,MMl,morphine,M,1h,79.94056184107816
13702,13,MMl,saline,M,4h,9.404771981303314
13703,14,MMl,morphine,M,1h,846.4294783172983
13704,15,MMl,morphine,F,4h,277.44077344844777
13705,16,MMl,saline,F,4h,9.404771981303314
13706,17,MMl,morphine,M,1h,47.02385990651657
13707,18,MMl,saline,M,1h,14.10715797195497
13708,19,MMl,morphine,F,1h,907.5604961957698
13709,20,MMl,morphine,F,1h,75.23817585042652
13710,21,MMl,morphine,F,1h,221.01214156062787
13711,22,MMl,morphine,M,4h,192.79782561671794
13712,23,MMl,morphine,M,4h,103.45249179433645
13713,24,MMl,saline,F,1h,56.42863188781988
13714,25,MMl,saline,F,4h,235.11929953258286
13715,26,MMl,saline,F,4h,37.61908792521326
13716,0,MMm,morphine,M,1h,0.0
13717,1,MMm,morphine,M,4h,0.0
13718,2,MMm,saline,M,1h,0.0
13719,3,MMm,saline,M,4h,0.0
13720,4,MMm,morphine,F,4h,154.65739704236142
13721,5,MMm,saline,F,4h,206.20986272314855
13722,6,MMm,morphine,M,1h,522.8892947622695
13723,7,MMm,morphine,M,4h,14.729275908796325
13724,8,MMm,saline,M,4h,176.7513109055559
13725,9,MMm,morphine,F,4h,0.0
13726,10,MMm,saline,F,1h,338.7733459023155
13727,11,MMm,saline,M,1h,0.0
13728,12,MMm,morphine,M,1h,0.0
13729,13,MMm,saline,M,4h,22.093913863194487
13730,14,MMm,morphine,M,1h,935.3090202085666
13731,15,MMm,morphine,F,4h,44.187827726388974
13732,16,MMm,saline,F,4h,0.0
13733,17,MMm,morphine,M,1h,22.093913863194487
13734,18,MMm,saline,M,1h,7.364637954398162
13735,19,MMm,morphine,F,1h,765.9223472574089
13736,20,MMm,morphine,F,1h,58.9171036351853
13737,21,MMm,morphine,F,1h,132.56348317916692
13738,22,MMm,morphine,M,4h,228.30377658634305
13739,23,MMm,morphine,M,4h,88.37565545277795
13740,24,MMm,saline,F,1h,95.74029340717611
13741,25,MMm,saline,F,4h,368.23189771990815
13742,26,MMm,saline,F,4h,66.28174158958346
13743,0,MMp,morphine,M,1h,0.0
13744,1,MMp,morphine,M,4h,0.0
13745,2,MMp,saline,M,1h,0.0
13746,3,MMp,saline,M,4h,0.0
13747,4,MMp,morphine,F,4h,0.0
13748,5,MMp,saline,F,4h,0.0
13749,6,MMp,morphine,M,1h,0.0
13750,7,MMp,morphine,M,4h,0.0
13751,8,MMp,saline,M,4h,0.0
13752,9,MMp,morphine,F,4h,0.0
13753,10,MMp,saline,F,1h,0.0
13754,11,MMp,saline,M,1h,0.0
13755,12,MMp,morphine,M,1h,0.0
13756,13,MMp,saline,M,4h,0.0
13757,14,MMp,morphine,M,1h,26.400549131421936
13758,15,MMp,morphine,F,4h,79.2016473942658
13759,16,MMp,saline,F,4h,0.0
13760,17,MMp,morphine,M,1h,0.0
13761,18,MMp,saline,M,1h,0.0
13762,19,MMp,morphine,F,1h,0.0
13763,20,MMp,morphine,F,1h,0.0
13764,21,MMp,morphine,F,1h,0.0
13765,22,MMp,morphine,M,4h,0.0
13766,23,MMp,morphine,M,4h,26.400549131421936
13767,24,MMp,saline,F,1h,0.0
13768,25,MMp,saline,F,4h,0.0
13769,26,MMp,saline,F,4h,0.0
13770,0,MMd,morphine,M,1h,0.0
13771,1,MMd,morphine,M,4h,78.06604387311666
13772,2,MMd,saline,M,1h,0.0
13773,3,MMd,saline,M,4h,0.0
13774,4,MMd,morphine,F,4h,13.011007312186111
13775,5,MMd,saline,F,4h,39.03302193655833
13776,6,MMd,morphine,M,1h,143.1210804340472
13777,7,MMd,morphine,M,4h,0.0
13778,8,MMd,saline,M,4h,52.044029248744444
13779,9,MMd,morphine,F,4h,0.0
13780,10,MMd,saline,F,1h,0.0
13781,11,MMd,saline,M,1h,0.0
13782,12,MMd,morphine,M,1h,13.011007312186111
13783,13,MMd,saline,M,4h,78.06604387311666
13784,14,MMd,morphine,M,1h,3109.6307476124803
13785,15,MMd,morphine,F,4h,234.19813161935
13786,16,MMd,saline,F,4h,0.0
13787,17,MMd,morphine,M,1h,156.1320877462333
13788,18,MMd,saline,M,1h,26.022014624372222
13789,19,MMd,morphine,F,1h,507.4292851752583
13790,20,MMd,morphine,F,1h,0.0
13791,21,MMd,morphine,F,1h,0.0
13792,22,MMd,morphine,M,4h,52.044029248744444
13793,23,MMd,morphine,M,4h,208.17611699497778
13794,24,MMd,saline,F,1h,13.011007312186111
13795,25,MMd,saline,F,4h,364.30820474121106
13796,26,MMd,saline,F,4h,0.0
13797,0,SUM,morphine,M,1h,0.0
13798,1,SUM,morphine,M,4h,259.1060057631457
13799,2,SUM,saline,M,1h,0.0
13800,3,SUM,saline,M,4h,3.9258485721688743
13801,4,SUM,morphine,F,4h,942.2036573205298
13802,5,SUM,saline,F,4h,1071.7566602021027
13803,6,SUM,morphine,M,1h,1165.9770259341556
13804,7,SUM,morphine,M,4h,467.175980088096
13805,8,SUM,saline,M,4h,1385.8245459756126
13806,9,SUM,morphine,F,4h,0.0
13807,10,SUM,saline,F,1h,1036.4240230525827
13808,11,SUM,saline,M,1h,0.0
13809,12,SUM,morphine,M,1h,286.58694576832784
13810,13,SUM,saline,M,4h,157.03394288675497
13811,14,SUM,morphine,M,1h,2504.6913890437418
13812,15,SUM,morphine,F,4h,777.3180172894371
13813,16,SUM,saline,F,4h,7.851697144337749
13814,17,SUM,morphine,M,1h,557.4704972479801
13815,18,SUM,saline,M,1h,15.703394288675497
13816,19,SUM,morphine,F,1h,1421.1571831251324
13817,20,SUM,morphine,F,1h,596.7289829696689
13818,21,SUM,morphine,F,1h,612.4323772583443
13819,22,SUM,morphine,M,4h,1283.752483099222
13820,23,SUM,morphine,M,4h,553.5446486758112
13821,24,SUM,saline,F,1h,1393.6762431199504
13822,25,SUM,saline,F,4h,1181.6804202228311
13823,26,SUM,saline,F,4h,117.77545716506623
13824,0,TM,morphine,M,1h,0.0
13825,1,TM,morphine,M,4h,6.968252640967751
13826,2,TM,saline,M,1h,0.0
13827,3,TM,saline,M,4h,0.0
13828,4,TM,morphine,F,4h,111.49204225548402
13829,5,TM,saline,F,4h,146.33330546032278
13830,6,TM,morphine,M,1h,648.0474956100009
13831,7,TM,morphine,M,4h,13.936505281935503
13832,8,TM,saline,M,4h,48.77776848677426
13833,9,TM,morphine,F,4h,0.0
13834,10,TM,saline,F,1h,557.4602112774201
13835,11,TM,saline,M,1h,0.0
13836,12,TM,morphine,M,1h,132.39680017838728
13837,13,TM,saline,M,4h,76.65077905064526
13838,14,TM,morphine,M,1h,271.76185299774227
13839,15,TM,morphine,F,4h,76.65077905064526
13840,16,TM,saline,F,4h,27.873010563871006
13841,17,TM,morphine,M,1h,6.968252640967751
13842,18,TM,saline,M,1h,6.968252640967751
13843,19,TM,morphine,F,1h,202.0793265880648
13844,20,TM,morphine,F,1h,34.841263204838754
13845,21,TM,morphine,F,1h,62.71427376870976
13846,22,TM,morphine,M,4h,1233.380717451292
13847,23,TM,morphine,M,4h,1491.2060651670988
13848,24,TM,saline,F,1h,717.7300220196784
13849,25,TM,saline,F,4h,13.936505281935503
13850,26,TM,saline,F,4h,48.77776848677426
13851,0,TMd,morphine,M,1h,0.0
13852,1,TMd,morphine,M,4h,0.0
13853,2,TMd,saline,M,1h,0.0
13854,3,TMd,saline,M,4h,0.0
13855,4,TMd,morphine,F,4h,112.02599002968688
13856,5,TMd,saline,F,4h,28.00649750742172
13857,6,TMd,morphine,M,1h,1904.441830504677
13858,7,TMd,morphine,M,4h,0.0
13859,8,TMd,saline,M,4h,28.00649750742172
13860,9,TMd,morphine,F,4h,0.0
13861,10,TMd,saline,F,1h,196.04548255195203
13862,11,TMd,saline,M,1h,0.0
13863,12,TMd,morphine,M,1h,0.0
13864,13,TMd,saline,M,4h,0.0
13865,14,TMd,morphine,M,1h,0.0
13866,15,TMd,morphine,F,4h,224.05198005937376
13867,16,TMd,saline,F,4h,0.0
13868,17,TMd,morphine,M,1h,28.00649750742172
13869,18,TMd,saline,M,1h,28.00649750742172
13870,19,TMd,morphine,F,1h,0.0
13871,20,TMd,morphine,F,1h,0.0
13872,21,TMd,morphine,F,1h,28.00649750742172
13873,22,TMd,morphine,M,4h,1820.4223379824118
13874,23,TMd,morphine,M,4h,476.11045762616925
13875,24,TMd,saline,F,1h,532.1234526410127
13876,25,TMd,saline,F,4h,0.0
13877,26,TMd,saline,F,4h,28.00649750742172
13878,0,TMv,morphine,M,1h,0.0
13879,1,TMv,morphine,M,4h,9.276265746461105
13880,2,TMv,saline,M,1h,0.0
13881,3,TMv,saline,M,4h,0.0
13882,4,TMv,morphine,F,4h,111.31518895753327
13883,5,TMv,saline,F,4h,185.5253149292221
13884,6,TMv,morphine,M,1h,231.90664366152762
13885,7,TMv,morphine,M,4h,18.55253149292221
13886,8,TMv,saline,M,4h,55.65759447876663
13887,9,TMv,morphine,F,4h,0.0
13888,10,TMv,saline,F,1h,677.1673994916607
13889,11,TMv,saline,M,1h,0.0
13890,12,TMv,morphine,M,1h,176.24904918276098
13891,13,TMv,saline,M,4h,102.03892321107216
13892,14,TMv,morphine,M,1h,361.7743641119831
13893,15,TMv,morphine,F,4h,27.828797239383317
13894,16,TMv,saline,F,4h,37.10506298584442
13895,17,TMv,morphine,M,1h,0.0
13896,18,TMv,saline,M,1h,0.0
13897,19,TMv,morphine,F,1h,269.011706647372
13898,20,TMv,morphine,F,1h,46.381328732305526
13899,21,TMv,morphine,F,1h,74.21012597168884
13900,22,TMv,morphine,M,4h,1038.9417636036437
13901,23,TMv,morphine,M,4h,1827.4243520528378
13902,24,TMv,saline,F,1h,779.2063227027328
13903,25,TMv,saline,F,4h,18.55253149292221
13904,26,TMv,saline,F,4h,55.65759447876663
13905,0,MPN,morphine,M,1h,0.0
13906,1,MPN,morphine,M,4h,0.0
13907,2,MPN,saline,M,1h,2.460508833226711
13908,3,MPN,saline,M,4h,2.460508833226711
13909,4,MPN,morphine,F,4h,1235.175434279809
13910,5,MPN,saline,F,4h,214.0642684907239
13911,6,MPN,morphine,M,1h,415.8259928153142
13912,7,MPN,morphine,M,4h,196.8407066581369
13913,8,MPN,saline,M,4h,120.56493282810885
13914,9,MPN,morphine,F,4h,24.605088332267112
13915,10,MPN,saline,F,1h,563.4565228089169
13916,11,MPN,saline,M,1h,2.460508833226711
13917,12,MPN,morphine,M,1h,4.921017666453422
13918,13,MPN,saline,M,4h,49.210176664534224
13919,14,MPN,morphine,M,1h,543.7724521431032
13920,15,MPN,morphine,F,4h,595.4431376408642
13921,16,MPN,saline,F,4h,66.4337384971212
13922,17,MPN,morphine,M,1h,307.56360415333893
13923,18,MPN,saline,M,1h,0.0
13924,19,MPN,morphine,F,1h,743.0736676344668
13925,20,MPN,morphine,F,1h,403.52344864918064
13926,21,MPN,morphine,F,1h,93.49933566261502
13927,22,MPN,morphine,M,4h,2312.8783032331085
13928,23,MPN,morphine,M,4h,1099.84744845234
13929,24,MPN,saline,F,1h,974.3614979577777
13930,25,MPN,saline,F,4h,214.0642684907239
13931,26,MPN,saline,F,4h,31.986614831947247
13932,0,PMd,morphine,M,1h,0.0
13933,1,PMd,morphine,M,4h,0.0
13934,2,PMd,saline,M,1h,0.0
13935,3,PMd,saline,M,4h,0.0
13936,4,PMd,morphine,F,4h,400.8773920278345
13937,5,PMd,saline,F,4h,242.03918009227746
13938,6,PMd,morphine,M,1h,1043.7939641479466
13939,7,PMd,morphine,M,4h,143.71076317978972
13940,8,PMd,saline,M,4h,537.0244308297406
13941,9,PMd,morphine,F,4h,0.0
13942,10,PMd,saline,F,1h,907.6469253460405
13943,11,PMd,saline,M,1h,0.0
13944,12,PMd,morphine,M,1h,30.254897511534683
13945,13,PMd,saline,M,4h,0.0
13946,14,PMd,morphine,M,1h,1066.4851372815974
13947,15,PMd,morphine,F,4h,552.1518795855079
13948,16,PMd,saline,F,4h,0.0
13949,17,PMd,morphine,M,1h,400.8773920278345
13950,18,PMd,saline,M,1h,22.69117313365101
13951,19,PMd,morphine,F,1h,1036.2302397700628
13952,20,PMd,morphine,F,1h,219.34800695862643
13953,21,PMd,morphine,F,1h,226.91173133651012
13954,22,PMd,morphine,M,4h,347.93132138264883
13955,23,PMd,morphine,M,4h,370.62249451629987
13956,24,PMd,saline,F,1h,537.0244308297406
13957,25,PMd,saline,F,4h,552.1518795855079
13958,26,PMd,saline,F,4h,370.62249451629987
13959,0,PMv,morphine,M,1h,0.0
13960,1,PMv,morphine,M,4h,0.0
13961,2,PMv,saline,M,1h,0.0
13962,3,PMv,saline,M,4h,0.0
13963,4,PMv,morphine,F,4h,1112.6949780024818
13964,5,PMv,saline,F,4h,282.0194644706751
13965,6,PMv,morphine,M,1h,1133.2054845094399
13966,7,PMv,morphine,M,4h,174.3393053091446
13967,8,PMv,saline,M,4h,451.23114315308015
13968,9,PMv,morphine,F,4h,0.0
13969,10,PMv,saline,F,1h,1025.5253253479095
13970,11,PMv,saline,M,1h,0.0
13971,12,PMv,morphine,M,1h,97.4249059080514
13972,13,PMv,saline,M,4h,5.127626626739548
13973,14,PMv,morphine,M,1h,543.528422434392
13974,15,PMv,morphine,F,4h,256.3813313369774
13975,16,PMv,saline,F,4h,0.0
13976,17,PMv,morphine,M,1h,128.1906656684887
13977,18,PMv,saline,M,1h,30.765759760437284
13978,19,PMv,morphine,F,1h,481.99690291351743
13979,20,PMv,morphine,F,1h,71.78677277435366
13980,21,PMv,morphine,F,1h,292.2747177241542
13981,22,PMv,morphine,M,4h,1363.9486827127196
13982,23,PMv,morphine,M,4h,3035.554963029812
13983,24,PMv,saline,F,1h,589.677062075048
13984,25,PMv,saline,F,4h,425.5930100193824
13985,26,PMv,saline,F,4h,117.9354124150096
13986,0,PVHd,morphine,M,1h,0.0
13987,1,PVHd,morphine,M,4h,0.0
13988,2,PVHd,saline,M,1h,0.0
13989,3,PVHd,saline,M,4h,0.0
13990,4,PVHd,morphine,F,4h,382.7253103902268
13991,5,PVHd,saline,F,4h,405.6888290136404
13992,6,PVHd,morphine,M,1h,2388.205936835015
13993,7,PVHd,morphine,M,4h,321.4892607277905
13994,8,PVHd,saline,M,4h,443.96136005266305
13995,9,PVHd,morphine,F,4h,7.654506207804536
13996,10,PVHd,saline,F,1h,780.7596331960626
13997,11,PVHd,saline,M,1h,15.309012415609072
13998,12,PVHd,morphine,M,1h,38.27253103902268
13999,13,PVHd,saline,M,4h,7.654506207804536
14000,14,PVHd,morphine,M,1h,229.63518623413606
14001,15,PVHd,morphine,F,4h,99.50858070145897
14002,16,PVHd,saline,F,4h,107.1630869092635
14003,17,PVHd,morphine,M,1h,160.74463036389525
14004,18,PVHd,saline,M,1h,0.0
14005,19,PVHd,morphine,F,1h,7.654506207804536
14006,20,PVHd,morphine,F,1h,0.0
14007,21,PVHd,morphine,F,1h,0.0
14008,22,PVHd,morphine,M,4h,15.309012415609072
14009,23,PVHd,morphine,M,4h,122.47209932487257
14010,24,PVHd,saline,F,1h,7.654506207804536
14011,25,PVHd,saline,F,4h,7.654506207804536
14012,26,PVHd,saline,F,4h,22.963518623413606
14013,0,VMH,morphine,M,1h,0.0
14014,1,VMH,morphine,M,4h,0.0
14015,2,VMH,saline,M,1h,0.0
14016,3,VMH,saline,M,4h,0.0
14017,4,VMH,morphine,F,4h,564.196456846251
14018,5,VMH,saline,F,4h,174.71890276529064
14019,6,VMH,morphine,M,1h,240.2384913022746
14020,7,VMH,morphine,M,4h,47.319702832266216
14021,8,VMH,saline,M,4h,58.23963425509688
14022,9,VMH,morphine,F,4h,0.0
14023,10,VMH,saline,F,1h,902.7143309540016
14024,11,VMH,saline,M,1h,9.099942852358888
14025,12,VMH,morphine,M,1h,21.83986284566133
14026,13,VMH,saline,M,4h,9.099942852358888
14027,14,VMH,morphine,M,1h,1152.0527651086352
14028,15,VMH,morphine,F,4h,509.5967997320977
14029,16,VMH,saline,F,4h,63.69959996651221
14030,17,VMH,morphine,M,1h,298.4781255573715
14031,18,VMH,saline,M,1h,9.099942852358888
14032,19,VMH,morphine,F,1h,686.1356910678601
14033,20,VMH,morphine,F,1h,187.45882275859307
14034,21,VMH,morphine,F,1h,549.6365482824768
14035,22,VMH,morphine,M,4h,1627.069782001769
14036,23,VMH,morphine,M,4h,1188.4525365180707
14037,24,VMH,saline,F,1h,1162.9726965314658
14038,25,VMH,saline,F,4h,236.59851416133108
14039,26,VMH,saline,F,4h,41.85973712085088
14040,0,PH,morphine,M,1h,0.0
14041,1,PH,morphine,M,4h,0.0
14042,2,PH,saline,M,1h,0.0
14043,3,PH,saline,M,4h,0.0
14044,4,PH,morphine,F,4h,1551.376440008259
14045,5,PH,saline,F,4h,630.7328097025373
14046,6,PH,morphine,M,1h,1252.9804246557133
14047,7,PH,morphine,M,4h,571.3364464570069
14048,8,PH,saline,M,4h,417.1887418436065
14049,9,PH,morphine,F,4h,0.0
14050,10,PH,saline,F,1h,1841.2872606114431
14051,11,PH,saline,M,1h,9.89939387425507
14052,12,PH,morphine,M,1h,56.56796499574326
14053,13,PH,saline,M,4h,91.9229431180828
14054,14,PH,morphine,M,1h,1527.335054885068
14055,15,PH,morphine,F,4h,1030.951162047421
14056,16,PH,saline,F,4h,82.02354924382773
14057,17,PH,morphine,M,1h,223.44346173318587
14058,18,PH,saline,M,1h,0.0
14059,19,PH,morphine,F,1h,927.7146259301894
14060,20,PH,morphine,F,1h,438.40172871701026
14061,21,PH,morphine,F,1h,551.5376587084968
14062,22,PH,morphine,M,4h,892.3596478078499
14063,23,PH,morphine,M,4h,306.8812101019072
14064,24,PH,saline,F,1h,1002.6671795495492
14065,25,PH,saline,F,4h,311.1238074765879
14066,26,PH,saline,F,4h,60.810562370424
14067,0,LZ,morphine,M,1h,6.15591562385456
14068,1,LZ,morphine,M,4h,10.025348301705998
14069,2,LZ,saline,M,1h,1.231183124770912
14070,3,LZ,saline,M,4h,0.0
14071,4,LZ,morphine,F,4h,459.4071888430889
14072,5,LZ,saline,F,4h,91.986967750741
14073,6,LZ,morphine,M,1h,516.5692624931669
14074,7,LZ,morphine,M,4h,171.13445434315676
14075,8,LZ,saline,M,4h,169.72738791484716
14076,9,LZ,morphine,F,4h,25.327195709573047
14077,10,LZ,saline,F,1h,334.5300433306107
14078,11,LZ,saline,M,1h,58.21737347131027
14079,12,LZ,morphine,M,1h,120.48006292401067
14080,13,LZ,saline,M,4h,29.548394994501887
14081,14,LZ,morphine,M,1h,437.42177590075113
14082,15,LZ,morphine,F,4h,197.69283317750072
14083,16,LZ,saline,F,4h,60.152089810235985
14084,17,LZ,morphine,M,1h,135.78191033187773
14085,18,LZ,saline,M,1h,3.5176660707740344
14086,19,LZ,morphine,F,1h,425.81347786719687
14087,20,LZ,morphine,F,1h,112.38943096123039
14088,21,LZ,morphine,F,1h,167.96855487946013
14089,22,LZ,morphine,M,4h,569.6860201618548
14090,23,LZ,morphine,M,4h,258.9002228089689
14091,24,LZ,saline,F,1h,412.2704634947168
14092,25,LZ,saline,F,4h,170.95857103961805
14093,26,LZ,saline,F,4h,62.0868061491617
14094,0,LHA,morphine,M,1h,0.48437690723407223
14095,1,LHA,morphine,M,4h,25.671976083405827
14096,2,LHA,saline,M,1h,0.0
14097,3,LHA,saline,M,4h,0.0
14098,4,LHA,morphine,F,4h,644.221286621316
14099,5,LHA,saline,F,4h,118.67234227234769
14100,6,LHA,morphine,M,1h,761.4404981719615
14101,7,LHA,morphine,M,4h,326.9544123829988
14102,8,LHA,saline,M,4h,310.4855975370403
14103,9,LHA,morphine,F,4h,40.68766020766207
14104,10,LHA,saline,F,1h,444.17362393364425
14105,11,LHA,saline,M,1h,106.56291959149588
14106,12,LHA,morphine,M,1h,236.37593073022725
14107,13,LHA,saline,M,4h,27.60948371234212
14108,14,LHA,morphine,M,1h,713.4871843557884
14109,15,LHA,morphine,F,4h,242.18845361703612
14110,16,LHA,saline,F,4h,90.5784816527715
14111,17,LHA,morphine,M,1h,270.7666911438464
14112,18,LHA,saline,M,1h,0.48437690723407223
14113,19,LHA,morphine,F,1h,639.8618944562094
14114,20,LHA,morphine,F,1h,201.98517031660813
14115,21,LHA,morphine,F,1h,310.9699744442744
14116,22,LHA,morphine,M,4h,730.924753016215
14117,23,LHA,morphine,M,4h,367.6420725906608
14118,24,LHA,saline,F,1h,694.1121080664255
14119,25,LHA,saline,F,4h,241.70407670980205
14120,26,LHA,saline,F,4h,90.5784816527715
14121,0,LPO,morphine,M,1h,14.286326556852435
14122,1,LPO,morphine,M,4h,0.0
14123,2,LPO,saline,M,1h,0.0
14124,3,LPO,saline,M,4h,0.0
14125,4,LPO,morphine,F,4h,801.8200780033429
14126,5,LPO,saline,F,4h,108.93323999599983
14127,6,LPO,morphine,M,1h,260.72545966255694
14128,7,LPO,morphine,M,4h,76.78900524308185
14129,8,LPO,saline,M,4h,51.78793376859008
14130,9,LPO,morphine,F,4h,8.928954098032772
14131,10,LPO,saline,F,1h,314.29918425075357
14132,11,LPO,saline,M,1h,5.357372458819664
14133,12,LPO,morphine,M,1h,23.21528065488521
14134,13,LPO,saline,M,4h,85.71795934111462
14135,14,LPO,morphine,M,1h,303.58443933311423
14136,15,LPO,morphine,F,4h,230.36701572924554
14137,16,LPO,saline,F,4h,16.07211737645899
14138,17,LPO,morphine,M,1h,98.21849507836049
14139,18,LPO,saline,M,1h,0.0
14140,19,LPO,morphine,F,1h,757.1753075131791
14141,20,LPO,morphine,F,1h,142.86326556852435
14142,21,LPO,morphine,F,1h,96.43270425875394
14143,22,LPO,morphine,M,4h,1200.0514307756046
14144,23,LPO,morphine,M,4h,464.30561309770417
14145,24,LPO,saline,F,1h,250.01071474491764
14146,25,LPO,saline,F,4h,108.93323999599983
14147,26,LPO,saline,F,4h,26.786862294098317
14148,0,PST,morphine,M,1h,0.0
14149,1,PST,morphine,M,4h,0.0
14150,2,PST,saline,M,1h,0.0
14151,3,PST,saline,M,4h,0.0
14152,4,PST,morphine,F,4h,1284.5215157353887
14153,5,PST,saline,F,4h,0.0
14154,6,PST,morphine,M,1h,3371.868978805395
14155,7,PST,morphine,M,4h,1043.6737315350033
14156,8,PST,saline,M,4h,240.84778420038535
14157,9,PST,morphine,F,4h,160.56518946692358
14158,10,PST,saline,F,1h,1043.6737315350033
14159,11,PST,saline,M,1h,481.6955684007707
14160,12,PST,morphine,M,1h,80.28259473346179
14161,13,PST,saline,M,4h,0.0
14162,14,PST,morphine,M,1h,0.0
14163,15,PST,morphine,F,4h,160.56518946692358
14164,16,PST,saline,F,4h,0.0
14165,17,PST,morphine,M,1h,160.56518946692358
14166,18,PST,saline,M,1h,0.0
14167,19,PST,morphine,F,1h,321.13037893384717
14168,20,PST,morphine,F,1h,0.0
14169,21,PST,morphine,F,1h,401.4129736673089
14170,22,PST,morphine,M,4h,321.13037893384717
14171,23,PST,morphine,M,4h,0.0
14172,24,PST,saline,F,1h,401.4129736673089
14173,25,PST,saline,F,4h,321.13037893384717
14174,26,PST,saline,F,4h,80.28259473346179
14175,0,PSTN,morphine,M,1h,0.0
14176,1,PSTN,morphine,M,4h,0.0
14177,2,PSTN,saline,M,1h,0.0
14178,3,PSTN,saline,M,4h,0.0
14179,4,PSTN,morphine,F,4h,552.5326414663737
14180,5,PSTN,saline,F,4h,384.37053319399905
14181,6,PSTN,morphine,M,1h,978.9437017284663
14182,7,PSTN,morphine,M,4h,414.39948109978025
14183,8,PSTN,saline,M,4h,630.6079060214047
14184,9,PSTN,morphine,F,4h,138.13316036659342
14185,10,PSTN,saline,F,1h,738.712118482217
14186,11,PSTN,saline,M,1h,48.04631664924988
14187,12,PSTN,morphine,M,1h,318.30684780128047
14188,13,PSTN,saline,M,4h,6.005789581156235
14189,14,PSTN,morphine,M,1h,468.4515873301863
14190,15,PSTN,morphine,F,4h,252.2431624085619
14191,16,PSTN,saline,F,4h,102.098422879656
14192,17,PSTN,morphine,M,1h,186.17947701584328
14193,18,PSTN,saline,M,1h,0.0
14194,19,PSTN,morphine,F,1h,516.4979039794362
14195,20,PSTN,morphine,F,1h,150.1447395289059
14196,21,PSTN,morphine,F,1h,282.272110314343
14197,22,PSTN,morphine,M,4h,522.5036935605924
14198,23,PSTN,morphine,M,4h,636.6136956025609
14199,24,PSTN,saline,F,1h,462.4457977490301
14200,25,PSTN,saline,F,4h,342.3300061259054
14201,26,PSTN,saline,F,4h,450.43421858671763
14202,0,PeF,morphine,M,1h,0.0
14203,1,PeF,morphine,M,4h,0.0
14204,2,PeF,saline,M,1h,0.0
14205,3,PeF,saline,M,4h,0.0
14206,4,PeF,morphine,F,4h,1124.8331419716785
14207,5,PeF,saline,F,4h,200.69636972938662
14208,6,PeF,morphine,M,1h,728.1077599484723
14209,7,PeF,morphine,M,4h,373.38859484537045
14210,8,PeF,saline,M,4h,294.0435184407292
14211,9,PeF,morphine,F,4h,28.004144613402783
14212,10,PeF,saline,F,1h,1302.1927245232293
14213,11,PeF,saline,M,1h,70.01036153350695
14214,12,PeF,morphine,M,1h,466.73574355671303
14215,13,PeF,saline,M,4h,14.002072306701391
14216,14,PeF,morphine,M,1h,1236.8497204252897
14217,15,PeF,morphine,F,4h,634.7606112371298
14218,16,PeF,saline,F,4h,51.34093179123844
14219,17,PeF,morphine,M,1h,541.4134625257872
14220,18,PeF,saline,M,1h,0.0
14221,19,PeF,morphine,F,1h,1232.1823629897224
14222,20,PeF,morphine,F,1h,205.36372716495376
14223,21,PeF,morphine,F,1h,317.3803056185649
14224,22,PeF,morphine,M,4h,1106.1637122294098
14225,23,PeF,morphine,M,4h,200.69636972938662
14226,24,PeF,saline,F,1h,592.7543943170256
14227,25,PeF,saline,F,4h,261.3720163917593
14228,26,PeF,saline,F,4h,18.669429742268523
14229,0,RCH,morphine,M,1h,0.0
14230,1,RCH,morphine,M,4h,13.304064391671657
14231,2,RCH,saline,M,1h,0.0
14232,3,RCH,saline,M,4h,0.0
14233,4,RCH,morphine,F,4h,212.86503026674652
14234,5,RCH,saline,F,4h,6.652032195835829
14235,6,RCH,morphine,M,1h,13.304064391671657
14236,7,RCH,morphine,M,4h,0.0
14237,8,RCH,saline,M,4h,0.0
14238,9,RCH,morphine,F,4h,0.0
14239,10,RCH,saline,F,1h,19.956096587507485
14240,11,RCH,saline,M,1h,0.0
14241,12,RCH,morphine,M,1h,6.652032195835829
14242,13,RCH,saline,M,4h,33.26016097917914
14243,14,RCH,morphine,M,1h,532.1625756668662
14244,15,RCH,morphine,F,4h,232.82112685425398
14245,16,RCH,saline,F,4h,0.0
14246,17,RCH,morphine,M,1h,0.0
14247,18,RCH,saline,M,1h,0.0
14248,19,RCH,morphine,F,1h,538.8146078627021
14249,20,RCH,morphine,F,1h,13.304064391671657
14250,21,RCH,morphine,F,1h,73.17235415419411
14251,22,RCH,morphine,M,4h,917.9804430253442
14252,23,RCH,morphine,M,4h,179.60486928756737
14253,24,RCH,saline,F,1h,711.7674449544336
14254,25,RCH,saline,F,4h,6.652032195835829
14255,26,RCH,saline,F,4h,6.652032195835829
14256,0,STN,morphine,M,1h,0.0
14257,1,STN,morphine,M,4h,0.0
14258,2,STN,saline,M,1h,5.138746145940391
14259,3,STN,saline,M,4h,0.0
14260,4,STN,morphine,F,4h,220.9660842754368
14261,5,STN,saline,F,4h,164.4398766700925
14262,6,STN,morphine,M,1h,637.2045220966085
14263,7,STN,morphine,M,4h,128.46865364850976
14264,8,STN,saline,M,4h,159.30113052415211
14265,9,STN,morphine,F,4h,66.80369989722507
14266,10,STN,saline,F,1h,210.68859198355602
14267,11,STN,saline,M,1h,56.5262076053443
14268,12,STN,morphine,M,1h,35.97122302158274
14269,13,STN,saline,M,4h,10.277492291880781
14270,14,STN,morphine,M,1h,236.38232271325796
14271,15,STN,morphine,F,4h,123.32990750256937
14272,16,STN,saline,F,4h,123.32990750256937
14273,17,STN,morphine,M,1h,5.138746145940391
14274,18,STN,saline,M,1h,0.0
14275,19,STN,morphine,F,1h,92.49743062692703
14276,20,STN,morphine,F,1h,10.277492291880781
14277,21,STN,morphine,F,1h,20.554984583761563
14278,22,STN,morphine,M,4h,92.49743062692703
14279,23,STN,morphine,M,4h,102.77492291880782
14280,24,STN,saline,F,1h,102.77492291880782
14281,25,STN,saline,F,4h,61.664953751284685
14282,26,STN,saline,F,4h,128.46865364850976
14283,0,TU,morphine,M,1h,0.0
14284,1,TU,morphine,M,4h,3.8225130729947097
14285,2,TU,saline,M,1h,0.0
14286,3,TU,saline,M,4h,0.0
14287,4,TU,morphine,F,4h,196.85942325922755
14288,5,TU,saline,F,4h,59.248952631418
14289,6,TU,morphine,M,1h,143.34424023730162
14290,7,TU,morphine,M,4h,19.11256536497355
14291,8,TU,saline,M,4h,30.580104583957677
14292,9,TU,morphine,F,4h,1.9112565364973548
14293,10,TU,saline,F,1h,420.47643802941803
14294,11,TU,saline,M,1h,0.0
14295,12,TU,morphine,M,1h,22.935078437968258
14296,13,TU,saline,M,4h,36.31387419344974
14297,14,TU,morphine,M,1h,334.4698938870371
14298,15,TU,morphine,F,4h,160.5455490657778
14299,16,TU,saline,F,4h,108.94162258034922
14300,17,TU,morphine,M,1h,1.9112565364973548
14301,18,TU,saline,M,1h,15.290052291978839
14302,19,TU,morphine,F,1h,330.6473808140424
14303,20,TU,morphine,F,1h,84.09528760588361
14304,21,TU,morphine,F,1h,214.06073208770374
14305,22,TU,morphine,M,4h,1068.3924039020212
14306,23,TU,morphine,M,4h,485.4591602703281
14307,24,TU,saline,F,1h,827.5740803033547
14308,25,TU,saline,F,4h,68.80523531390477
14309,26,TU,saline,F,4h,51.60392648542858
14310,0,ZI,morphine,M,1h,14.446515111610442
14311,1,ZI,morphine,M,4h,0.0
14312,2,ZI,saline,M,1h,3.3338111796024097
14313,3,ZI,saline,M,4h,0.0
14314,4,ZI,morphine,F,4h,170.0243701597229
14315,5,ZI,saline,F,4h,25.559219043618477
14316,6,ZI,morphine,M,1h,365.05232416646385
14317,7,ZI,morphine,M,4h,32.2268414028233
14318,8,ZI,saline,M,4h,42.78391013823092
14319,9,ZI,morphine,F,4h,5.556351966004017
14320,10,ZI,saline,F,1h,72.23257555805222
14321,11,ZI,saline,M,1h,37.78319336882731
14322,12,ZI,morphine,M,1h,5.556351966004017
14323,13,ZI,saline,M,4h,18.335961487813254
14324,14,ZI,morphine,M,1h,111.12703932008033
14325,15,ZI,morphine,F,4h,95.56925381526908
14326,16,ZI,saline,F,4h,20.55850227421486
14327,17,ZI,morphine,M,1h,3.8894463762028115
14328,18,ZI,saline,M,1h,6.111987162604418
14329,19,ZI,morphine,F,1h,27.781759830020082
14330,20,ZI,morphine,F,1h,13.890879915010041
14331,21,ZI,morphine,F,1h,6.667622359204819
14332,22,ZI,morphine,M,4h,8.334527949006024
14333,23,ZI,morphine,M,4h,1.6669055898012048
14334,24,ZI,saline,F,1h,1.1112703932008032
14335,25,ZI,saline,F,4h,136.6862583636988
14336,26,ZI,saline,F,4h,10.001433538807229
14337,0,FF,morphine,M,1h,12.457747473153555
14338,1,FF,morphine,M,4h,0.0
14339,2,FF,saline,M,1h,0.0
14340,3,FF,saline,M,4h,0.0
14341,4,FF,morphine,F,4h,436.0211615603744
14342,5,FF,saline,F,4h,62.28873736576777
14343,6,FF,morphine,M,1h,805.6010032639298
14344,7,FF,morphine,M,4h,66.44131985681895
14345,8,FF,saline,M,4h,107.96714476733081
14346,9,FF,morphine,F,4h,16.610329964204738
14347,10,FF,saline,F,1h,191.0187945883545
14348,11,FF,saline,M,1h,62.28873736576777
14349,12,FF,morphine,M,1h,8.305164982102369
14350,13,FF,saline,M,4h,20.762912455255922
14351,14,FF,morphine,M,1h,332.20659928409475
14352,15,FF,morphine,F,4h,191.0187945883545
14353,16,FF,saline,F,4h,8.305164982102369
14354,17,FF,morphine,M,1h,0.0
14355,18,FF,saline,M,1h,41.525824910511844
14356,19,FF,morphine,F,1h,78.89906732997251
14357,20,FF,morphine,F,1h,12.457747473153555
14358,21,FF,morphine,F,1h,12.457747473153555
14359,22,FF,morphine,M,4h,0.0
14360,23,FF,morphine,M,4h,0.0
14361,24,FF,saline,F,1h,8.305164982102369
14362,25,FF,saline,F,4h,103.81456227627962
14363,26,FF,saline,F,4h,29.068077437358294
14364,0,ME,morphine,M,1h,0.0
14365,1,ME,morphine,M,4h,0.0
14366,2,ME,saline,M,1h,0.0
14367,3,ME,saline,M,4h,0.0
14368,4,ME,morphine,F,4h,0.0
14369,5,ME,saline,F,4h,0.0
14370,6,ME,morphine,M,1h,0.0
14371,7,ME,morphine,M,4h,12.262415695892091
14372,8,ME,saline,M,4h,0.0
14373,9,ME,morphine,F,4h,0.0
14374,10,ME,saline,F,1h,0.0
14375,11,ME,saline,M,1h,0.0
14376,12,ME,morphine,M,1h,0.0
14377,13,ME,saline,M,4h,0.0
14378,14,ME,morphine,M,1h,0.0
14379,15,ME,morphine,F,4h,0.0
14380,16,ME,saline,F,4h,0.0
14381,17,ME,morphine,M,1h,0.0
14382,18,ME,saline,M,1h,49.049662783568365
14383,19,ME,morphine,F,1h,122.6241569589209
14384,20,ME,morphine,F,1h,0.0
14385,21,ME,morphine,F,1h,0.0
14386,22,ME,morphine,M,4h,318.8228080931944
14387,23,ME,morphine,M,4h,0.0
14388,24,ME,saline,F,1h,36.78724708767627
14389,25,ME,saline,F,4h,0.0
14390,26,ME,saline,F,4h,0.0
14391,0,MB,morphine,M,1h,265.29317004679797
14392,1,MB,morphine,M,4h,160.3680473905544
14393,2,MB,saline,M,1h,369.89167753524004
14394,3,MB,saline,M,4h,340.1696972653002
14395,4,MB,morphine,F,4h,173.9497947849683
14396,5,MB,saline,F,4h,83.17799606679128
14397,6,MB,morphine,M,1h,292.42944690497563
14398,7,MB,morphine,M,4h,79.55801129032426
14399,8,MB,saline,M,4h,67.63655766556818
14400,9,MB,morphine,F,4h,71.12045278878456
14401,10,MB,saline,F,1h,237.96636767406943
14402,11,MB,saline,M,1h,14.670464620419013
14403,12,MB,morphine,M,1h,91.07119595532842
14404,13,MB,saline,M,4h,46.27048210521767
14405,14,MB,morphine,M,1h,432.9556228515867
14406,15,MB,morphine,F,4h,141.47880351936553
14407,16,MB,saline,F,4h,47.30476346992253
14408,17,MB,morphine,M,1h,45.31785453246318
14409,18,MB,saline,M,1h,23.57072794301088
14410,19,MB,morphine,F,1h,281.9233256740262
14411,20,MB,morphine,F,1h,147.6572737769446
14412,21,MB,morphine,F,1h,78.71425544017029
14413,22,MB,morphine,M,4h,294.6885351489363
14414,23,MB,morphine,M,4h,156.5847550301866
14415,24,MB,saline,F,1h,110.5592343008201
14416,25,MB,saline,F,4h,67.60933973491805
14417,26,MB,saline,F,4h,24.904406544867154
14418,0,MBsen,morphine,M,1h,445.5390818715617
14419,1,MBsen,morphine,M,4h,513.6460380856433
14420,2,MBsen,saline,M,1h,1297.8239900409255
14421,3,MBsen,saline,M,4h,752.5308224082679
14422,4,MBsen,morphine,F,4h,154.15214714836029
14423,5,MBsen,saline,F,4h,56.8773296006249
14424,6,MBsen,morphine,M,1h,222.55078197577845
14425,7,MBsen,morphine,M,4h,57.314847520629705
14426,8,MBsen,saline,M,4h,54.83557930726913
14427,9,MBsen,morphine,F,4h,101.06663952111039
14428,10,MBsen,saline,F,1h,118.27567770796612
14429,11,MBsen,saline,M,1h,15.604805813504779
14430,12,MBsen,morphine,M,1h,58.335722667307586
14431,13,MBsen,saline,M,4h,39.23077349376435
14432,14,MBsen,morphine,M,1h,268.4901635762832
14433,15,MBsen,morphine,F,4h,50.31456080055279
14434,16,MBsen,saline,F,4h,45.356024373831644
14435,17,MBsen,morphine,M,1h,23.771806986927842
14436,18,MBsen,saline,M,1h,11.22962661345671
14437,19,MBsen,morphine,F,1h,267.61512773627356
14438,20,MBsen,morphine,F,1h,170.9236674152112
14439,21,MBsen,morphine,F,1h,86.4827088542835
14440,22,MBsen,morphine,M,4h,429.2050795247156
14441,23,MBsen,morphine,M,4h,279.86562949640813
14442,24,MBsen,saline,F,1h,71.60709957412006
14443,25,MBsen,saline,F,4h,54.106382773927784
14444,26,MBsen,saline,F,4h,23.91764629359611
14445,0,SCs,morphine,M,1h,530.5005346740528
14446,1,SCs,morphine,M,4h,373.7617403385372
14447,2,SCs,saline,M,1h,1961.5535504119262
14448,3,SCs,saline,M,4h,825.4291536012361
14449,4,SCs,morphine,F,4h,26.432281884983404
14450,5,SCs,saline,F,4h,20.403866718232802
14451,6,SCs,morphine,M,1h,106.1928517835298
14452,7,SCs,morphine,M,4h,38.0253879748884
14453,8,SCs,saline,M,4h,38.0253879748884
14454,9,SCs,morphine,F,4h,29.6783515901568
14455,10,SCs,saline,F,1h,42.1989061672542
14456,11,SCs,saline,M,1h,13.911727307886002
14457,12,SCs,morphine,M,1h,0.9274484871924
14458,13,SCs,saline,M,4h,45.9087001160238
14459,14,SCs,morphine,M,1h,82.5429153601236
14460,15,SCs,morphine,F,4h,0.9274484871924
14461,16,SCs,saline,F,4h,8.3470363847316
14462,17,SCs,morphine,M,1h,0.0
14463,18,SCs,saline,M,1h,23.186212179810003
14464,19,SCs,morphine,F,1h,39.416560705677
14465,20,SCs,morphine,F,1h,27.359730372175804
14466,21,SCs,morphine,F,1h,12.984278820693602
14467,22,SCs,morphine,M,4h,457.23210418585325
14468,23,SCs,morphine,M,4h,287.97275527324024
14469,24,SCs,saline,F,1h,96.45464266800961
14470,25,SCs,saline,F,4h,17.1577970130594
14471,26,SCs,saline,F,4h,21.331315205425202
14472,0,SCop,morphine,M,1h,642.9136285235714
14473,1,SCop,morphine,M,4h,375.16267427162404
14474,2,SCop,saline,M,1h,1092.7974993306227
14475,3,SCop,saline,M,4h,797.0260963778901
14476,4,SCop,morphine,F,4h,29.577140295273264
14477,5,SCop,saline,F,4h,15.566915944880664
14478,6,SCop,morphine,M,1h,101.18495364172432
14479,7,SCop,morphine,M,4h,14.0102243503926
14480,8,SCop,saline,M,4h,38.91728986220166
14481,9,SCop,morphine,F,4h,31.13383188976133
14482,10,SCop,saline,F,1h,71.60781334645105
14483,11,SCop,saline,M,1h,14.0102243503926
14484,12,SCop,morphine,M,1h,0.0
14485,13,SCop,saline,M,4h,35.803906673225526
14486,14,SCop,morphine,M,1h,171.23607539368732
14487,15,SCop,morphine,F,4h,0.0
14488,16,SCop,saline,F,4h,4.6700747834642
14489,17,SCop,morphine,M,1h,0.0
14490,18,SCop,saline,M,1h,28.0204487007852
14491,19,SCop,morphine,F,1h,63.82435537401073
14492,20,SCop,morphine,F,1h,46.700747834641994
14493,21,SCop,morphine,F,1h,23.350373917320997
14494,22,SCop,morphine,M,4h,546.3987496653114
14495,23,SCop,morphine,M,4h,188.35968293305604
14496,24,SCop,saline,F,1h,183.68960814959183
14497,25,SCop,saline,F,4h,26.46375710629713
14498,26,SCop,saline,F,4h,32.6905234842494
14499,0,SCsg,morphine,M,1h,567.3025544228782
14500,1,SCsg,morphine,M,4h,335.69738312179487
14501,2,SCsg,saline,M,1h,2567.6078915775524
14502,3,SCsg,saline,M,4h,899.5301971506493
14503,4,SCsg,morphine,F,4h,21.685877462648246
14504,5,SCsg,saline,F,4h,19.951007265636388
14505,6,SCsg,morphine,M,1h,89.34581514611078
14506,7,SCsg,morphine,M,4h,50.31123571334393
14507,8,SCsg,saline,M,4h,34.697403940237194
14508,9,SCsg,morphine,F,4h,31.227663546213478
14509,10,SCsg,saline,F,1h,30.360228447707545
14510,11,SCsg,saline,M,1h,13.011526477588948
14511,12,SCsg,morphine,M,1h,0.8674350985059299
14512,13,SCsg,saline,M,4h,55.515846304379515
14513,14,SCsg,morphine,M,1h,30.360228447707545
14514,15,SCsg,morphine,F,4h,1.7348701970118598
14515,16,SCsg,saline,F,4h,6.072045689541509
14516,17,SCsg,morphine,M,1h,0.0
14517,18,SCsg,saline,M,1h,21.685877462648246
14518,19,SCsg,morphine,F,1h,24.288182758166037
14519,20,SCsg,morphine,F,1h,15.613831773106739
14520,21,SCsg,morphine,F,1h,8.674350985059299
14521,22,SCsg,morphine,M,4h,440.6570300410124
14522,23,SCsg,morphine,M,4h,339.1671235158186
14523,24,SCsg,saline,F,1h,52.91354100886172
14524,25,SCsg,saline,F,4h,10.409221182071159
14525,26,SCsg,saline,F,4h,16.481266871612668
14526,0,SCzo,morphine,M,1h,213.15350928186643
14527,1,SCzo,morphine,M,4h,492.7444760022367
14528,2,SCzo,saline,M,1h,1572.353159377924
14529,3,SCzo,saline,M,4h,639.4605278455994
14530,4,SCzo,morphine,F,4h,35.986956112522904
14531,5,SCzo,saline,F,4h,30.45050132598092
14532,6,SCzo,morphine,M,1h,168.86187098953056
14533,7,SCzo,morphine,M,4h,41.52341089906489
14534,8,SCzo,saline,M,4h,47.05986568560688
14535,9,SCzo,morphine,F,4h,22.14581914616794
14536,10,SCzo,saline,F,1h,27.68227393270993
14537,11,SCzo,saline,M,1h,16.609364359625957
14538,12,SCzo,morphine,M,1h,2.7682273932709927
14539,13,SCzo,saline,M,4h,33.218728719251914
14540,14,SCzo,morphine,M,1h,91.35150397794276
14541,15,SCzo,morphine,F,4h,0.0
14542,16,SCzo,saline,F,4h,22.14581914616794
14543,17,SCzo,morphine,M,1h,0.0
14544,18,SCzo,saline,M,1h,19.37759175289695
14545,19,SCzo,morphine,F,1h,44.29163829233588
14546,20,SCzo,morphine,F,1h,30.45050132598092
14547,21,SCzo,morphine,F,1h,8.304682179812978
14548,22,SCzo,morphine,M,4h,351.56487894541607
14549,23,SCzo,morphine,M,4h,301.73678586653824
14550,24,SCzo,saline,F,1h,80.2785944048588
14551,25,SCzo,saline,F,4h,22.14581914616794
14552,26,SCzo,saline,F,4h,16.609364359625957
14553,0,IC,morphine,M,1h,393.8756054909544
14554,1,IC,morphine,M,4h,607.121792815583
14555,2,IC,saline,M,1h,1020.7924030370937
14556,3,IC,saline,M,4h,729.2659697325381
14557,4,IC,morphine,F,4h,212.12147114675614
14558,5,IC,saline,F,4h,74.45621097516043
14559,6,IC,morphine,M,1h,272.1813150451484
14560,7,IC,morphine,M,4h,63.883878903158795
14561,8,IC,saline,M,4h,59.834900662817745
14562,9,IC,morphine,F,4h,139.46480605619175
14563,10,IC,saline,F,1h,152.2865704839384
14564,11,IC,saline,M,1h,17.320629139236715
14565,12,IC,morphine,M,1h,89.52740775865212
14566,13,IC,saline,M,4h,36.21586092749495
14567,14,IC,morphine,M,1h,350.46156102507535
14568,15,IC,morphine,F,4h,74.45621097516043
14569,16,IC,saline,F,4h,61.18456007626476
14570,17,IC,morphine,M,1h,33.06665562945191
14571,18,IC,saline,M,1h,6.073467360511575
14572,19,IC,morphine,F,1h,383.9781031256763
14573,20,IC,morphine,F,1h,244.96318354063354
14574,21,IC,morphine,F,1h,121.91923368138052
14575,22,IC,morphine,M,4h,360.134120154779
14576,23,IC,morphine,M,4h,258.90966414625274
14577,24,IC,saline,F,1h,58.03535477822172
14578,25,IC,saline,F,4h,64.5587086098823
14579,26,IC,saline,F,4h,23.16915326417379
14580,0,ICc,morphine,M,1h,42.60705466307584
14581,1,ICc,morphine,M,4h,122.49528215634304
14582,2,ICc,saline,M,1h,163.32704287512405
14583,3,ICc,saline,M,4h,229.01291881403264
14584,4,ICc,morphine,F,4h,363.9352585804395
14585,5,ICc,saline,F,4h,94.97822601977323
14586,6,ICc,morphine,M,1h,376.36231619050324
14587,7,ICc,morphine,M,4h,122.49528215634304
14588,8,ICc,saline,M,4h,67.46116988320341
14589,9,ICc,morphine,F,4h,181.96762929021975
14590,10,ICc,saline,F,1h,151.78763223720767
14591,11,ICc,saline,M,1h,17.752939442948268
14592,12,ICc,morphine,M,1h,74.56234566038272
14593,13,ICc,saline,M,4h,63.02293502246635
14594,14,ICc,morphine,M,1h,380.80055105124035
14595,15,ICc,morphine,F,4h,125.15822307278528
14596,16,ICc,saline,F,4h,41.71940769092843
14597,17,ICc,morphine,M,1h,52.37117135669739
14598,18,ICc,saline,M,1h,7.98882274932672
14599,19,ICc,morphine,F,1h,513.9475968733523
14600,20,ICc,morphine,F,1h,194.39468690028352
14601,21,ICc,morphine,F,1h,150.01233829291286
14602,22,ICc,morphine,M,4h,231.67585973047488
14603,23,ICc,morphine,M,4h,162.43939590297663
14604,24,ICc,saline,F,1h,54.14646530099221
14605,25,ICc,saline,F,4h,76.33763960467755
14606,26,ICc,saline,F,4h,15.089998526506026
14607,0,ICd,morphine,M,1h,554.4635829225217
14608,1,ICd,morphine,M,4h,701.7665783855895
14609,2,ICd,saline,M,1h,1349.1443584463539
14610,3,ICd,saline,M,4h,1005.4373690325291
14611,4,ICd,morphine,F,4h,110.28839660311739
14612,5,ICd,saline,F,4h,71.007597812966
14613,6,ICd,morphine,M,1h,194.13779402055596
14614,7,ICd,morphine,M,4h,37.014598859950354
14615,8,ICd,saline,M,4h,43.81319865055348
14616,9,ICd,morphine,F,4h,125.396396137791
14617,10,ICd,saline,F,1h,261.36839194985356
14618,11,ICd,saline,M,1h,27.949799139146187
14619,12,ICd,morphine,M,1h,104.24519678924794
14620,13,ICd,saline,M,4h,18.88499941834202
14621,14,ICd,morphine,M,1h,423.02398697086124
14622,15,ICd,morphine,F,4h,51.36719841789029
14623,16,ICd,saline,F,4h,64.96439799909655
14624,17,ICd,morphine,M,1h,40.79159874361876
14625,18,ICd,saline,M,1h,6.043199813869446
14626,19,ICd,morphine,F,1h,316.51259025141223
14627,20,ICd,morphine,F,1h,302.1599906934723
14628,21,ICd,morphine,F,1h,150.32459537000247
14629,22,ICd,morphine,M,4h,323.31119004201537
14630,23,ICd,morphine,M,4h,322.5557900652817
14631,24,ICd,saline,F,1h,36.259198883216676
14632,25,ICd,saline,F,4h,38.525398813417716
14633,26,ICd,saline,F,4h,37.76999883668404
14634,0,ICe,morphine,M,1h,485.66803161603656
14635,1,ICe,morphine,M,4h,817.9672111427984
14636,2,ICe,saline,M,1h,1287.0954645923446
14637,3,ICe,saline,M,4h,828.4925245214741
14638,4,ICe,morphine,F,4h,193.9664894070239
14639,5,ICe,saline,F,4h,65.15670186799252
14640,6,ICe,morphine,M,1h,265.1376560628311
14641,7,ICe,morphine,M,4h,48.61692370150211
14642,8,ICe,saline,M,4h,66.15911266596164
14643,9,ICe,morphine,F,4h,124.80014434715491
14644,10,ICe,saline,F,1h,80.19286383752926
14645,11,ICe,saline,M,1h,10.024107979691157
14646,12,ICe,morphine,M,1h,88.21215022128219
14647,13,ICe,saline,M,4h,32.57835093399626
14648,14,ICe,morphine,M,1h,285.1858720222134
14649,15,ICe,morphine,F,4h,61.14705867611606
14650,16,ICe,saline,F,4h,69.66755045885354
14651,17,ICe,morphine,M,1h,17.040983565474967
14652,18,ICe,saline,M,1h,5.012053989845579
14653,19,ICe,morphine,F,1h,355.3546278800515
14654,20,ICe,morphine,F,1h,235.56653752274218
14655,21,ICe,morphine,F,1h,87.20973942331307
14656,22,ICe,morphine,M,4h,457.0993238739168
14657,23,ICe,morphine,M,4h,271.1521208506458
14658,24,ICe,saline,F,1h,74.67960444869912
14659,25,ICe,saline,F,4h,75.18080984768368
14660,26,ICe,saline,F,4h,18.043394363444083
14661,0,NB,morphine,M,1h,1626.3676273229764
14662,1,NB,morphine,M,4h,90.98560152855812
14663,2,NB,saline,M,1h,1353.410822737302
14664,3,NB,saline,M,4h,1398.903623501581
14665,4,NB,morphine,F,4h,409.4352068785115
14666,5,NB,saline,F,4h,102.35880171962788
14667,6,NB,morphine,M,1h,545.9136091713486
14668,7,NB,morphine,M,4h,284.3300047767441
14669,8,NB,saline,M,4h,216.09080363032552
14670,9,NB,morphine,F,4h,45.49280076427906
14671,10,NB,saline,F,1h,466.30120783386036
14672,11,NB,saline,M,1h,0.0
14673,12,NB,morphine,M,1h,0.0
14674,13,NB,saline,M,4h,22.74640038213953
14675,14,NB,morphine,M,1h,887.1096149034416
14676,15,NB,morphine,F,4h,68.23920114641858
14677,16,NB,saline,F,4h,45.49280076427906
14678,17,NB,morphine,M,1h,11.373200191069765
14679,18,NB,saline,M,1h,0.0
14680,19,NB,morphine,F,1h,318.4496053499534
14681,20,NB,morphine,F,1h,79.61240133748835
14682,21,NB,morphine,F,1h,193.34440324818598
14683,22,NB,morphine,M,4h,909.8560152855812
14684,23,NB,morphine,M,4h,887.1096149034416
14685,24,NB,saline,F,1h,159.2248026749767
14686,25,NB,saline,F,4h,352.5692059231627
14687,26,NB,saline,F,4h,125.1052021017674
14688,0,SAG,morphine,M,1h,132.3963743762094
14689,1,SAG,morphine,M,4h,0.0
14690,2,SAG,saline,M,1h,50.921682452388225
14691,3,SAG,saline,M,4h,112.0277013952541
14692,4,SAG,morphine,F,4h,30.553009471432937
14693,5,SAG,saline,F,4h,20.368672980955292
14694,6,SAG,morphine,M,1h,101.84336490477645
14695,7,SAG,morphine,M,4h,10.184336490477646
14696,8,SAG,saline,M,4h,50.921682452388225
14697,9,SAG,morphine,F,4h,0.0
14698,10,SAG,saline,F,1h,0.0
14699,11,SAG,saline,M,1h,0.0
14700,12,SAG,morphine,M,1h,0.0
14701,13,SAG,saline,M,4h,0.0
14702,14,SAG,morphine,M,1h,50.921682452388225
14703,15,SAG,morphine,F,4h,0.0
14704,16,SAG,saline,F,4h,91.6590284142988
14705,17,SAG,morphine,M,1h,30.553009471432937
14706,18,SAG,saline,M,1h,0.0
14707,19,SAG,morphine,F,1h,40.737345961910584
14708,20,SAG,morphine,F,1h,10.184336490477646
14709,21,SAG,morphine,F,1h,40.737345961910584
14710,22,SAG,morphine,M,4h,1446.1757816478257
14711,23,SAG,morphine,M,4h,224.0554027905082
14712,24,SAG,saline,F,1h,61.10601894286587
14713,25,SAG,saline,F,4h,61.10601894286587
14714,26,SAG,saline,F,4h,0.0
14715,0,PBG,morphine,M,1h,67.01813957644536
14716,1,PBG,morphine,M,4h,201.05441872933608
14717,2,PBG,saline,M,1h,156.37565901170584
14718,3,PBG,saline,M,4h,89.35751943526049
14719,4,PBG,morphine,F,4h,22.33937985881512
14720,5,PBG,saline,F,4h,44.67875971763024
14721,6,PBG,morphine,M,1h,0.0
14722,7,PBG,morphine,M,4h,0.0
14723,8,PBG,saline,M,4h,22.33937985881512
14724,9,PBG,morphine,F,4h,0.0
14725,10,PBG,saline,F,1h,0.0
14726,11,PBG,saline,M,1h,0.0
14727,12,PBG,morphine,M,1h,0.0
14728,13,PBG,saline,M,4h,44.67875971763024
14729,14,PBG,morphine,M,1h,312.75131802341167
14730,15,PBG,morphine,F,4h,0.0
14731,16,PBG,saline,F,4h,134.03627915289073
14732,17,PBG,morphine,M,1h,0.0
14733,18,PBG,saline,M,1h,0.0
14734,19,PBG,morphine,F,1h,22.33937985881512
14735,20,PBG,morphine,F,1h,44.67875971763024
14736,21,PBG,morphine,F,1h,0.0
14737,22,PBG,morphine,M,4h,2636.0468233401843
14738,23,PBG,morphine,M,4h,156.37565901170584
14739,24,PBG,saline,F,1h,44.67875971763024
14740,25,PBG,saline,F,4h,0.0
14741,26,PBG,saline,F,4h,0.0
14742,0,MEV,morphine,M,1h,105.44074230282583
14743,1,MEV,morphine,M,4h,0.0
14744,2,MEV,saline,M,1h,0.0
14745,3,MEV,saline,M,4h,0.0
14746,4,MEV,morphine,F,4h,1792.492619148039
14747,5,MEV,saline,F,4h,210.88148460565165
14748,6,MEV,morphine,M,1h,2846.900042176297
14749,7,MEV,morphine,M,4h,105.44074230282583
14750,8,MEV,saline,M,4h,105.44074230282583
14751,9,MEV,morphine,F,4h,527.203711514129
14752,10,MEV,saline,F,1h,0.0
14753,11,MEV,saline,M,1h,0.0
14754,12,MEV,morphine,M,1h,0.0
14755,13,MEV,saline,M,4h,105.44074230282583
14756,14,MEV,morphine,M,1h,738.0851961197807
14757,15,MEV,morphine,F,4h,421.7629692113033
14758,16,MEV,saline,F,4h,0.0
14759,17,MEV,morphine,M,1h,1265.2889076339097
14760,18,MEV,saline,M,1h,0.0
14761,19,MEV,morphine,F,1h,1054.407423028258
14762,20,MEV,morphine,F,1h,1159.848165331084
14763,21,MEV,morphine,F,1h,210.88148460565165
14764,22,MEV,morphine,M,4h,1581.6111345423874
14765,23,MEV,morphine,M,4h,4217.629692113032
14766,24,MEV,saline,F,1h,316.32222690847743
14767,25,MEV,saline,F,4h,948.9666807254324
14768,26,MEV,saline,F,4h,105.44074230282583
14769,0,SCO,morphine,M,1h,0.0
14770,1,SCO,morphine,M,4h,0.0
14771,2,SCO,saline,M,1h,0.0
14772,3,SCO,saline,M,4h,0.0
14773,4,SCO,morphine,F,4h,0.0
14774,5,SCO,saline,F,4h,0.0
14775,6,SCO,morphine,M,1h,138.1406271584473
14776,7,SCO,morphine,M,4h,0.0
14777,8,SCO,saline,M,4h,138.1406271584473
14778,9,SCO,morphine,F,4h,0.0
14779,10,SCO,saline,F,1h,138.1406271584473
14780,11,SCO,saline,M,1h,0.0
14781,12,SCO,morphine,M,1h,0.0
14782,13,SCO,saline,M,4h,276.2812543168946
14783,14,SCO,morphine,M,1h,69.07031357922365
14784,15,SCO,morphine,F,4h,138.1406271584473
14785,16,SCO,saline,F,4h,138.1406271584473
14786,17,SCO,morphine,M,1h,0.0
14787,18,SCO,saline,M,1h,0.0
14788,19,SCO,morphine,F,1h,0.0
14789,20,SCO,morphine,F,1h,207.21094073767097
14790,21,SCO,morphine,F,1h,0.0
14791,22,SCO,morphine,M,4h,69.07031357922365
14792,23,SCO,morphine,M,4h,0.0
14793,24,SCO,saline,F,1h,0.0
14794,25,SCO,saline,F,4h,69.07031357922365
14795,26,SCO,saline,F,4h,207.21094073767097
14796,0,MBmot,morphine,M,1h,228.42559035220455
14797,1,MBmot,morphine,M,4h,63.574151970582726
14798,2,MBmot,saline,M,1h,139.3090907656713
14799,3,MBmot,saline,M,4h,246.69024701140447
14800,4,MBmot,morphine,F,4h,172.6456106320773
14801,5,MBmot,saline,F,4h,88.41220691329931
14802,6,MBmot,morphine,M,1h,294.01871465272455
14803,7,MBmot,morphine,M,4h,79.81983629984538
14804,8,MBmot,saline,M,4h,58.64410325794522
14805,9,MBmot,morphine,F,4h,81.41623302584227
14806,10,MBmot,saline,F,1h,275.7540579935246
14807,11,MBmot,saline,M,1h,17.184741226907885
14808,12,MBmot,morphine,M,1h,109.44708142055269
14809,13,MBmot,saline,M,4h,44.558249793266626
14810,14,MBmot,morphine,M,1h,432.99913550422
14811,15,MBmot,morphine,F,4h,132.92350386168368
14812,16,MBmot,saline,F,4h,46.29550505391032
14813,17,MBmot,morphine,M,1h,54.4653000634239
14814,18,MBmot,saline,M,1h,20.659251748195274
14815,19,MBmot,morphine,F,1h,288.1496090424418
14816,20,MBmot,morphine,F,1h,163.0202774312136
14817,21,MBmot,morphine,F,1h,79.30335500614049
14818,22,MBmot,morphine,M,4h,225.09193836556395
14819,23,MBmot,morphine,M,4h,106.06647658902982
14820,24,MBmot,saline,F,1h,93.06053855664325
14821,25,MBmot,saline,F,4h,54.08967730436581
14822,26,MBmot,saline,F,4h,22.537365543485752
14823,0,SNr,morphine,M,1h,5.8065415206429005
14824,1,SNr,morphine,M,4h,7.742055360857201
14825,2,SNr,saline,M,1h,6.451712800714334
14826,3,SNr,saline,M,4h,20.645480962285866
14827,4,SNr,morphine,F,4h,28.387536323143067
14828,5,SNr,saline,F,4h,7.096884080785767
14829,6,SNr,morphine,M,1h,103.87257609150078
14830,7,SNr,morphine,M,4h,19.355138402143
14831,8,SNr,saline,M,4h,26.45202248292877
14832,9,SNr,morphine,F,4h,0.6451712800714333
14833,10,SNr,saline,F,1h,30.968221443428803
14834,11,SNr,saline,M,1h,3.8710276804286003
14835,12,SNr,morphine,M,1h,5.1613702405714665
14836,13,SNr,saline,M,4h,14.193768161571533
14837,14,SNr,morphine,M,1h,462.5878078112177
14838,15,SNr,morphine,F,4h,23.226166082571602
14839,16,SNr,saline,F,4h,26.45202248292877
14840,17,SNr,morphine,M,1h,14.838939441642967
14841,18,SNr,saline,M,1h,9.032397921000067
14842,19,SNr,morphine,F,1h,64.51712800714334
14843,20,SNr,morphine,F,1h,0.6451712800714333
14844,21,SNr,morphine,F,1h,47.742674725286065
14845,22,SNr,morphine,M,4h,25.1616799227859
14846,23,SNr,morphine,M,4h,87.0981228096435
14847,24,SNr,saline,F,1h,14.193768161571533
14848,25,SNr,saline,F,4h,3.8710276804286003
14849,26,SNr,saline,F,4h,4.516198960500033
14850,0,VTA,morphine,M,1h,0.0
14851,1,VTA,morphine,M,4h,2.333079805327821
14852,2,VTA,saline,M,1h,0.0
14853,3,VTA,saline,M,4h,0.0
14854,4,VTA,morphine,F,4h,244.9733795594212
14855,5,VTA,saline,F,4h,130.65246909835798
14856,6,VTA,morphine,M,1h,326.63117274589496
14857,7,VTA,morphine,M,4h,109.6547508504076
14858,8,VTA,saline,M,4h,186.6463844262257
14859,9,VTA,morphine,F,4h,9.332319221311284
14860,10,VTA,saline,F,1h,146.98402773565272
14861,11,VTA,saline,M,1h,6.999239415983463
14862,12,VTA,morphine,M,1h,79.32471338114591
14863,13,VTA,saline,M,4h,41.995436495900776
14864,14,VTA,morphine,M,1h,562.2722330840048
14865,15,VTA,morphine,F,4h,545.9406744467101
14866,16,VTA,saline,F,4h,53.660835522539884
14867,17,VTA,morphine,M,1h,16.331558637294748
14868,18,VTA,saline,M,1h,9.332319221311284
14869,19,VTA,morphine,F,1h,419.95436495900776
14870,20,VTA,morphine,F,1h,58.326995133195524
14871,21,VTA,morphine,F,1h,72.32547396516246
14872,22,VTA,morphine,M,4h,758.2509367315419
14873,23,VTA,morphine,M,4h,886.570326024572
14874,24,VTA,saline,F,1h,228.64182092212647
14875,25,VTA,saline,F,4h,135.3186287090136
14876,26,VTA,saline,F,4h,27.996957663933852
14877,0,PN,morphine,M,1h,0.0
14878,1,PN,morphine,M,4h,0.0
14879,2,PN,saline,M,1h,0.0
14880,3,PN,saline,M,4h,0.0
14881,4,PN,morphine,F,4h,46.00662495399338
14882,5,PN,saline,F,4h,138.01987486198013
14883,6,PN,morphine,M,1h,46.00662495399338
14884,7,PN,morphine,M,4h,0.0
14885,8,PN,saline,M,4h,92.01324990798676
14886,9,PN,morphine,F,4h,0.0
14887,10,PN,saline,F,1h,0.0
14888,11,PN,saline,M,1h,0.0
14889,12,PN,morphine,M,1h,0.0
14890,13,PN,saline,M,4h,0.0
14891,14,PN,morphine,M,1h,690.0993743099007
14892,15,PN,morphine,F,4h,2392.3444976076557
14893,16,PN,saline,F,4h,0.0
14894,17,PN,morphine,M,1h,0.0
14895,18,PN,saline,M,1h,46.00662495399338
14896,19,PN,morphine,F,1h,782.1126242178874
14897,20,PN,morphine,F,1h,0.0
14898,21,PN,morphine,F,1h,92.01324990798676
14899,22,PN,morphine,M,4h,690.0993743099007
14900,23,PN,morphine,M,4h,1610.2318733897682
14901,24,PN,saline,F,1h,138.01987486198013
14902,25,PN,saline,F,4h,0.0
14903,26,PN,saline,F,4h,0.0
14904,0,RR,morphine,M,1h,0.0
14905,1,RR,morphine,M,4h,0.0
14906,2,RR,saline,M,1h,0.0
14907,3,RR,saline,M,4h,0.0
14908,4,RR,morphine,F,4h,268.55185228196495
14909,5,RR,saline,F,4h,21.77447450934851
14910,6,RR,morphine,M,1h,420.97317384740455
14911,7,RR,morphine,M,4h,14.516316339565673
14912,8,RR,saline,M,4h,29.032632679131346
14913,9,RR,morphine,F,4h,0.0
14914,10,RR,saline,F,1h,65.32342352804554
14915,11,RR,saline,M,1h,0.0
14916,12,RR,morphine,M,1h,116.13053071652539
14917,13,RR,saline,M,4h,87.09789803739405
14918,14,RR,morphine,M,1h,399.19869933805603
14919,15,RR,morphine,F,4h,645.9760771106725
14920,16,RR,saline,F,4h,58.06526535826269
14921,17,RR,morphine,M,1h,0.0
14922,18,RR,saline,M,1h,0.0
14923,19,RR,morphine,F,1h,420.97317384740455
14924,20,RR,morphine,F,1h,515.3292300545814
14925,21,RR,morphine,F,1h,116.13053071652539
14926,22,RR,morphine,M,4h,275.8100104517478
14927,23,RR,morphine,M,4h,65.32342352804554
14928,24,RR,saline,F,1h,29.032632679131346
14929,25,RR,saline,F,4h,79.8397398676112
14930,26,RR,saline,F,4h,14.516316339565673
14931,0,MRN,morphine,M,1h,172.45884708052643
14932,1,MRN,morphine,M,4h,0.3888587307339942
14933,2,MRN,saline,M,1h,68.24470724381598
14934,3,MRN,saline,M,4h,49.579488168584255
14935,4,MRN,morphine,F,4h,114.71332556652828
14936,5,MRN,saline,F,4h,56.19008659106216
14937,6,MRN,morphine,M,1h,147.7663176789178
14938,7,MRN,morphine,M,4h,59.300956436934115
14939,8,MRN,saline,M,4h,49.773917533951256
14940,9,MRN,morphine,F,4h,1.5554349229359767
14941,10,MRN,saline,F,1h,67.661419147715
14942,11,MRN,saline,M,1h,2.9164404805049564
14943,12,MRN,morphine,M,1h,55.41236912959417
14944,13,MRN,saline,M,4h,69.02242470528397
14945,14,MRN,morphine,M,1h,213.6778725383298
14946,15,MRN,morphine,F,4h,105.76957475964642
14947,16,MRN,saline,F,4h,34.608427035325484
14948,17,MRN,morphine,M,1h,18.470789709864725
14949,18,MRN,saline,M,1h,15.943207960093762
14950,19,MRN,morphine,F,1h,129.68438669978707
14951,20,MRN,morphine,F,1h,115.87990175873027
14952,21,MRN,morphine,F,1h,32.27527465092152
14953,22,MRN,morphine,M,4h,73.8831588394589
14954,23,MRN,morphine,M,4h,25.859105593810614
14955,24,MRN,saline,F,1h,24.69252940160863
14956,25,MRN,saline,F,4h,36.55272068899545
14957,26,MRN,saline,F,4h,11.665761922019826
14958,0,SCm,morphine,M,1h,305.70900960541957
14959,1,SCm,morphine,M,4h,56.25894968433069
14960,2,SCm,saline,M,1h,229.98941694852167
14961,3,SCm,saline,M,4h,203.2752615952703
14962,4,SCm,morphine,F,4h,57.32043930101617
14963,5,SCm,saline,F,4h,40.867350242391154
14964,6,SCm,morphine,M,1h,271.0336821270271
14965,7,SCm,morphine,M,4h,15.922344250282269
14966,8,SCm,saline,M,4h,41.92883985907664
14967,9,SCm,morphine,F,4h,77.84257189026887
14968,10,SCm,saline,F,1h,176.3841913059047
14969,11,SCm,saline,M,1h,16.45308905862501
14970,12,SCm,morphine,M,1h,37.32905152010621
14971,13,SCm,saline,M,4h,11.853300719654579
14972,14,SCm,morphine,M,1h,291.3788997801655
14973,15,SCm,morphine,F,4h,22.645111822623672
14974,16,SCm,saline,F,4h,24.94500599210889
14975,17,SCm,morphine,M,1h,16.45308905862501
14976,18,SCm,saline,M,1h,27.06798522547986
14977,19,SCm,morphine,F,1h,223.97430912063726
14978,20,SCm,morphine,F,1h,104.55672724352023
14979,21,SCm,morphine,F,1h,42.10575479519089
14980,22,SCm,morphine,M,4h,283.4177276550244
14981,23,SCm,morphine,M,4h,101.72608826569227
14982,24,SCm,saline,F,1h,121.54056111048799
14983,25,SCm,saline,F,4h,28.129474842165344
14984,26,SCm,saline,F,4h,12.914790336340063
14985,0,SCdg,morphine,M,1h,164.87728777698547
14986,1,SCdg,morphine,M,4h,10.880227112186859
14987,2,SCdg,saline,M,1h,60.25971939057337
14988,3,SCdg,saline,M,4h,19.249632583099828
14989,4,SCdg,morphine,F,4h,61.933600484755964
14990,5,SCdg,saline,F,4h,64.44442212602985
14991,6,SCdg,morphine,M,1h,452.7848359763916
14992,7,SCdg,morphine,M,4h,19.249632583099828
14993,8,SCdg,saline,M,4h,23.43433531855631
14994,9,SCdg,morphine,F,4h,94.57428182131655
14995,10,SCdg,saline,F,1h,292.0922509348626
14996,11,SCdg,saline,M,1h,11.717167659278156
14997,12,SCdg,morphine,M,1h,76.16158978530801
14998,13,SCdg,saline,M,4h,9.206346018004265
14999,14,SCdg,morphine,M,1h,324.7329322714232
15000,15,SCdg,morphine,F,4h,32.640681336560576
15001,16,SCdg,saline,F,4h,32.640681336560576
15002,17,SCdg,morphine,M,1h,40.17314626038225
15003,18,SCdg,saline,M,1h,23.43433531855631
15004,19,SCdg,morphine,F,1h,285.39672655813223
15005,20,SCdg,morphine,F,1h,176.59445543626362
15006,21,SCdg,morphine,F,1h,65.28136267312115
15007,22,SCdg,morphine,M,4h,71.97688704985153
15008,23,SCdg,morphine,M,4h,89.55263853876876
15009,24,SCdg,saline,F,1h,120.51943878114675
15010,25,SCdg,saline,F,4h,35.98844352492576
15011,26,SCdg,saline,F,4h,10.880227112186859
15012,0,SCdw,morphine,M,1h,63.58010487689681
15013,1,SCdw,morphine,M,4h,3.027624041756991
15014,2,SCdw,saline,M,1h,66.6077289186538
15015,3,SCdw,saline,M,4h,48.44198466811186
15016,4,SCdw,morphine,F,4h,102.9392174197377
15017,5,SCdw,saline,F,4h,184.68506654717646
15018,6,SCdw,morphine,M,1h,865.9004759424994
15019,7,SCdw,morphine,M,4h,45.41436062635486
15020,8,SCdw,saline,M,4h,115.04971358676566
15021,9,SCdw,morphine,F,4h,184.68506654717646
15022,10,SCdw,saline,F,1h,829.5689874414155
15023,11,SCdw,saline,M,1h,78.71822508568177
15024,12,SCdw,morphine,M,1h,178.62981846366247
15025,13,SCdw,saline,M,4h,9.082872125270972
15026,14,SCdw,morphine,M,1h,514.6960870986885
15027,15,SCdw,morphine,F,4h,30.27624041756991
15028,16,SCdw,saline,F,4h,57.52485679338283
15029,17,SCdw,morphine,M,1h,51.46960870986885
15030,18,SCdw,saline,M,1h,33.3038644593269
15031,19,SCdw,morphine,F,1h,602.4971843096412
15032,20,SCdw,morphine,F,1h,390.56350138665186
15033,21,SCdw,morphine,F,1h,175.60219442190547
15034,22,SCdw,morphine,M,4h,99.91159337798071
15035,23,SCdw,morphine,M,4h,105.96684146149468
15036,24,SCdw,saline,F,1h,84.77347316919575
15037,25,SCdw,saline,F,4h,60.55248083513982
15038,26,SCdw,saline,F,4h,30.27624041756991
15039,0,SCiw,morphine,M,1h,237.34215072183596
15040,1,SCiw,morphine,M,4h,24.404132433092006
15041,2,SCiw,saline,M,1h,117.2355381589714
15042,3,SCiw,saline,M,4h,58.37851287916126
15043,4,SCiw,morphine,F,4h,60.29256248175672
15044,5,SCiw,saline,F,4h,26.318182035687457
15045,6,SCiw,morphine,M,1h,179.44215024332357
15046,7,SCiw,morphine,M,4h,13.876859618817022
15047,8,SCiw,saline,M,4h,41.630578856451066
15048,9,SCiw,morphine,F,4h,57.9000004785124
15049,10,SCiw,saline,F,1h,117.71405055962026
15050,11,SCiw,saline,M,1h,8.61322321167953
15051,12,SCiw,morphine,M,1h,22.968595231145414
15052,13,SCiw,saline,M,4h,3.8280992051909024
15053,14,SCiw,morphine,M,1h,287.58595278996654
15054,15,SCiw,morphine,F,4h,30.62479364152722
15055,16,SCiw,saline,F,4h,21.533058029198827
15056,17,SCiw,morphine,M,1h,10.04876041362612
15057,18,SCiw,saline,M,1h,29.18925643958063
15058,19,SCiw,morphine,F,1h,186.6198362530565
15059,20,SCiw,morphine,F,1h,67.94876089213852
15060,21,SCiw,morphine,F,1h,26.796694436336317
15061,22,SCiw,morphine,M,4h,256.0041343471416
15062,23,SCiw,morphine,M,4h,82.78264531225327
15063,24,SCiw,saline,F,1h,61.728099683703306
15064,25,SCiw,saline,F,4h,22.968595231145414
15065,26,SCiw,saline,F,4h,7.656198410381805
15066,0,SCig,morphine,M,1h,497.66773464003023
15067,1,SCig,morphine,M,4h,124.17153536876494
15068,2,SCig,saline,M,1h,471.6555157683127
15069,3,SCig,saline,M,4h,484.9070234954141
15070,4,SCig,morphine,F,4h,44.171692423671324
15071,5,SCig,saline,F,4h,18.650270134439
15072,6,SCig,morphine,M,1h,161.96287222012816
15073,7,SCig,morphine,M,4h,11.288321397160448
15074,8,SCig,saline,M,4h,41.2269129287599
15075,9,SCig,morphine,F,4h,71.16550446035934
15076,10,SCig,saline,F,1h,62.82196255811032
15077,11,SCig,saline,M,1h,17.17788038698329
15078,12,SCig,morphine,M,1h,6.38035557230808
15079,13,SCig,saline,M,4h,22.085846211835662
15080,14,SCig,morphine,M,1h,239.5087322527956
15081,15,SCig,morphine,F,4h,7.361948737278554
15082,16,SCig,saline,F,4h,18.650270134439
15083,17,SCig,morphine,M,1h,3.435576077396658
15084,18,SCig,saline,M,1h,26.012218871717554
15085,19,SCig,morphine,F,1h,164.9076517150396
15086,20,SCig,morphine,F,1h,53.49682749089082
15087,21,SCig,morphine,F,1h,22.576642794320897
15088,22,SCig,morphine,M,4h,465.2751601960046
15089,23,SCig,morphine,M,4h,127.6071114461616
15090,24,SCig,saline,F,1h,189.44748083930145
15091,25,SCig,saline,F,4h,23.55823595929137
15092,26,SCig,saline,F,4h,16.687083804498055
15093,0,PAG,morphine,M,1h,171.2900784696041
15094,1,PAG,morphine,M,4h,131.87631663269272
15095,2,PAG,saline,M,1h,148.06791609001846
15096,3,PAG,saline,M,4h,535.3880188981531
15097,4,PAG,morphine,F,4h,439.51670632188217
15098,5,PAG,saline,F,4h,221.143161009265
15099,6,PAG,morphine,M,1h,507.05271984783303
15100,7,PAG,morphine,M,4h,206.22984571962286
15101,8,PAG,saline,M,4h,99.28007035676059
15102,9,PAG,morphine,F,4h,247.13493908549844
15103,10,PAG,saline,F,1h,760.5790797717495
15104,11,PAG,saline,M,1h,46.65737212045186
15105,12,PAG,morphine,M,1h,336.18873610079015
15106,13,PAG,saline,M,4h,66.47077671954786
15107,14,PAG,morphine,M,1h,906.7295696102426
15108,15,PAG,morphine,F,4h,332.77997832030053
15109,16,PAG,saline,F,4h,108.86720161438768
15110,17,PAG,morphine,M,1h,180.02502028210878
15111,18,PAG,saline,M,1h,17.256836263728772
15112,19,PAG,morphine,F,1h,686.6516454073807
15113,20,PAG,morphine,F,1h,408.19874421363363
15114,21,PAG,morphine,F,1h,197.70795126839877
15115,22,PAG,morphine,M,4h,322.340657617551
15116,23,PAG,morphine,M,4h,168.09436805039508
15117,24,PAG,saline,F,1h,93.10169687962312
15118,25,PAG,saline,F,4h,84.79284978967964
15119,26,PAG,saline,F,4h,43.03556697868163
15120,0,PRC,morphine,M,1h,1540.6605508886623
15121,1,PRC,morphine,M,4h,29.29012454160955
15122,2,PRC,saline,M,1h,46.864199266575284
15123,3,PRC,saline,M,4h,2114.7469919042096
15124,4,PRC,morphine,F,4h,445.2098930324652
15125,5,PRC,saline,F,4h,287.0432205077736
15126,6,PRC,morphine,M,1h,1382.493878363971
15127,7,PRC,morphine,M,4h,175.74074724965732
15128,8,PRC,saline,M,4h,5.8580249083219105
15129,9,PRC,morphine,F,4h,5.8580249083219105
15130,10,PRC,saline,F,1h,2425.222312045271
15131,11,PRC,saline,M,1h,17.57407472496573
15132,12,PRC,morphine,M,1h,99.58642344147248
15133,13,PRC,saline,M,4h,398.3456937658899
15134,14,PRC,morphine,M,1h,1622.672899605169
15135,15,PRC,morphine,F,4h,199.17284688294495
15136,16,PRC,saline,F,4h,515.5061919323281
15137,17,PRC,morphine,M,1h,0.0
15138,18,PRC,saline,M,1h,0.0
15139,19,PRC,morphine,F,1h,533.0802666572938
15140,20,PRC,morphine,F,1h,187.45679706630114
15141,21,PRC,morphine,F,1h,439.35186812414327
15142,22,PRC,morphine,M,4h,784.975337715136
15143,23,PRC,morphine,M,4h,0.0
15144,24,PRC,saline,F,1h,1265.3333801975327
15145,25,PRC,saline,F,4h,503.79014211568426
15146,26,PRC,saline,F,4h,46.864199266575284
15147,0,INC,morphine,M,1h,62.7132249648806
15148,1,INC,morphine,M,4h,0.0
15149,2,INC,saline,M,1h,75.25586995785672
15150,3,INC,saline,M,4h,0.0
15151,4,INC,morphine,F,4h,112.88380493678508
15152,5,INC,saline,F,4h,12.54264499297612
15153,6,INC,morphine,M,1h,25.08528998595224
15154,7,INC,morphine,M,4h,25.08528998595224
15155,8,INC,saline,M,4h,112.88380493678508
15156,9,INC,morphine,F,4h,0.0
15157,10,INC,saline,F,1h,0.0
15158,11,INC,saline,M,1h,0.0
15159,12,INC,morphine,M,1h,0.0
15160,13,INC,saline,M,4h,25.08528998595224
15161,14,INC,morphine,M,1h,87.79851495083284
15162,15,INC,morphine,F,4h,25.08528998595224
15163,16,INC,saline,F,4h,25.08528998595224
15164,17,INC,morphine,M,1h,62.7132249648806
15165,18,INC,saline,M,1h,0.0
15166,19,INC,morphine,F,1h,0.0
15167,20,INC,morphine,F,1h,0.0
15168,21,INC,morphine,F,1h,0.0
15169,22,INC,morphine,M,4h,0.0
15170,23,INC,morphine,M,4h,0.0
15171,24,INC,saline,F,1h,0.0
15172,25,INC,saline,F,4h,12.54264499297612
15173,26,INC,saline,F,4h,0.0
15174,0,ND,morphine,M,1h,32.477374096046425
15175,1,ND,morphine,M,4h,0.0
15176,2,ND,saline,M,1h,54.12895682674404
15177,3,ND,saline,M,4h,32.477374096046425
15178,4,ND,morphine,F,4h,151.5610791148833
15179,5,ND,saline,F,4h,32.477374096046425
15180,6,ND,morphine,M,1h,0.0
15181,7,ND,morphine,M,4h,43.30316546139523
15182,8,ND,saline,M,4h,97.43212228813927
15183,9,ND,morphine,F,4h,0.0
15184,10,ND,saline,F,1h,21.651582730697616
15185,11,ND,saline,M,1h,0.0
15186,12,ND,morphine,M,1h,0.0
15187,13,ND,saline,M,4h,0.0
15188,14,ND,morphine,M,1h,248.99320140302257
15189,15,ND,morphine,F,4h,21.651582730697616
15190,16,ND,saline,F,4h,54.12895682674404
15191,17,ND,morphine,M,1h,43.30316546139523
15192,18,ND,saline,M,1h,0.0
15193,19,ND,morphine,F,1h,0.0
15194,20,ND,morphine,F,1h,0.0
15195,21,ND,morphine,F,1h,0.0
15196,22,ND,morphine,M,4h,0.0
15197,23,ND,morphine,M,4h,0.0
15198,24,ND,saline,F,1h,0.0
15199,25,ND,saline,F,4h,10.825791365348808
15200,26,ND,saline,F,4h,0.0
15201,0,Su3,morphine,M,1h,142.47720364741642
15202,1,Su3,morphine,M,4h,0.0
15203,2,Su3,saline,M,1h,47.49240121580547
15204,3,Su3,saline,M,4h,23.746200607902736
15205,4,Su3,morphine,F,4h,949.8480243161094
15206,5,Su3,saline,F,4h,0.0
15207,6,Su3,morphine,M,1h,47.49240121580547
15208,7,Su3,morphine,M,4h,47.49240121580547
15209,8,Su3,saline,M,4h,0.0
15210,9,Su3,morphine,F,4h,0.0
15211,10,Su3,saline,F,1h,0.0
15212,11,Su3,saline,M,1h,23.746200607902736
15213,12,Su3,morphine,M,1h,71.23860182370821
15214,13,Su3,saline,M,4h,0.0
15215,14,Su3,morphine,M,1h,1282.2948328267478
15216,15,Su3,morphine,F,4h,166.22340425531917
15217,16,Su3,saline,F,4h,23.746200607902736
15218,17,Su3,morphine,M,1h,118.73100303951368
15219,18,Su3,saline,M,1h,23.746200607902736
15220,19,Su3,morphine,F,1h,23.746200607902736
15221,20,Su3,morphine,F,1h,0.0
15222,21,Su3,morphine,F,1h,0.0
15223,22,Su3,morphine,M,4h,0.0
15224,23,Su3,morphine,M,4h,0.0
15225,24,Su3,saline,F,1h,0.0
15226,25,Su3,saline,F,4h,23.746200607902736
15227,26,Su3,saline,F,4h,0.0
15228,0,PRT,morphine,M,1h,570.6390580561543
15229,1,PRT,morphine,M,4h,158.6443885076082
15230,2,PRT,saline,M,1h,250.94657818476205
15231,3,PRT,saline,M,4h,469.6835380967673
15232,4,PRT,morphine,F,4h,103.35922281556292
15233,5,PRT,saline,F,4h,47.59331655228246
15234,6,PRT,morphine,M,1h,383.6309758456707
15235,7,PRT,morphine,M,4h,59.13109026192669
15236,8,PRT,saline,M,4h,44.22813255363622
15237,9,PRT,morphine,F,4h,13.941476565820114
15238,10,PRT,saline,F,1h,223.06362505312183
15239,11,PRT,saline,M,1h,8.653330282233174
15240,12,PRT,morphine,M,1h,27.40221256040505
15241,13,PRT,saline,M,4h,33.17109941522717
15242,14,PRT,morphine,M,1h,382.66949470320037
15243,15,PRT,morphine,F,4h,15.383698279525643
15244,16,PRT,saline,F,4h,19.229622849407054
15245,17,PRT,morphine,M,1h,21.633325705582937
15246,18,PRT,saline,M,1h,38.45924569881411
15247,19,PRT,morphine,F,1h,56.72738740575081
15248,20,PRT,morphine,F,1h,62.9770148318081
15249,21,PRT,morphine,F,1h,57.68886854822116
15250,22,PRT,morphine,M,4h,280.75249360134296
15251,23,PRT,morphine,M,4h,70.66886397157093
15252,24,PRT,saline,F,1h,196.14215306395195
15253,25,PRT,saline,F,4h,85.57182167986139
15254,26,PRT,saline,F,4h,34.13258055769752
15255,0,APN,morphine,M,1h,417.70374224936205
15256,1,APN,morphine,M,4h,27.428951179601636
15257,2,APN,saline,M,1h,74.45001034463301
15258,3,APN,saline,M,4h,109.71580471840655
15259,4,APN,morphine,F,4h,122.25475382908158
15260,5,APN,saline,F,4h,40.75158460969386
15261,6,APN,morphine,M,1h,390.27479106976045
15262,7,APN,morphine,M,4h,65.04579851162674
15263,8,APN,saline,M,4h,33.69842573493916
15264,9,APN,morphine,F,4h,8.620527513589085
15265,10,APN,saline,F,1h,126.95685974558472
15266,11,APN,saline,M,1h,4.702105916503138
15267,12,APN,morphine,M,1h,36.83316301260791
15268,13,APN,saline,M,4h,36.04947869319072
15269,14,APN,morphine,M,1h,168.49212867469578
15270,15,APN,morphine,F,4h,17.24105502717817
15271,16,APN,saline,F,4h,5.485790235920327
15272,17,APN,morphine,M,1h,18.02473934659536
15273,18,APN,saline,M,1h,10.971580471840655
15274,19,APN,morphine,F,1h,26.645266860184446
15275,20,APN,morphine,F,1h,44.67000620677981
15276,21,APN,morphine,F,1h,63.47842987279236
15277,22,APN,morphine,M,4h,69.74790442812987
15278,23,APN,morphine,M,4h,4.702105916503138
15279,24,APN,saline,F,1h,66.61316715046112
15280,25,APN,saline,F,4h,43.10263756794543
15281,26,APN,saline,F,4h,16.457370707760983
15282,0,MPT,morphine,M,1h,1347.401114460583
15283,1,MPT,morphine,M,4h,1301.7265004110716
15284,2,MPT,saline,M,1h,822.1430528912031
15285,3,MPT,saline,M,4h,3220.0602904905454
15286,4,MPT,morphine,F,4h,0.0
15287,5,MPT,saline,F,4h,0.0
15288,6,MPT,morphine,M,1h,22.837307024755642
15289,7,MPT,morphine,M,4h,45.674614049511284
15290,8,MPT,saline,M,4h,22.837307024755642
15291,9,MPT,morphine,F,4h,0.0
15292,10,MPT,saline,F,1h,22.837307024755642
15293,11,MPT,saline,M,1h,0.0
15294,12,MPT,morphine,M,1h,22.837307024755642
15295,13,MPT,saline,M,4h,68.51192107426692
15296,14,MPT,morphine,M,1h,959.1668950397369
15297,15,MPT,morphine,F,4h,45.674614049511284
15298,16,MPT,saline,F,4h,0.0
15299,17,MPT,morphine,M,1h,0.0
15300,18,MPT,saline,M,1h,114.1865351237782
15301,19,MPT,morphine,F,1h,45.674614049511284
15302,20,MPT,morphine,F,1h,68.51192107426692
15303,21,MPT,morphine,F,1h,0.0
15304,22,MPT,morphine,M,4h,2238.0560884260526
15305,23,MPT,morphine,M,4h,776.4684388416917
15306,24,MPT,saline,F,1h,159.86114917328948
15307,25,MPT,saline,F,4h,68.51192107426692
15308,26,MPT,saline,F,4h,91.34922809902257
15309,0,NOT,morphine,M,1h,579.1317889818961
15310,1,NOT,morphine,M,4h,627.798325871131
15311,2,NOT,saline,M,1h,1620.5956784115242
15312,3,NOT,saline,M,4h,963.5974304068523
15313,4,NOT,morphine,F,4h,43.79988320031147
15314,5,NOT,saline,F,4h,4.866653688923496
15315,6,NOT,morphine,M,1h,165.46622542339887
15316,7,NOT,morphine,M,4h,0.0
15317,8,NOT,saline,M,4h,24.33326844461748
15318,9,NOT,morphine,F,4h,29.199922133540976
15319,10,NOT,saline,F,1h,53.53319057815846
15320,11,NOT,saline,M,1h,4.866653688923496
15321,12,NOT,morphine,M,1h,4.866653688923496
15322,13,NOT,saline,M,4h,19.466614755693985
15323,14,NOT,morphine,M,1h,622.9316721822075
15324,15,NOT,morphine,F,4h,4.866653688923496
15325,16,NOT,saline,F,4h,14.599961066770488
15326,17,NOT,morphine,M,1h,0.0
15327,18,NOT,saline,M,1h,184.93284017909286
15328,19,NOT,morphine,F,1h,107.06638115631692
15329,20,NOT,morphine,F,1h,68.13315164492894
15330,21,NOT,morphine,F,1h,24.33326844461748
15331,22,NOT,morphine,M,4h,316.33248978002723
15332,23,NOT,morphine,M,4h,199.53280124586334
15333,24,NOT,saline,F,1h,141.13295697878138
15334,25,NOT,saline,F,4h,116.7996885341639
15335,26,NOT,saline,F,4h,68.13315164492894
15336,0,NPC,morphine,M,1h,659.2845209659382
15337,1,NPC,morphine,M,4h,262.33310781890737
15338,2,NPC,saline,M,1h,72.4867797920665
15339,3,NPC,saline,M,4h,1007.9114142515914
15340,4,NPC,morphine,F,4h,93.1972883040855
15341,5,NPC,saline,F,4h,134.6183053281235
15342,6,NPC,morphine,M,1h,662.736272384608
15343,7,NPC,morphine,M,4h,103.552542560095
15344,8,NPC,saline,M,4h,34.517514186698335
15345,9,NPC,morphine,F,4h,10.3552542560095
15346,10,NPC,saline,F,1h,849.1308489927791
15347,11,NPC,saline,M,1h,20.710508512019
15348,12,NPC,morphine,M,1h,20.710508512019
15349,13,NPC,saline,M,4h,51.7762712800475
15350,14,NPC,morphine,M,1h,1042.4289284382896
15351,15,NPC,morphine,F,4h,17.258757093349168
15352,16,NPC,saline,F,4h,86.29378546674583
15353,17,NPC,morphine,M,1h,17.258757093349168
15354,18,NPC,saline,M,1h,6.903502837339667
15355,19,NPC,morphine,F,1h,107.00429397876484
15356,20,NPC,morphine,F,1h,96.64903972275533
15357,21,NPC,morphine,F,1h,100.10079114142518
15358,22,NPC,morphine,M,4h,697.2537865713064
15359,23,NPC,morphine,M,4h,34.517514186698335
15360,24,NPC,saline,F,1h,572.9907354991924
15361,25,NPC,saline,F,4h,189.84632802684084
15362,26,NPC,saline,F,4h,44.87276844270784
15363,0,OP,morphine,M,1h,1101.0563259126725
15364,1,OP,morphine,M,4h,309.6720916629391
15365,2,OP,saline,M,1h,103.22403055431305
15366,3,OP,saline,M,4h,929.0162749888175
15367,4,OP,morphine,F,4h,0.0
15368,5,OP,saline,F,4h,17.204005092385508
15369,6,OP,morphine,M,1h,567.7321680487217
15370,7,OP,morphine,M,4h,17.204005092385508
15371,8,OP,saline,M,4h,0.0
15372,9,OP,morphine,F,4h,68.81602036954203
15373,10,OP,saline,F,1h,258.0600763857826
15374,11,OP,saline,M,1h,86.02002546192755
15375,12,OP,morphine,M,1h,17.204005092385508
15376,13,OP,saline,M,4h,0.0
15377,14,OP,morphine,M,1h,206.4480611086261
15378,15,OP,morphine,F,4h,0.0
15379,16,OP,saline,F,4h,34.408010184771015
15380,17,OP,morphine,M,1h,0.0
15381,18,OP,saline,M,1h,34.408010184771015
15382,19,OP,morphine,F,1h,86.02002546192755
15383,20,OP,morphine,F,1h,137.63204073908406
15384,21,OP,morphine,F,1h,51.61201527715652
15385,22,OP,morphine,M,4h,412.8961222172522
15386,23,OP,morphine,M,4h,567.7321680487217
15387,24,OP,saline,F,1h,1015.036300450745
15388,25,OP,saline,F,4h,464.50813749440874
15389,26,OP,saline,F,4h,206.4480611086261
15390,0,PPT,morphine,M,1h,1470.6897742180488
15391,1,PPT,morphine,M,4h,103.56970240972176
15392,2,PPT,saline,M,1h,207.1394048194435
15393,3,PPT,saline,M,4h,1042.6016709245323
15394,4,PPT,morphine,F,4h,48.33252779120348
15395,5,PPT,saline,F,4h,6.904646827314783
15396,6,PPT,morphine,M,1h,214.04405164675828
15397,7,PPT,morphine,M,4h,13.809293654629567
15398,8,PPT,saline,M,4h,27.618587309259134
15399,9,PPT,morphine,F,4h,34.52323413657392
15400,10,PPT,saline,F,1h,158.80687702824002
15401,11,PPT,saline,M,1h,0.0
15402,12,PPT,morphine,M,1h,6.904646827314783
15403,13,PPT,saline,M,4h,0.0
15404,14,PPT,morphine,M,1h,621.4182144583306
15405,15,PPT,morphine,F,4h,6.904646827314783
15406,16,PPT,saline,F,4h,20.713940481944352
15407,17,PPT,morphine,M,1h,0.0
15408,18,PPT,saline,M,1h,124.2836428916661
15409,19,PPT,morphine,F,1h,165.71152385555482
15410,20,PPT,morphine,F,1h,138.09293654629568
15411,21,PPT,morphine,F,1h,13.809293654629567
15412,22,PPT,morphine,M,4h,718.0832700407375
15413,23,PPT,morphine,M,4h,158.80687702824002
15414,24,PPT,saline,F,1h,407.3741628115722
15415,25,PPT,saline,F,4h,75.95111510046262
15416,26,PPT,saline,F,4h,41.427880963888704
15417,0,RPF,morphine,M,1h,128.68356710848025
15418,1,RPF,morphine,M,4h,0.0
15419,2,RPF,saline,M,1h,16.08544588856003
15420,3,RPF,saline,M,4h,16.08544588856003
15421,4,RPF,morphine,F,4h,257.3671342169605
15422,5,RPF,saline,F,4h,80.42722944280017
15423,6,RPF,morphine,M,1h,144.76901299704028
15424,7,RPF,morphine,M,4h,80.42722944280017
15425,8,RPF,saline,M,4h,466.4779307682409
15426,9,RPF,morphine,F,4h,0.0
15427,10,RPF,saline,F,1h,96.5126753313602
15428,11,RPF,saline,M,1h,0.0
15429,12,RPF,morphine,M,1h,0.0
15430,13,RPF,saline,M,4h,16.08544588856003
15431,14,RPF,morphine,M,1h,112.59812121992023
15432,15,RPF,morphine,F,4h,16.08544588856003
15433,16,RPF,saline,F,4h,0.0
15434,17,RPF,morphine,M,1h,273.45258010552055
15435,18,RPF,saline,M,1h,16.08544588856003
15436,19,RPF,morphine,F,1h,0.0
15437,20,RPF,morphine,F,1h,16.08544588856003
15438,21,RPF,morphine,F,1h,0.0
15439,22,RPF,morphine,M,4h,32.17089177712006
15440,23,RPF,morphine,M,4h,0.0
15441,24,RPF,saline,F,1h,48.2563376656801
15442,25,RPF,saline,F,4h,48.2563376656801
15443,26,RPF,saline,F,4h,16.08544588856003
15444,0,CUN,morphine,M,1h,359.06772960386485
15445,1,CUN,morphine,M,4h,126.94313672863909
15446,2,CUN,saline,M,1h,59.844621600644146
15447,3,CUN,saline,M,4h,569.4306418970382
15448,4,CUN,morphine,F,4h,420.7258245863467
15449,5,CUN,saline,F,4h,203.10901876582255
15450,6,CUN,morphine,M,1h,500.5186533872056
15451,7,CUN,morphine,M,4h,201.29554538398483
15452,8,CUN,saline,M,4h,105.18145614658667
15453,9,CUN,morphine,F,4h,166.83955112906852
15454,10,CUN,saline,F,1h,598.4462160064414
15455,11,CUN,saline,M,1h,19.948207200214714
15456,12,CUN,morphine,M,1h,204.92249214766025
15457,13,CUN,saline,M,4h,76.16588203718345
15458,14,CUN,morphine,M,1h,545.8554879331481
15459,15,CUN,morphine,F,4h,96.11408923739816
15460,16,CUN,saline,F,4h,59.844621600644146
15461,17,CUN,morphine,M,1h,70.72546189167035
15462,18,CUN,saline,M,1h,23.575153963890116
15463,19,CUN,morphine,F,1h,857.7729096092327
15464,20,CUN,morphine,F,1h,179.53386480193242
15465,21,CUN,morphine,F,1h,192.22817847479632
15466,22,CUN,morphine,M,4h,516.8399138237448
15467,23,CUN,morphine,M,4h,77.97935541902116
15468,24,CUN,saline,F,1h,353.62730945835176
15469,25,CUN,saline,F,4h,192.22817847479632
15470,26,CUN,saline,F,4h,90.67366909188506
15471,0,RN,morphine,M,1h,54.58473709197909
15472,1,RN,morphine,M,4h,0.0
15473,2,RN,saline,M,1h,53.31532460146795
15474,3,RN,saline,M,4h,13.96353739562256
15475,4,RN,morphine,F,4h,45.6988496584011
15476,5,RN,saline,F,4h,36.81296222482311
15477,6,RN,morphine,M,1h,153.59891135184813
15478,7,RN,morphine,M,4h,11.424712414600275
15479,8,RN,saline,M,4h,5.077649962044567
15480,9,RN,morphine,F,4h,0.0
15481,10,RN,saline,F,1h,22.84942482920055
15482,11,RN,saline,M,1h,0.0
15483,12,RN,morphine,M,1h,1.2694124905111417
15484,13,RN,saline,M,4h,43.160024677378814
15485,14,RN,morphine,M,1h,49.507087129934526
15486,15,RN,morphine,F,4h,39.35178720584539
15487,16,RN,saline,F,4h,10.155299924089134
15488,17,RN,morphine,M,1h,0.0
15489,18,RN,saline,M,1h,13.96353739562256
15490,19,RN,morphine,F,1h,15.2329498861337
15491,20,RN,morphine,F,1h,40.621199696356534
15492,21,RN,morphine,F,1h,0.0
15493,22,RN,morphine,M,4h,3.808237471533425
15494,23,RN,morphine,M,4h,1.2694124905111417
15495,24,RN,saline,F,1h,0.0
15496,25,RN,saline,F,4h,40.621199696356534
15497,26,RN,saline,F,4h,2.5388249810222834
15498,0,III,morphine,M,1h,0.0
15499,1,III,morphine,M,4h,0.0
15500,2,III,saline,M,1h,215.1727529816796
15501,3,III,saline,M,4h,30.738964711668512
15502,4,III,morphine,F,4h,122.95585884667405
15503,5,III,saline,F,4h,0.0
15504,6,III,morphine,M,1h,0.0
15505,7,III,morphine,M,4h,30.738964711668512
15506,8,III,saline,M,4h,0.0
15507,9,III,morphine,F,4h,0.0
15508,10,III,saline,F,1h,0.0
15509,11,III,saline,M,1h,0.0
15510,12,III,morphine,M,1h,0.0
15511,13,III,saline,M,4h,0.0
15512,14,III,morphine,M,1h,645.5182589450387
15513,15,III,morphine,F,4h,491.8234353866962
15514,16,III,saline,F,4h,0.0
15515,17,III,morphine,M,1h,184.43378827001106
15516,18,III,saline,M,1h,0.0
15517,19,III,morphine,F,1h,0.0
15518,20,III,morphine,F,1h,0.0
15519,21,III,morphine,F,1h,0.0
15520,22,III,morphine,M,4h,30.738964711668512
15521,23,III,morphine,M,4h,0.0
15522,24,III,saline,F,1h,0.0
15523,25,III,saline,F,4h,30.738964711668512
15524,26,III,saline,F,4h,0.0
15525,0,MA3,morphine,M,1h,0.0
15526,1,MA3,morphine,M,4h,0.0
15527,2,MA3,saline,M,1h,0.0
15528,3,MA3,saline,M,4h,0.0
15529,4,MA3,morphine,F,4h,122.27928588897042
15530,5,MA3,saline,F,4h,122.27928588897042
15531,6,MA3,morphine,M,1h,366.83785766691125
15532,7,MA3,morphine,M,4h,61.13964294448521
15533,8,MA3,saline,M,4h,61.13964294448521
15534,9,MA3,morphine,F,4h,0.0
15535,10,MA3,saline,F,1h,122.27928588897042
15536,11,MA3,saline,M,1h,0.0
15537,12,MA3,morphine,M,1h,0.0
15538,13,MA3,saline,M,4h,0.0
15539,14,MA3,morphine,M,1h,122.27928588897042
15540,15,MA3,morphine,F,4h,427.97750061139647
15541,16,MA3,saline,F,4h,122.27928588897042
15542,17,MA3,morphine,M,1h,0.0
15543,18,MA3,saline,M,1h,0.0
15544,19,MA3,morphine,F,1h,0.0
15545,20,MA3,morphine,F,1h,0.0
15546,21,MA3,morphine,F,1h,0.0
15547,22,MA3,morphine,M,4h,0.0
15548,23,MA3,morphine,M,4h,0.0
15549,24,MA3,saline,F,1h,0.0
15550,25,MA3,saline,F,4h,0.0
15551,26,MA3,saline,F,4h,0.0
15552,0,EW,morphine,M,1h,0.0
15553,1,EW,morphine,M,4h,0.0
15554,2,EW,saline,M,1h,0.0
15555,3,EW,saline,M,4h,0.0
15556,4,EW,morphine,F,4h,314.24306701233405
15557,5,EW,saline,F,4h,157.12153350616703
15558,6,EW,morphine,M,1h,157.12153350616703
15559,7,EW,morphine,M,4h,39.28038337654176
15560,8,EW,saline,M,4h,0.0
15561,9,EW,morphine,F,4h,0.0
15562,10,EW,saline,F,1h,824.888050907377
15563,11,EW,saline,M,1h,0.0
15564,12,EW,morphine,M,1h,471.3646005185011
15565,13,EW,saline,M,4h,353.5234503888758
15566,14,EW,morphine,M,1h,471.3646005185011
15567,15,EW,morphine,F,4h,1610.4957184382122
15568,16,EW,saline,F,4h,0.0
15569,17,EW,morphine,M,1h,196.4019168827088
15570,18,EW,saline,M,1h,0.0
15571,19,EW,morphine,F,1h,274.9626836357923
15572,20,EW,morphine,F,1h,39.28038337654176
15573,21,EW,morphine,F,1h,0.0
15574,22,EW,morphine,M,4h,0.0
15575,23,EW,morphine,M,4h,0.0
15576,24,EW,saline,F,1h,0.0
15577,25,EW,saline,F,4h,0.0
15578,26,EW,saline,F,4h,0.0
15579,0,IV,morphine,M,1h,137.77900248002206
15580,1,IV,morphine,M,4h,0.0
15581,2,IV,saline,M,1h,0.0
15582,3,IV,saline,M,4h,0.0
15583,4,IV,morphine,F,4h,137.77900248002206
15584,5,IV,saline,F,4h,0.0
15585,6,IV,morphine,M,1h,0.0
15586,7,IV,morphine,M,4h,0.0
15587,8,IV,saline,M,4h,0.0
15588,9,IV,morphine,F,4h,0.0
15589,10,IV,saline,F,1h,0.0
15590,11,IV,saline,M,1h,0.0
15591,12,IV,morphine,M,1h,0.0
15592,13,IV,saline,M,4h,0.0
15593,14,IV,morphine,M,1h,0.0
15594,15,IV,morphine,F,4h,0.0
15595,16,IV,saline,F,4h,0.0
15596,17,IV,morphine,M,1h,137.77900248002206
15597,18,IV,saline,M,1h,0.0
15598,19,IV,morphine,F,1h,0.0
15599,20,IV,morphine,F,1h,0.0
15600,21,IV,morphine,F,1h,0.0
15601,22,IV,morphine,M,4h,0.0
15602,23,IV,morphine,M,4h,0.0
15603,24,IV,saline,F,1h,0.0
15604,25,IV,saline,F,4h,0.0
15605,26,IV,saline,F,4h,0.0
15606,0,Pa4,morphine,M,1h,0.0
15607,1,Pa4,morphine,M,4h,0.0
15608,2,Pa4,saline,M,1h,0.0
15609,3,Pa4,saline,M,4h,0.0
15610,4,Pa4,morphine,F,4h,247.43288383026103
15611,5,Pa4,saline,F,4h,0.0
15612,6,Pa4,morphine,M,1h,0.0
15613,7,Pa4,morphine,M,4h,0.0
15614,8,Pa4,saline,M,4h,0.0
15615,9,Pa4,morphine,F,4h,0.0
15616,10,Pa4,saline,F,1h,0.0
15617,11,Pa4,saline,M,1h,0.0
15618,12,Pa4,morphine,M,1h,61.85822095756526
15619,13,Pa4,saline,M,4h,0.0
15620,14,Pa4,morphine,M,1h,247.43288383026103
15621,15,Pa4,morphine,F,4h,0.0
15622,16,Pa4,saline,F,4h,0.0
15623,17,Pa4,morphine,M,1h,0.0
15624,18,Pa4,saline,M,1h,61.85822095756526
15625,19,Pa4,morphine,F,1h,61.85822095756526
15626,20,Pa4,morphine,F,1h,0.0
15627,21,Pa4,morphine,F,1h,0.0
15628,22,Pa4,morphine,M,4h,0.0
15629,23,Pa4,morphine,M,4h,0.0
15630,24,Pa4,saline,F,1h,0.0
15631,25,Pa4,saline,F,4h,0.0
15632,26,Pa4,saline,F,4h,0.0
15633,0,VTN,morphine,M,1h,0.0
15634,1,VTN,morphine,M,4h,0.0
15635,2,VTN,saline,M,1h,0.0
15636,3,VTN,saline,M,4h,0.0
15637,4,VTN,morphine,F,4h,26.64535038635758
15638,5,VTN,saline,F,4h,0.0
15639,6,VTN,morphine,M,1h,0.0
15640,7,VTN,morphine,M,4h,0.0
15641,8,VTN,saline,M,4h,0.0
15642,9,VTN,morphine,F,4h,0.0
15643,10,VTN,saline,F,1h,0.0
15644,11,VTN,saline,M,1h,0.0
15645,12,VTN,morphine,M,1h,0.0
15646,13,VTN,saline,M,4h,26.64535038635758
15647,14,VTN,morphine,M,1h,0.0
15648,15,VTN,morphine,F,4h,0.0
15649,16,VTN,saline,F,4h,0.0
15650,17,VTN,morphine,M,1h,0.0
15651,18,VTN,saline,M,1h,0.0
15652,19,VTN,morphine,F,1h,0.0
15653,20,VTN,morphine,F,1h,0.0
15654,21,VTN,morphine,F,1h,0.0
15655,22,VTN,morphine,M,4h,0.0
15656,23,VTN,morphine,M,4h,0.0
15657,24,VTN,saline,F,1h,0.0
15658,25,VTN,saline,F,4h,26.64535038635758
15659,26,VTN,saline,F,4h,0.0
15660,0,AT,morphine,M,1h,0.0
15661,1,AT,morphine,M,4h,0.0
15662,2,AT,saline,M,1h,0.0
15663,3,AT,saline,M,4h,0.0
15664,4,AT,morphine,F,4h,0.0
15665,5,AT,saline,F,4h,0.0
15666,6,AT,morphine,M,1h,0.0
15667,7,AT,morphine,M,4h,0.0
15668,8,AT,saline,M,4h,0.0
15669,9,AT,morphine,F,4h,0.0
15670,10,AT,saline,F,1h,0.0
15671,11,AT,saline,M,1h,0.0
15672,12,AT,morphine,M,1h,0.0
15673,13,AT,saline,M,4h,23.22125208991269
15674,14,AT,morphine,M,1h,0.0
15675,15,AT,morphine,F,4h,46.44250417982538
15676,16,AT,saline,F,4h,0.0
15677,17,AT,morphine,M,1h,0.0
15678,18,AT,saline,M,1h,0.0
15679,19,AT,morphine,F,1h,0.0
15680,20,AT,morphine,F,1h,0.0
15681,21,AT,morphine,F,1h,0.0
15682,22,AT,morphine,M,4h,0.0
15683,23,AT,morphine,M,4h,0.0
15684,24,AT,saline,F,1h,0.0
15685,25,AT,saline,F,4h,0.0
15686,26,AT,saline,F,4h,0.0
15687,0,LT,morphine,M,1h,111.83180496533214
15688,1,LT,morphine,M,4h,0.0
15689,2,LT,saline,M,1h,0.0
15690,3,LT,saline,M,4h,0.0
15691,4,LT,morphine,F,4h,167.7477074479982
15692,5,LT,saline,F,4h,0.0
15693,6,LT,morphine,M,1h,782.822634757325
15694,7,LT,morphine,M,4h,279.57951241333035
15695,8,LT,saline,M,4h,0.0
15696,9,LT,morphine,F,4h,0.0
15697,10,LT,saline,F,1h,0.0
15698,11,LT,saline,M,1h,0.0
15699,12,LT,morphine,M,1h,111.83180496533214
15700,13,LT,saline,M,4h,0.0
15701,14,LT,morphine,M,1h,55.91590248266607
15702,15,LT,morphine,F,4h,111.83180496533214
15703,16,LT,saline,F,4h,0.0
15704,17,LT,morphine,M,1h,0.0
15705,18,LT,saline,M,1h,0.0
15706,19,LT,morphine,F,1h,167.7477074479982
15707,20,LT,morphine,F,1h,335.4954148959964
15708,21,LT,morphine,F,1h,55.91590248266607
15709,22,LT,morphine,M,4h,0.0
15710,23,LT,morphine,M,4h,0.0
15711,24,LT,saline,F,1h,0.0
15712,25,LT,saline,F,4h,0.0
15713,26,LT,saline,F,4h,0.0
15714,0,DT,morphine,M,1h,523.9259517988125
15715,1,DT,morphine,M,4h,0.0
15716,2,DT,saline,M,1h,611.2469437652812
15717,3,DT,saline,M,4h,174.6419839329375
15718,4,DT,morphine,F,4h,261.9629758994063
15719,5,DT,saline,F,4h,87.32099196646875
15720,6,DT,morphine,M,1h,261.9629758994063
15721,7,DT,morphine,M,4h,0.0
15722,8,DT,saline,M,4h,0.0
15723,9,DT,morphine,F,4h,0.0
15724,10,DT,saline,F,1h,87.32099196646875
15725,11,DT,saline,M,1h,0.0
15726,12,DT,morphine,M,1h,0.0
15727,13,DT,saline,M,4h,0.0
15728,14,DT,morphine,M,1h,174.6419839329375
15729,15,DT,morphine,F,4h,0.0
15730,16,DT,saline,F,4h,0.0
15731,17,DT,morphine,M,1h,0.0
15732,18,DT,saline,M,1h,0.0
15733,19,DT,morphine,F,1h,0.0
15734,20,DT,morphine,F,1h,0.0
15735,21,DT,morphine,F,1h,87.32099196646875
15736,22,DT,morphine,M,4h,698.56793573175
15737,23,DT,morphine,M,4h,0.0
15738,24,DT,saline,F,1h,0.0
15739,25,DT,saline,F,4h,0.0
15740,26,DT,saline,F,4h,0.0
15741,0,MT,morphine,M,1h,0.0
15742,1,MT,morphine,M,4h,46.12758891092763
15743,2,MT,saline,M,1h,0.0
15744,3,MT,saline,M,4h,0.0
15745,4,MT,morphine,F,4h,92.25517782185526
15746,5,MT,saline,F,4h,115.31897227731906
15747,6,MT,morphine,M,1h,184.5103556437105
15748,7,MT,morphine,M,4h,161.44656118824668
15749,8,MT,saline,M,4h,184.5103556437105
15750,9,MT,morphine,F,4h,0.0
15751,10,MT,saline,F,1h,46.12758891092763
15752,11,MT,saline,M,1h,23.063794455463814
15753,12,MT,morphine,M,1h,299.8293279210296
15754,13,MT,saline,M,4h,161.44656118824668
15755,14,MT,morphine,M,1h,322.89312237649335
15756,15,MT,morphine,F,4h,46.12758891092763
15757,16,MT,saline,F,4h,23.063794455463814
15758,17,MT,morphine,M,1h,23.063794455463814
15759,18,MT,saline,M,1h,0.0
15760,19,MT,morphine,F,1h,276.76553346556574
15761,20,MT,morphine,F,1h,69.19138336639143
15762,21,MT,morphine,F,1h,138.38276673278287
15763,22,MT,morphine,M,4h,23.063794455463814
15764,23,MT,morphine,M,4h,276.76553346556574
15765,24,MT,saline,F,1h,23.063794455463814
15766,25,MT,saline,F,4h,322.89312237649335
15767,26,MT,saline,F,4h,23.063794455463814
15768,0,MBsta,morphine,M,1h,31.819563325868536
15769,1,MBsta,morphine,M,4h,3.840292125535858
15770,2,MBsta,saline,M,1h,11.520876376607573
15771,3,MBsta,saline,M,4h,42.791826541685275
15772,4,MBsta,morphine,F,4h,244.1328565519224
15773,5,MBsta,saline,F,4h,60.347447686992055
15774,6,MBsta,morphine,M,1h,142.09080864482675
15775,7,MBsta,morphine,M,4h,100.94482158551398
15776,8,MBsta,saline,M,4h,48.82657131038448
15777,9,MBsta,morphine,F,4h,3.291678964745021
15778,10,MBsta,saline,F,1h,82.29197411862553
15779,11,MBsta,saline,M,1h,0.0
15780,12,MBsta,morphine,M,1h,70.22248458122712
15781,13,MBsta,saline,M,4h,59.250221365410376
15782,14,MBsta,morphine,M,1h,682.474772023801
15783,15,MBsta,morphine,F,4h,515.1477579825957
15784,16,MBsta,saline,F,4h,30.173723843496028
15785,17,MBsta,morphine,M,1h,51.56963711433866
15786,18,MBsta,saline,M,1h,115.75737692686657
15787,19,MBsta,morphine,F,1h,323.6817648665937
15788,20,MBsta,morphine,F,1h,52.666863435920334
15789,21,MBsta,morphine,F,1h,37.305694933776905
15790,22,MBsta,morphine,M,4h,145.9311007703626
15791,23,MBsta,morphine,M,4h,137.70190335850003
15792,24,MBsta,saline,F,1h,53.76408975750201
15793,25,MBsta,saline,F,4h,18.104234306097617
15794,26,MBsta,saline,F,4h,4.937518447117531
15795,0,SNc,morphine,M,1h,5.0815073783487135
15796,1,SNc,morphine,M,4h,0.0
15797,2,SNc,saline,M,1h,0.0
15798,3,SNc,saline,M,4h,0.0
15799,4,SNc,morphine,F,4h,50.815073783487136
15800,5,SNc,saline,F,4h,20.326029513394854
15801,6,SNc,morphine,M,1h,76.2226106752307
15802,7,SNc,morphine,M,4h,30.489044270092283
15803,8,SNc,saline,M,4h,30.489044270092283
15804,9,SNc,morphine,F,4h,0.0
15805,10,SNc,saline,F,1h,20.326029513394854
15806,11,SNc,saline,M,1h,0.0
15807,12,SNc,morphine,M,1h,25.407536891743568
15808,13,SNc,saline,M,4h,5.0815073783487135
15809,14,SNc,morphine,M,1h,619.9439001585431
15810,15,SNc,morphine,F,4h,96.54864018862555
15811,16,SNc,saline,F,4h,15.244522135046141
15812,17,SNc,morphine,M,1h,15.244522135046141
15813,18,SNc,saline,M,1h,10.163014756697427
15814,19,SNc,morphine,F,1h,167.68974348550753
15815,20,SNc,morphine,F,1h,20.326029513394854
15816,21,SNc,morphine,F,1h,55.89658116183585
15817,22,SNc,morphine,M,4h,71.141103296882
15818,23,SNc,morphine,M,4h,35.570551648441
15819,24,SNc,saline,F,1h,25.407536891743568
15820,25,SNc,saline,F,4h,30.489044270092283
15821,26,SNc,saline,F,4h,10.163014756697427
15822,0,PPN,morphine,M,1h,62.74608229148693
15823,1,PPN,morphine,M,4h,0.0
15824,2,PPN,saline,M,1h,12.32512330725636
15825,3,PPN,saline,M,4h,53.78235624984593
15826,4,PPN,morphine,F,4h,293.5620278637424
15827,5,PPN,saline,F,4h,68.34841106751254
15828,6,PPN,morphine,M,1h,145.66054817666608
15829,7,PPN,morphine,M,4h,127.73309609338409
15830,8,PPN,saline,M,4h,12.32512330725636
15831,9,PPN,morphine,F,4h,0.0
15832,10,PPN,saline,F,1h,47.05956171861519
15833,11,PPN,saline,M,1h,0.0
15834,12,PPN,morphine,M,1h,22.409315104102472
15835,13,PPN,saline,M,4h,86.27586315079452
15836,14,PPN,morphine,M,1h,506.4505213527159
15837,15,PPN,morphine,F,4h,324.93506900948586
15838,16,PPN,saline,F,4h,24.65024661451272
15839,17,PPN,morphine,M,1h,19.047917838487102
15840,18,PPN,saline,M,1h,20.168383593692226
15841,19,PPN,morphine,F,1h,315.97134296784486
15842,20,PPN,morphine,F,1h,38.095835676974204
15843,21,PPN,morphine,F,1h,25.770712369717845
15844,22,PPN,morphine,M,4h,80.6735343747689
15845,23,PPN,morphine,M,4h,13.445589062461483
15846,24,PPN,saline,F,1h,10.084191796846113
15847,25,PPN,saline,F,4h,7.843260286435866
15848,26,PPN,saline,F,4h,1.1204657552051236
15849,0,RAmb,morphine,M,1h,1.36332651670075
15850,1,RAmb,morphine,M,4h,9.54328561690525
15851,2,RAmb,saline,M,1h,13.6332651670075
15852,3,RAmb,saline,M,4h,40.899795501022496
15853,4,RAmb,morphine,F,4h,235.85548738922975
15854,5,RAmb,saline,F,4h,61.34969325153375
15855,6,RAmb,morphine,M,1h,155.4192229038855
15856,7,RAmb,morphine,M,4h,87.252897068848
15857,8,RAmb,saline,M,4h,98.159509202454
15858,9,RAmb,morphine,F,4h,8.1799591002045
15859,10,RAmb,saline,F,1h,141.785957736878
15860,11,RAmb,saline,M,1h,0.0
15861,12,RAmb,morphine,M,1h,140.42263122017724
15862,13,RAmb,saline,M,4h,40.899795501022496
15863,14,RAmb,morphine,M,1h,913.4287661895024
15864,15,RAmb,morphine,F,4h,858.8957055214725
15865,16,RAmb,saline,F,4h,40.899795501022496
15866,17,RAmb,morphine,M,1h,100.8861622358555
15867,18,RAmb,saline,M,1h,260.39536468984323
15868,19,RAmb,morphine,F,1h,374.91479209270625
15869,20,RAmb,morphine,F,1h,79.0729379686435
15870,21,RAmb,morphine,F,1h,46.3531015678255
15871,22,RAmb,morphine,M,4h,245.398773006135
15872,23,RAmb,morphine,M,4h,316.291751874574
15873,24,RAmb,saline,F,1h,114.519427402863
15874,25,RAmb,saline,F,4h,27.266530334015
15875,26,RAmb,saline,F,4h,8.1799591002045
15876,0,IF,morphine,M,1h,0.0
15877,1,IF,morphine,M,4h,0.0
15878,2,IF,saline,M,1h,0.0
15879,3,IF,saline,M,4h,0.0
15880,4,IF,morphine,F,4h,610.6272178441403
15881,5,IF,saline,F,4h,195.8615604405733
15882,6,IF,morphine,M,1h,115.21268261210194
15883,7,IF,morphine,M,4h,288.03170653025484
15884,8,IF,saline,M,4h,11.521268261210194
15885,9,IF,morphine,F,4h,0.0
15886,10,IF,saline,F,1h,241.94663348541408
15887,11,IF,saline,M,1h,0.0
15888,12,IF,morphine,M,1h,0.0
15889,13,IF,saline,M,4h,57.60634130605097
15890,14,IF,morphine,M,1h,852.5738513295544
15891,15,IF,morphine,F,4h,2039.2644822342045
15892,16,IF,saline,F,4h,46.085073044840776
15893,17,IF,morphine,M,1h,0.0
15894,18,IF,saline,M,1h,0.0
15895,19,IF,morphine,F,1h,472.37199870961797
15896,20,IF,morphine,F,1h,103.69141435089175
15897,21,IF,morphine,F,1h,34.56380478363058
15898,22,IF,morphine,M,4h,334.1167795750956
15899,23,IF,morphine,M,4h,472.37199870961797
15900,24,IF,saline,F,1h,460.8507304484078
15901,25,IF,saline,F,4h,80.64887782847136
15902,26,IF,saline,F,4h,34.56380478363058
15903,0,IPN,morphine,M,1h,0.0
15904,1,IPN,morphine,M,4h,2.817123604115254
15905,2,IPN,saline,M,1h,0.0
15906,3,IPN,saline,M,4h,0.0
15907,4,IPN,morphine,F,4h,121.13631497695593
15908,5,IPN,saline,F,4h,64.79384289465085
15909,6,IPN,morphine,M,1h,126.77056218518644
15910,7,IPN,morphine,M,4h,59.15959568642034
15911,8,IPN,saline,M,4h,194.38152868395252
15912,9,IPN,morphine,F,4h,8.451370812345763
15913,10,IPN,saline,F,1h,5.634247208230508
15914,11,IPN,saline,M,1h,0.0
15915,12,IPN,morphine,M,1h,67.6109664987661
15916,13,IPN,saline,M,4h,19.71986522880678
15917,14,IPN,morphine,M,1h,552.1562264065898
15918,15,IPN,morphine,F,4h,647.9384289465085
15919,16,IPN,saline,F,4h,53.52534847818983
15920,17,IPN,morphine,M,1h,76.06233731111186
15921,18,IPN,saline,M,1h,538.0706083860135
15922,19,IPN,morphine,F,1h,295.7979784321017
15923,20,IPN,morphine,F,1h,5.634247208230508
15924,21,IPN,morphine,F,1h,28.17123604115254
15925,22,IPN,morphine,M,4h,132.40480939341694
15926,23,IPN,morphine,M,4h,191.5644050798373
15927,24,IPN,saline,F,1h,64.79384289465085
15928,25,IPN,saline,F,4h,16.902741624691526
15929,26,IPN,saline,F,4h,2.817123604115254
15930,0,IPR,morphine,M,1h,0.0
15931,1,IPR,morphine,M,4h,0.0
15932,2,IPR,saline,M,1h,0.0
15933,3,IPR,saline,M,4h,0.0
15934,4,IPR,morphine,F,4h,124.47099825740604
15935,5,IPR,saline,F,4h,24.894199651481205
15936,6,IPR,morphine,M,1h,37.34129947722181
15937,7,IPR,morphine,M,4h,124.47099825740604
15938,8,IPR,saline,M,4h,485.4368932038835
15939,9,IPR,morphine,F,4h,0.0
15940,10,IPR,saline,F,1h,24.894199651481205
15941,11,IPR,saline,M,1h,0.0
15942,12,IPR,morphine,M,1h,0.0
15943,13,IPR,saline,M,4h,74.68259895444362
15944,14,IPR,morphine,M,1h,1120.2389843166543
15945,15,IPR,morphine,F,4h,423.20139407518053
15946,16,IPR,saline,F,4h,24.894199651481205
15947,17,IPR,morphine,M,1h,0.0
15948,18,IPR,saline,M,1h,87.12969878018423
15949,19,IPR,morphine,F,1h,224.04779686333086
15950,20,IPR,morphine,F,1h,12.447099825740603
15951,21,IPR,morphine,F,1h,0.0
15952,22,IPR,morphine,M,4h,74.68259895444362
15953,23,IPR,morphine,M,4h,323.62459546925567
15954,24,IPR,saline,F,1h,37.34129947722181
15955,25,IPR,saline,F,4h,0.0
15956,26,IPR,saline,F,4h,0.0
15957,0,IPC,morphine,M,1h,0.0
15958,1,IPC,morphine,M,4h,0.0
15959,2,IPC,saline,M,1h,0.0
15960,3,IPC,saline,M,4h,0.0
15961,4,IPC,morphine,F,4h,160.65430115379
15962,5,IPC,saline,F,4h,116.83949174821089
15963,6,IPC,morphine,M,1h,14.604936468526361
15964,7,IPC,morphine,M,4h,0.0
15965,8,IPC,saline,M,4h,0.0
15966,9,IPC,morphine,F,4h,29.209872937052722
15967,10,IPC,saline,F,1h,0.0
15968,11,IPC,saline,M,1h,0.0
15969,12,IPC,morphine,M,1h,43.81480940557908
15970,13,IPC,saline,M,4h,0.0
15971,14,IPC,morphine,M,1h,116.83949174821089
15972,15,IPC,morphine,F,4h,277.49379290200085
15973,16,IPC,saline,F,4h,102.23455527968453
15974,17,IPC,morphine,M,1h,189.8641740908427
15975,18,IPC,saline,M,1h,1387.4689645100043
15976,19,IPC,morphine,F,1h,146.0493646852636
15977,20,IPC,morphine,F,1h,0.0
15978,21,IPC,morphine,F,1h,43.81480940557908
15979,22,IPC,morphine,M,4h,160.65430115379
15980,23,IPC,morphine,M,4h,175.25923762231633
15981,24,IPC,saline,F,1h,43.81480940557908
15982,25,IPC,saline,F,4h,29.209872937052722
15983,26,IPC,saline,F,4h,0.0
15984,0,IPA,morphine,M,1h,0.0
15985,1,IPA,morphine,M,4h,0.0
15986,2,IPA,saline,M,1h,0.0
15987,3,IPA,saline,M,4h,0.0
15988,4,IPA,morphine,F,4h,159.31177314003506
15989,5,IPA,saline,F,4h,0.0
15990,6,IPA,morphine,M,1h,199.13971642504382
15991,7,IPA,morphine,M,4h,0.0
15992,8,IPA,saline,M,4h,0.0
15993,9,IPA,morphine,F,4h,0.0
15994,10,IPA,saline,F,1h,0.0
15995,11,IPA,saline,M,1h,0.0
15996,12,IPA,morphine,M,1h,278.79560299506136
15997,13,IPA,saline,M,4h,0.0
15998,14,IPA,morphine,M,1h,1075.3544686952366
15999,15,IPA,morphine,F,4h,1075.3544686952366
16000,16,IPA,saline,F,4h,39.827943285008764
16001,17,IPA,morphine,M,1h,39.827943285008764
16002,18,IPA,saline,M,1h,159.31177314003506
16003,19,IPA,morphine,F,1h,637.2470925601402
16004,20,IPA,morphine,F,1h,0.0
16005,21,IPA,morphine,F,1h,0.0
16006,22,IPA,morphine,M,4h,119.4838298550263
16007,23,IPA,morphine,M,4h,119.4838298550263
16008,24,IPA,saline,F,1h,119.4838298550263
16009,25,IPA,saline,F,4h,0.0
16010,26,IPA,saline,F,4h,0.0
16011,0,IPL,morphine,M,1h,0.0
16012,1,IPL,morphine,M,4h,16.125911113977942
16013,2,IPL,saline,M,1h,0.0
16014,3,IPL,saline,M,4h,0.0
16015,4,IPL,morphine,F,4h,129.00728891182354
16016,5,IPL,saline,F,4h,32.251822227955884
16017,6,IPL,morphine,M,1h,193.51093336773528
16018,7,IPL,morphine,M,4h,80.6295555698897
16019,8,IPL,saline,M,4h,193.51093336773528
16020,9,IPL,morphine,F,4h,0.0
16021,10,IPL,saline,F,1h,0.0
16022,11,IPL,saline,M,1h,0.0
16023,12,IPL,morphine,M,1h,96.75546668386764
16024,13,IPL,saline,M,4h,16.125911113977942
16025,14,IPL,morphine,M,1h,80.6295555698897
16026,15,IPL,morphine,F,4h,338.6441333935367
16027,16,IPL,saline,F,4h,80.6295555698897
16028,17,IPL,morphine,M,1h,64.50364445591177
16029,18,IPL,saline,M,1h,628.9105334451397
16030,19,IPL,morphine,F,1h,225.76275559569117
16031,20,IPL,morphine,F,1h,16.125911113977942
16032,21,IPL,morphine,F,1h,112.88137779784559
16033,22,IPL,morphine,M,4h,112.88137779784559
16034,23,IPL,morphine,M,4h,112.88137779784559
16035,24,IPL,saline,F,1h,48.37773334193382
16036,25,IPL,saline,F,4h,48.37773334193382
16037,26,IPL,saline,F,4h,16.125911113977942
16038,0,IPI,morphine,M,1h,0.0
16039,1,IPI,morphine,M,4h,0.0
16040,2,IPI,saline,M,1h,0.0
16041,3,IPI,saline,M,4h,0.0
16042,4,IPI,morphine,F,4h,62.640942119769484
16043,5,IPI,saline,F,4h,62.640942119769484
16044,6,IPI,morphine,M,1h,156.60235529942372
16045,7,IPI,morphine,M,4h,62.640942119769484
16046,8,IPI,saline,M,4h,0.0
16047,9,IPI,morphine,F,4h,31.320471059884742
16048,10,IPI,saline,F,1h,0.0
16049,11,IPI,saline,M,1h,0.0
16050,12,IPI,morphine,M,1h,93.96141317965423
16051,13,IPI,saline,M,4h,0.0
16052,14,IPI,morphine,M,1h,31.320471059884742
16053,15,IPI,morphine,F,4h,219.2432974191932
16054,16,IPI,saline,F,4h,125.28188423953897
16055,17,IPI,morphine,M,1h,31.320471059884742
16056,18,IPI,saline,M,1h,1064.8960160360812
16057,19,IPI,morphine,F,1h,93.96141317965423
16058,20,IPI,morphine,F,1h,0.0
16059,21,IPI,morphine,F,1h,0.0
16060,22,IPI,morphine,M,4h,31.320471059884742
16061,23,IPI,morphine,M,4h,125.28188423953897
16062,24,IPI,saline,F,1h,31.320471059884742
16063,25,IPI,saline,F,4h,0.0
16064,26,IPI,saline,F,4h,0.0
16065,0,IPDM,morphine,M,1h,0.0
16066,1,IPDM,morphine,M,4h,0.0
16067,2,IPDM,saline,M,1h,0.0
16068,3,IPDM,saline,M,4h,0.0
16069,4,IPDM,morphine,F,4h,52.43838489774515
16070,5,IPDM,saline,F,4h,0.0
16071,6,IPDM,morphine,M,1h,52.43838489774515
16072,7,IPDM,morphine,M,4h,0.0
16073,8,IPDM,saline,M,4h,0.0
16074,9,IPDM,morphine,F,4h,0.0
16075,10,IPDM,saline,F,1h,0.0
16076,11,IPDM,saline,M,1h,0.0
16077,12,IPDM,morphine,M,1h,52.43838489774515
16078,13,IPDM,saline,M,4h,0.0
16079,14,IPDM,morphine,M,1h,1048.767697954903
16080,15,IPDM,morphine,F,4h,1573.1515469323544
16081,16,IPDM,saline,F,4h,0.0
16082,17,IPDM,morphine,M,1h,0.0
16083,18,IPDM,saline,M,1h,0.0
16084,19,IPDM,morphine,F,1h,1415.836392239119
16085,20,IPDM,morphine,F,1h,0.0
16086,21,IPDM,morphine,F,1h,0.0
16087,22,IPDM,morphine,M,4h,0.0
16088,23,IPDM,morphine,M,4h,52.43838489774515
16089,24,IPDM,saline,F,1h,0.0
16090,25,IPDM,saline,F,4h,0.0
16091,26,IPDM,saline,F,4h,0.0
16092,0,IPDL,morphine,M,1h,0.0
16093,1,IPDL,morphine,M,4h,0.0
16094,2,IPDL,saline,M,1h,0.0
16095,3,IPDL,saline,M,4h,0.0
16096,4,IPDL,morphine,F,4h,105.48523206751057
16097,5,IPDL,saline,F,4h,52.74261603375528
16098,6,IPDL,morphine,M,1h,105.48523206751057
16099,7,IPDL,morphine,M,4h,52.74261603375528
16100,8,IPDL,saline,M,4h,105.48523206751057
16101,9,IPDL,morphine,F,4h,0.0
16102,10,IPDL,saline,F,1h,0.0
16103,11,IPDL,saline,M,1h,0.0
16104,12,IPDL,morphine,M,1h,0.0
16105,13,IPDL,saline,M,4h,0.0
16106,14,IPDL,morphine,M,1h,843.8818565400845
16107,15,IPDL,morphine,F,4h,210.97046413502113
16108,16,IPDL,saline,F,4h,0.0
16109,17,IPDL,morphine,M,1h,79.11392405063292
16110,18,IPDL,saline,M,1h,184.59915611814347
16111,19,IPDL,morphine,F,1h,210.97046413502113
16112,20,IPDL,morphine,F,1h,0.0
16113,21,IPDL,morphine,F,1h,0.0
16114,22,IPDL,morphine,M,4h,158.22784810126583
16115,23,IPDL,morphine,M,4h,26.37130801687764
16116,24,IPDL,saline,F,1h,52.74261603375528
16117,25,IPDL,saline,F,4h,26.37130801687764
16118,26,IPDL,saline,F,4h,0.0
16119,0,IPRL,morphine,M,1h,0.0
16120,1,IPRL,morphine,M,4h,0.0
16121,2,IPRL,saline,M,1h,0.0
16122,3,IPRL,saline,M,4h,0.0
16123,4,IPRL,morphine,F,4h,104.85477613505294
16124,5,IPRL,saline,F,4h,209.7095522701059
16125,6,IPRL,morphine,M,1h,209.7095522701059
16126,7,IPRL,morphine,M,4h,0.0
16127,8,IPRL,saline,M,4h,733.9834329453706
16128,9,IPRL,morphine,F,4h,0.0
16129,10,IPRL,saline,F,1h,0.0
16130,11,IPRL,saline,M,1h,0.0
16131,12,IPRL,morphine,M,1h,0.0
16132,13,IPRL,saline,M,4h,0.0
16133,14,IPRL,morphine,M,1h,366.9917164726853
16134,15,IPRL,morphine,F,4h,3565.0623885918003
16135,16,IPRL,saline,F,4h,0.0
16136,17,IPRL,morphine,M,1h,0.0
16137,18,IPRL,saline,M,1h,0.0
16138,19,IPRL,morphine,F,1h,366.9917164726853
16139,20,IPRL,morphine,F,1h,0.0
16140,21,IPRL,morphine,F,1h,0.0
16141,22,IPRL,morphine,M,4h,576.7012687427912
16142,23,IPRL,morphine,M,4h,629.1286568103177
16143,24,IPRL,saline,F,1h,52.42738806752647
16144,25,IPRL,saline,F,4h,0.0
16145,26,IPRL,saline,F,4h,0.0
16146,0,RL,morphine,M,1h,0.0
16147,1,RL,morphine,M,4h,0.0
16148,2,RL,saline,M,1h,161.68439206668583
16149,3,RL,saline,M,4h,0.0
16150,4,RL,morphine,F,4h,17.964932451853983
16151,5,RL,saline,F,4h,53.89479735556194
16152,6,RL,morphine,M,1h,215.57918942224777
16153,7,RL,morphine,M,4h,53.89479735556194
16154,8,RL,saline,M,4h,0.0
16155,9,RL,morphine,F,4h,0.0
16156,10,RL,saline,F,1h,520.9830411037655
16157,11,RL,saline,M,1h,0.0
16158,12,RL,morphine,M,1h,0.0
16159,13,RL,saline,M,4h,215.57918942224777
16160,14,RL,morphine,M,1h,3449.2670307559642
16161,15,RL,morphine,F,4h,1167.7206093705088
16162,16,RL,saline,F,4h,17.964932451853983
16163,17,RL,morphine,M,1h,0.0
16164,18,RL,saline,M,1h,0.0
16165,19,RL,morphine,F,1h,251.50905432595573
16166,20,RL,morphine,F,1h,0.0
16167,21,RL,morphine,F,1h,0.0
16168,22,RL,morphine,M,4h,0.0
16169,23,RL,morphine,M,4h,17.964932451853983
16170,24,RL,saline,F,1h,287.4389192296637
16171,25,RL,saline,F,4h,17.964932451853983
16172,26,RL,saline,F,4h,0.0
16173,0,CLI,morphine,M,1h,0.0
16174,1,CLI,morphine,M,4h,0.0
16175,2,CLI,saline,M,1h,0.0
16176,3,CLI,saline,M,4h,0.0
16177,4,CLI,morphine,F,4h,192.3631816870251
16178,5,CLI,saline,F,4h,0.0
16179,6,CLI,morphine,M,1h,84.15889198807348
16180,7,CLI,morphine,M,4h,0.0
16181,8,CLI,saline,M,4h,0.0
16182,9,CLI,morphine,F,4h,0.0
16183,10,CLI,saline,F,1h,625.1803404828316
16184,11,CLI,saline,M,1h,0.0
16185,12,CLI,morphine,M,1h,12.022698855439069
16186,13,CLI,saline,M,4h,48.090795421756276
16187,14,CLI,morphine,M,1h,60.11349427719534
16188,15,CLI,morphine,F,4h,420.7944599403674
16189,16,CLI,saline,F,4h,0.0
16190,17,CLI,morphine,M,1h,0.0
16191,18,CLI,saline,M,1h,0.0
16192,19,CLI,morphine,F,1h,132.24968740982976
16193,20,CLI,morphine,F,1h,12.022698855439069
16194,21,CLI,morphine,F,1h,0.0
16195,22,CLI,morphine,M,4h,0.0
16196,23,CLI,morphine,M,4h,0.0
16197,24,CLI,saline,F,1h,0.0
16198,25,CLI,saline,F,4h,0.0
16199,26,CLI,saline,F,4h,0.0
16200,0,DR,morphine,M,1h,6.540564581534678
16201,1,DR,morphine,M,4h,39.24338748920807
16202,2,DR,saline,M,1h,6.540564581534678
16203,3,DR,saline,M,4h,196.21693744604033
16204,4,DR,morphine,F,4h,392.43387489208067
16205,5,DR,saline,F,4h,13.081129163069356
16206,6,DR,morphine,M,1h,261.62258326138715
16207,7,DR,morphine,M,4h,98.10846872302017
16208,8,DR,saline,M,4h,13.081129163069356
16209,9,DR,morphine,F,4h,19.621693744604034
16210,10,DR,saline,F,1h,0.0
16211,11,DR,saline,M,1h,0.0
16212,12,DR,morphine,M,1h,510.1640373597049
16213,13,DR,saline,M,4h,13.081129163069356
16214,14,DR,morphine,M,1h,1327.7346100515397
16215,15,DR,morphine,F,4h,804.4894435287654
16216,16,DR,saline,F,4h,39.24338748920807
16217,17,DR,morphine,M,1h,307.40653533212986
16218,18,DR,saline,M,1h,0.0
16219,19,DR,morphine,F,1h,680.2187164796065
16220,20,DR,morphine,F,1h,300.8659707505952
16221,21,DR,morphine,F,1h,137.35185621222823
16222,22,DR,morphine,M,4h,680.2187164796065
16223,23,DR,morphine,M,4h,797.9488789472307
16224,24,DR,saline,F,1h,32.702822907673394
16225,25,DR,saline,F,4h,39.24338748920807
16226,26,DR,saline,F,4h,13.081129163069356
16227,0,HB,morphine,M,1h,16.067342890647552
16228,1,HB,morphine,M,4h,5.537569873539105
16229,2,HB,saline,M,1h,30.540536878306575
16230,3,HB,saline,M,4h,11.43172568590459
16231,4,HB,morphine,F,4h,62.54936879883943
16232,5,HB,saline,F,4h,20.55613059116789
16233,6,HB,morphine,M,1h,88.95770391545206
16234,7,HB,morphine,M,4h,24.038087405590204
16235,8,HB,saline,M,4h,3.712688892486445
16236,9,HB,morphine,F,4h,3.607810675184568
16237,10,HB,saline,F,1h,4.446836413599584
16238,11,HB,saline,M,1h,0.8809770253357666
16239,12,HB,morphine,M,1h,21.521010190345155
16240,13,HB,saline,M,4h,33.456151319298755
16241,14,HB,morphine,M,1h,248.91796094427482
16242,15,HB,morphine,F,4h,66.76547313437489
16243,16,HB,saline,F,4h,67.73035273355215
16244,17,HB,morphine,M,1h,35.76347209994005
16245,18,HB,saline,M,1h,31.022976677895212
16246,19,HB,morphine,F,1h,63.5142483980167
16247,20,HB,morphine,F,1h,26.387359473152248
16248,21,HB,morphine,F,1h,18.982957331639735
16249,22,HB,morphine,M,4h,308.74049609326545
16250,23,HB,morphine,M,4h,123.98702849427897
16251,24,HB,saline,F,1h,11.096115390538584
16252,25,HB,saline,F,4h,53.50886646741763
16253,26,HB,saline,F,4h,3.4819568144223156
16254,0,P,morphine,M,1h,28.008770335983154
16255,1,P,morphine,M,4h,3.8901069911087713
16256,2,P,saline,M,1h,15.799819163887934
16257,3,P,saline,M,4h,28.367857135162428
16258,4,P,morphine,F,4h,105.81091015815859
16259,5,P,saline,F,4h,31.001160329143747
16260,6,P,morphine,M,1h,139.0862868821044
16261,7,P,morphine,M,4h,51.708499081815056
16262,8,P,saline,M,4h,8.378691980849661
16263,9,P,morphine,F,4h,9.5756479781139
16264,10,P,saline,F,1h,12.627885771137704
16265,11,P,saline,M,1h,0.4189345990424831
16266,12,P,morphine,M,1h,38.72152651149808
16267,13,P,saline,M,4h,39.14046111054056
16268,14,P,morphine,M,1h,339.3370252244113
16269,15,P,morphine,F,4h,126.63794451055631
16270,16,P,saline,F,4h,65.47349305035378
16271,17,P,morphine,M,1h,44.70630649781927
16272,18,P,saline,M,1h,71.15903403735891
16273,19,P,morphine,F,1h,113.29188514106006
16274,20,P,morphine,F,1h,55.538758273060616
16275,21,P,morphine,F,1h,41.47452530520582
16276,22,P,morphine,M,4h,445.2077831824331
16277,23,P,morphine,M,4h,279.0104429622937
16278,24,P,saline,F,1h,31.659486127639077
16279,25,P,saline,F,4h,80.01650841711427
16280,26,P,saline,F,4h,3.3514767923398647
16281,0,P-sen,morphine,M,1h,94.54137821590031
16282,1,P-sen,morphine,M,4h,3.8959359154903974
16283,2,P-sen,saline,M,1h,6.2334974647846355
16284,3,P-sen,saline,M,4h,96.09975258209647
16285,4,P-sen,morphine,F,4h,137.13694422526197
16286,5,P-sen,saline,F,4h,45.972043802786686
16287,6,P-sen,morphine,M,1h,217.91268220642957
16288,7,P-sen,morphine,M,4h,89.86625511731184
16289,8,P-sen,saline,M,4h,22.336699248811613
16290,9,P-sen,morphine,F,4h,31.946674507021257
16291,10,P-sen,saline,F,1h,30.907758262890486
16292,11,P-sen,saline,M,1h,1.0389162441307727
16293,12,P-sen,morphine,M,1h,39.219088215936665
16294,13,P-sen,saline,M,4h,33.76477793425011
16295,14,P-sen,morphine,M,1h,441.79913281661106
16296,15,P-sen,morphine,F,4h,142.85098356798125
16297,16,P-sen,saline,F,4h,83.1132995304618
16298,17,P-sen,morphine,M,1h,27.011822347400088
16299,18,P-sen,saline,M,1h,25.193718920171236
16300,19,P-sen,morphine,F,1h,167.0057862440217
16301,20,P-sen,morphine,F,1h,65.71145244127136
16302,21,P-sen,morphine,F,1h,24.933989859138542
16303,22,P-sen,morphine,M,4h,463.3566448823246
16304,23,P-sen,morphine,M,4h,205.70541633789298
16305,24,P-sen,saline,F,1h,11.947536807503885
16306,25,P-sen,saline,F,4h,69.08793023469637
16307,26,P-sen,saline,F,4h,5.454310281686556
16308,0,NLL,morphine,M,1h,5.526510671692107
16309,1,NLL,morphine,M,4h,8.28976600753816
16310,2,NLL,saline,M,1h,17.961159682999348
16311,3,NLL,saline,M,4h,6.908138339615134
16312,4,NLL,morphine,F,4h,35.922319365998696
16313,5,NLL,saline,F,4h,12.434649011307242
16314,6,NLL,morphine,M,1h,26.25092569053751
16315,7,NLL,morphine,M,4h,4.14488300376908
16316,8,NLL,saline,M,4h,16.57953201507632
16317,9,NLL,morphine,F,4h,1.3816276679230268
16318,10,NLL,saline,F,1h,5.526510671692107
16319,11,NLL,saline,M,1h,0.0
16320,12,NLL,morphine,M,1h,2.7632553358460537
16321,13,NLL,saline,M,4h,5.526510671692107
16322,14,NLL,morphine,M,1h,350.9334276524488
16323,15,NLL,morphine,F,4h,106.38533043007307
16324,16,NLL,saline,F,4h,136.78113912437965
16325,17,NLL,morphine,M,1h,15.197904347153294
16326,18,NLL,saline,M,1h,22.10604268676843
16327,19,NLL,morphine,F,1h,42.83045770561383
16328,20,NLL,morphine,F,1h,35.922319365998696
16329,21,NLL,morphine,F,1h,13.816276679230269
16330,22,NLL,morphine,M,4h,357.8415659920639
16331,23,NLL,morphine,M,4h,40.06720236976778
16332,24,NLL,saline,F,1h,11.053021343384215
16333,25,NLL,saline,F,4h,33.15906403015264
16334,26,NLL,saline,F,4h,1.3816276679230268
16335,0,PSV,morphine,M,1h,1.8081940119847097
16336,1,PSV,morphine,M,4h,0.0
16337,2,PSV,saline,M,1h,4.520485029961774
16338,3,PSV,saline,M,4h,0.0
16339,4,PSV,morphine,F,4h,1.8081940119847097
16340,5,PSV,saline,F,4h,3.6163880239694195
16341,6,PSV,morphine,M,1h,1.8081940119847097
16342,7,PSV,morphine,M,4h,0.0
16343,8,PSV,saline,M,4h,0.9040970059923549
16344,9,PSV,morphine,F,4h,0.0
16345,10,PSV,saline,F,1h,0.0
16346,11,PSV,saline,M,1h,0.0
16347,12,PSV,morphine,M,1h,0.0
16348,13,PSV,saline,M,4h,3.6163880239694195
16349,14,PSV,morphine,M,1h,80.46463353331959
16350,15,PSV,morphine,F,4h,10.849164071908259
16351,16,PSV,saline,F,4h,43.396656287633036
16352,17,PSV,morphine,M,1h,2.7122910179770647
16353,18,PSV,saline,M,1h,3.6163880239694195
16354,19,PSV,morphine,F,1h,0.0
16355,20,PSV,morphine,F,1h,0.0
16356,21,PSV,morphine,F,1h,0.0
16357,22,PSV,morphine,M,4h,55.149917365533646
16358,23,PSV,morphine,M,4h,0.0
16359,24,PSV,saline,F,1h,0.9040970059923549
16360,25,PSV,saline,F,4h,0.0
16361,26,PSV,saline,F,4h,0.0
16362,0,PB,morphine,M,1h,319.16866369964623
16363,1,PB,morphine,M,4h,8.023793221499487
16364,2,PB,saline,M,1h,5.349195480999658
16365,3,PB,saline,M,4h,325.4093917608125
16366,4,PB,morphine,F,4h,423.4779755791396
16367,5,PB,saline,F,4h,138.1875499258245
16368,6,PB,morphine,M,1h,607.1336870934612
16369,7,PB,morphine,M,4h,297.7718817756476
16370,8,PB,saline,M,4h,63.29881319182928
16371,9,PB,morphine,F,4h,108.76697478032638
16372,10,PB,saline,F,1h,102.5262467191601
16373,11,PB,saline,M,1h,3.5661303206664385
16374,12,PB,morphine,M,1h,103.41777929932671
16375,13,PB,saline,M,4h,69.53954125299555
16376,14,PB,morphine,M,1h,766.7180189432843
16377,15,PB,morphine,F,4h,379.7928791509757
16378,16,PB,saline,F,4h,67.75647609266233
16379,17,PB,morphine,M,1h,67.75647609266233
16380,18,PB,saline,M,1h,0.0
16381,19,PB,morphine,F,1h,533.1364829396325
16382,20,PB,morphine,F,1h,130.163756704325
16383,21,PB,morphine,F,1h,39.227433527330824
16384,22,PB,morphine,M,4h,711.4429989729545
16385,23,PB,morphine,M,4h,650.818783521625
16386,24,PB,saline,F,1h,32.98670546616456
16387,25,PB,saline,F,4h,82.91252995549469
16388,26,PB,saline,F,4h,17.830651603332193
16389,0,KF,morphine,M,1h,11.415134184902344
16390,1,KF,morphine,M,4h,0.0
16391,2,KF,saline,M,1h,0.0
16392,3,KF,saline,M,4h,0.0
16393,4,KF,morphine,F,4h,188.34971405088868
16394,5,KF,saline,F,4h,0.0
16395,6,KF,morphine,M,1h,119.85890894147461
16396,7,KF,morphine,M,4h,51.36810383206055
16397,8,KF,saline,M,4h,0.0
16398,9,KF,morphine,F,4h,5.707567092451172
16399,10,KF,saline,F,1h,5.707567092451172
16400,11,KF,saline,M,1h,0.0
16401,12,KF,morphine,M,1h,0.0
16402,13,KF,saline,M,4h,28.53783546225586
16403,14,KF,morphine,M,1h,747.6912891111035
16404,15,KF,morphine,F,4h,216.88754951314453
16405,16,KF,saline,F,4h,68.49080510941405
16406,17,KF,morphine,M,1h,28.53783546225586
16407,18,KF,saline,M,1h,0.0
16408,19,KF,morphine,F,1h,119.85890894147461
16409,20,KF,morphine,F,1h,0.0
16410,21,KF,morphine,F,1h,0.0
16411,22,KF,morphine,M,4h,154.10431149618162
16412,23,KF,morphine,M,4h,5.707567092451172
16413,24,KF,saline,F,1h,0.0
16414,25,KF,saline,F,4h,0.0
16415,26,KF,saline,F,4h,0.0
16416,0,SOC,morphine,M,1h,0.0
16417,1,SOC,morphine,M,4h,0.0
16418,2,SOC,saline,M,1h,0.0
16419,3,SOC,saline,M,4h,0.0
16420,4,SOC,morphine,F,4h,27.81975469653099
16421,5,SOC,saline,F,4h,10.015111690751157
16422,6,SOC,morphine,M,1h,152.45225573698983
16423,7,SOC,morphine,M,4h,10.015111690751157
16424,8,SOC,saline,M,4h,2.2255803757224792
16425,9,SOC,morphine,F,4h,0.0
16426,10,SOC,saline,F,1h,0.0
16427,11,SOC,saline,M,1h,0.0
16428,12,SOC,morphine,M,1h,36.722076199420904
16429,13,SOC,saline,M,4h,48.96276826589454
16430,14,SOC,morphine,M,1h,554.1695135548973
16431,15,SOC,morphine,F,4h,38.947656575143384
16432,16,SOC,saline,F,4h,107.94064822254025
16433,17,SOC,morphine,M,1h,15.579062630057354
16434,18,SOC,saline,M,1h,85.68484446531545
16435,19,SOC,morphine,F,1h,15.579062630057354
16436,20,SOC,morphine,F,1h,90.13600521676041
16437,21,SOC,morphine,F,1h,46.73718789017206
16438,22,SOC,morphine,M,4h,741.1182651155856
16439,23,SOC,morphine,M,4h,36.722076199420904
16440,24,SOC,saline,F,1h,0.0
16441,25,SOC,saline,F,4h,165.8057379913247
16442,26,SOC,saline,F,4h,0.0
16443,0,POR,morphine,M,1h,0.0
16444,1,POR,morphine,M,4h,0.0
16445,2,POR,saline,M,1h,0.0
16446,3,POR,saline,M,4h,0.0
16447,4,POR,morphine,F,4h,21.861865800936783
16448,5,POR,saline,F,4h,16.396399350702588
16449,6,POR,morphine,M,1h,101.11112932933261
16450,7,POR,morphine,M,4h,10.930932900468392
16451,8,POR,saline,M,4h,2.732733225117098
16452,9,POR,morphine,F,4h,0.0
16453,10,POR,saline,F,1h,0.0
16454,11,POR,saline,M,1h,0.0
16455,12,POR,morphine,M,1h,43.72373160187357
16456,13,POR,saline,M,4h,90.18019642886422
16457,14,POR,morphine,M,1h,571.1412440494735
16458,15,POR,morphine,F,4h,8.198199675351294
16459,16,POR,saline,F,4h,62.85286417769325
16460,17,POR,morphine,M,1h,19.129132575819686
16461,18,POR,saline,M,1h,92.91292965398132
16462,19,POR,morphine,F,1h,21.861865800936783
16463,20,POR,morphine,F,1h,191.29132575819685
16464,21,POR,morphine,F,1h,92.91292965398132
16465,22,POR,morphine,M,4h,631.2613750020496
16466,23,POR,morphine,M,4h,60.12013095257615
16467,24,POR,saline,F,1h,0.0
16468,25,POR,saline,F,4h,281.47152218706105
16469,26,POR,saline,F,4h,0.0
16470,0,SOCm,morphine,M,1h,0.0
16471,1,SOCm,morphine,M,4h,0.0
16472,2,SOCm,saline,M,1h,0.0
16473,3,SOCm,saline,M,4h,0.0
16474,4,SOCm,morphine,F,4h,15.367750263813047
16475,5,SOCm,saline,F,4h,5.122583421271015
16476,6,SOCm,morphine,M,1h,163.92266948067248
16477,7,SOCm,morphine,M,4h,15.367750263813047
16478,8,SOCm,saline,M,4h,5.122583421271015
16479,9,SOCm,morphine,F,4h,0.0
16480,10,SOCm,saline,F,1h,0.0
16481,11,SOCm,saline,M,1h,0.0
16482,12,SOCm,morphine,M,1h,76.83875131906524
16483,13,SOCm,saline,M,4h,30.735500527626094
16484,14,SOCm,morphine,M,1h,865.7165981948016
16485,15,SOCm,morphine,F,4h,20.49033368508406
16486,16,SOCm,saline,F,4h,0.0
16487,17,SOCm,morphine,M,1h,5.122583421271015
16488,18,SOCm,saline,M,1h,66.5935844765232
16489,19,SOCm,morphine,F,1h,10.24516684254203
16490,20,SOCm,morphine,F,1h,10.24516684254203
16491,21,SOCm,morphine,F,1h,20.49033368508406
16492,22,SOCm,morphine,M,4h,676.181011607774
16493,23,SOCm,morphine,M,4h,46.10325079143914
16494,24,SOCm,saline,F,1h,0.0
16495,25,SOCm,saline,F,4h,204.90333685084062
16496,26,SOCm,saline,F,4h,0.0
16497,0,SOCl,morphine,M,1h,0.0
16498,1,SOCl,morphine,M,4h,0.0
16499,2,SOCl,saline,M,1h,0.0
16500,3,SOCl,saline,M,4h,0.0
16501,4,SOCl,morphine,F,4h,41.48221894315159
16502,5,SOCl,saline,F,4h,5.926031277593084
16503,6,SOCl,morphine,M,1h,201.48506343816484
16504,7,SOCl,morphine,M,4h,5.926031277593084
16505,8,SOCl,saline,M,4h,0.0
16506,9,SOCl,morphine,F,4h,0.0
16507,10,SOCl,saline,F,1h,0.0
16508,11,SOCl,saline,M,1h,0.0
16509,12,SOCl,morphine,M,1h,5.926031277593084
16510,13,SOCl,saline,M,4h,14.815078193982709
16511,14,SOCl,morphine,M,1h,355.561876655585
16512,15,SOCl,morphine,F,4h,82.96443788630317
16513,16,SOCl,saline,F,4h,219.2631572709441
16514,17,SOCl,morphine,M,1h,17.778093832779252
16515,18,SOCl,saline,M,1h,88.89046916389626
16516,19,SOCl,morphine,F,1h,11.852062555186167
16517,20,SOCl,morphine,F,1h,26.667140749168876
16518,21,SOCl,morphine,F,1h,11.852062555186167
16519,22,SOCl,morphine,M,4h,897.7937385553522
16520,23,SOCl,morphine,M,4h,5.926031277593084
16521,24,SOCl,saline,F,1h,0.0
16522,25,SOCl,saline,F,4h,17.778093832779252
16523,26,SOCl,saline,F,4h,0.0
16524,0,P-mot,morphine,M,1h,3.623961217402469
16525,1,P-mot,morphine,M,4h,5.349657035213168
16526,2,P-mot,saline,M,1h,34.16877719265185
16527,3,P-mot,saline,M,4h,1.8982653995917695
16528,4,P-mot,morphine,F,4h,100.26292701480165
16529,5,P-mot,saline,F,4h,21.916336886195882
16530,6,P-mot,morphine,M,1h,126.3209338637432
16531,7,P-mot,morphine,M,4h,39.17329506430288
16532,8,P-mot,saline,M,4h,1.8982653995917695
16533,9,P-mot,morphine,F,4h,1.5531262360296296
16534,10,P-mot,saline,F,1h,4.659378708088889
16535,11,P-mot,saline,M,1h,0.0
16536,12,P-mot,morphine,M,1h,49.354900389386
16537,13,P-mot,saline,M,4h,17.774666923450205
16538,14,P-mot,morphine,M,1h,274.73077419546337
16539,15,P-mot,morphine,F,4h,119.07301142893827
16540,16,P-mot,saline,F,4h,74.72262891120329
16541,17,P-mot,morphine,M,1h,61.08963195049876
16542,18,P-mot,saline,M,1h,118.55530268359506
16543,19,P-mot,morphine,F,1h,81.10770343710287
16544,20,P-mot,morphine,F,1h,62.64275818652839
16545,21,P-mot,morphine,F,1h,75.75804640188971
16546,22,P-mot,morphine,M,4h,618.3168115215736
16547,23,P-mot,morphine,M,4h,307.6915643156477
16548,24,P-mot,saline,F,1h,62.64275818652839
16549,25,P-mot,saline,F,4h,106.30286237713909
16550,26,P-mot,saline,F,4h,3.623961217402469
16551,0,B,morphine,M,1h,321.2128999100604
16552,1,B,morphine,M,4h,0.0
16553,2,B,saline,M,1h,513.9406398560966
16554,3,B,saline,M,4h,64.24257998201207
16555,4,B,morphine,F,4h,2376.975459334447
16556,5,B,saline,F,4h,385.45547989207245
16557,6,B,morphine,M,1h,899.3961197481691
16558,7,B,morphine,M,4h,449.69805987408455
16559,8,B,saline,M,4h,128.48515996402415
16560,9,B,morphine,F,4h,64.24257998201207
16561,10,B,saline,F,1h,0.0
16562,11,B,saline,M,1h,0.0
16563,12,B,morphine,M,1h,321.2128999100604
16564,13,B,saline,M,4h,0.0
16565,14,B,morphine,M,1h,192.72773994603622
16566,15,B,morphine,F,4h,128.48515996402415
16567,16,B,saline,F,4h,64.24257998201207
16568,17,B,morphine,M,1h,0.0
16569,18,B,saline,M,1h,0.0
16570,19,B,morphine,F,1h,1413.3367596042658
16571,20,B,morphine,F,1h,963.6386997301812
16572,21,B,morphine,F,1h,128.48515996402415
16573,22,B,morphine,M,4h,3726.0696389567006
16574,23,B,morphine,M,4h,6681.228318129256
16575,24,B,saline,F,1h,0.0
16576,25,B,saline,F,4h,642.4257998201208
16577,26,B,saline,F,4h,0.0
16578,0,DTN,morphine,M,1h,9.640040873773305
16579,1,DTN,morphine,M,4h,19.28008174754661
16580,2,DTN,saline,M,1h,67.48028611641314
16581,3,DTN,saline,M,4h,28.920122621319916
16582,4,DTN,morphine,F,4h,0.0
16583,5,DTN,saline,F,4h,28.920122621319916
16584,6,DTN,morphine,M,1h,28.920122621319916
16585,7,DTN,morphine,M,4h,38.56016349509322
16586,8,DTN,saline,M,4h,0.0
16587,9,DTN,morphine,F,4h,0.0
16588,10,DTN,saline,F,1h,0.0
16589,11,DTN,saline,M,1h,0.0
16590,12,DTN,morphine,M,1h,0.0
16591,13,DTN,saline,M,4h,0.0
16592,14,DTN,morphine,M,1h,0.0
16593,15,DTN,morphine,F,4h,125.32053135905296
16594,16,DTN,saline,F,4h,19.28008174754661
16595,17,DTN,morphine,M,1h,173.5207357279195
16596,18,DTN,saline,M,1h,0.0
16597,19,DTN,morphine,F,1h,0.0
16598,20,DTN,morphine,F,1h,0.0
16599,21,DTN,morphine,F,1h,9.640040873773305
16600,22,DTN,morphine,M,4h,809.7634333969577
16601,23,DTN,morphine,M,4h,375.9615940771589
16602,24,DTN,saline,F,1h,9.640040873773305
16603,25,DTN,saline,F,4h,9.640040873773305
16604,26,DTN,saline,F,4h,9.640040873773305
16605,0,PDTg,morphine,M,1h,20.821187640543016
16606,1,PDTg,morphine,M,4h,0.0
16607,2,PDTg,saline,M,1h,312.3178146081452
16608,3,PDTg,saline,M,4h,20.821187640543016
16609,4,PDTg,morphine,F,4h,145.7483134838011
16610,5,PDTg,saline,F,4h,41.64237528108603
16611,6,PDTg,morphine,M,1h,374.78137752977426
16612,7,PDTg,morphine,M,4h,0.0
16613,8,PDTg,saline,M,4h,0.0
16614,9,PDTg,morphine,F,4h,0.0
16615,10,PDTg,saline,F,1h,0.0
16616,11,PDTg,saline,M,1h,0.0
16617,12,PDTg,morphine,M,1h,145.7483134838011
16618,13,PDTg,saline,M,4h,0.0
16619,14,PDTg,morphine,M,1h,270.6754393270592
16620,15,PDTg,morphine,F,4h,166.56950112434413
16621,16,PDTg,saline,F,4h,62.46356292162905
16622,17,PDTg,morphine,M,1h,0.0
16623,18,PDTg,saline,M,1h,0.0
16624,19,PDTg,morphine,F,1h,0.0
16625,20,PDTg,morphine,F,1h,291.4966269676022
16626,21,PDTg,morphine,F,1h,20.821187640543016
16627,22,PDTg,morphine,M,4h,895.3110685433497
16628,23,PDTg,morphine,M,4h,1353.377196635296
16629,24,PDTg,saline,F,1h,0.0
16630,25,PDTg,saline,F,4h,145.7483134838011
16631,26,PDTg,saline,F,4h,0.0
16632,0,PCG,morphine,M,1h,25.857833630698423
16633,1,PCG,morphine,M,4h,44.32771479548301
16634,2,PCG,saline,M,1h,297.36508675303185
16635,3,PCG,saline,M,4h,11.081928698870753
16636,4,PCG,morphine,F,4h,195.7807403467166
16637,5,PCG,saline,F,4h,57.25663161083222
16638,6,PCG,morphine,M,1h,195.7807403467166
16639,7,PCG,morphine,M,4h,25.857833630698423
16640,8,PCG,saline,M,4h,11.081928698870753
16641,9,PCG,morphine,F,4h,12.928916815349211
16642,10,PCG,saline,F,1h,0.0
16643,11,PCG,saline,M,1h,0.0
16644,12,PCG,morphine,M,1h,142.2180849688413
16645,13,PCG,saline,M,4h,5.540964349435376
16646,14,PCG,morphine,M,1h,181.00483541488896
16647,15,PCG,morphine,F,4h,97.8903701733583
16648,16,PCG,saline,F,4h,99.73735828983678
16649,17,PCG,morphine,M,1h,79.42048900857372
16650,18,PCG,saline,M,1h,1.8469881164784587
16651,19,PCG,morphine,F,1h,86.80844147448757
16652,20,PCG,morphine,F,1h,144.06507308531977
16653,21,PCG,morphine,F,1h,92.34940582392294
16654,22,PCG,morphine,M,4h,1169.1434777308643
16655,23,PCG,morphine,M,4h,1409.251932873064
16656,24,PCG,saline,F,1h,7.387952465913835
16657,25,PCG,saline,F,4h,140.37109685236285
16658,26,PCG,saline,F,4h,27.70482174717688
16659,0,PG,morphine,M,1h,0.0
16660,1,PG,morphine,M,4h,3.1086601053214045
16661,2,PG,saline,M,1h,0.0
16662,3,PG,saline,M,4h,0.0
16663,4,PG,morphine,F,4h,95.3322432298564
16664,5,PG,saline,F,4h,25.90550087767837
16665,6,PG,morphine,M,1h,79.78894270324938
16666,7,PG,morphine,M,4h,4.14488014042854
16667,8,PG,saline,M,4h,0.0
16668,9,PG,morphine,F,4h,0.0
16669,10,PG,saline,F,1h,1.036220035107135
16670,11,PG,saline,M,1h,0.0
16671,12,PG,morphine,M,1h,104.65822354582062
16672,13,PG,saline,M,4h,50.77478172024961
16673,14,PG,morphine,M,1h,302.5762502512834
16674,15,PG,morphine,F,4h,297.3951500757477
16675,16,PG,saline,F,4h,181.3385061437486
16676,17,PG,morphine,M,1h,160.6141054416059
16677,18,PG,saline,M,1h,268.38098909274794
16678,19,PG,morphine,F,1h,189.62826642460567
16679,20,PG,morphine,F,1h,218.64242740760545
16680,21,PG,morphine,F,1h,252.8376885661409
16681,22,PG,morphine,M,4h,1578.1631134681663
16682,23,PG,morphine,M,4h,596.8627402217097
16683,24,PG,saline,F,1h,261.127448846998
16684,25,PG,saline,F,4h,208.2802270565341
16685,26,PG,saline,F,4h,0.0
16686,0,PRNc,morphine,M,1h,0.0
16687,1,PRNc,morphine,M,4h,0.0
16688,2,PRNc,saline,M,1h,0.0
16689,3,PRNc,saline,M,4h,0.0
16690,4,PRNc,morphine,F,4h,17.87958355895665
16691,5,PRNc,saline,F,4h,11.06831363173507
16692,6,PRNc,morphine,M,1h,99.18911831516428
16693,7,PRNc,morphine,M,4h,4.257043704513489
16694,8,PRNc,saline,M,4h,0.0
16695,9,PRNc,morphine,F,4h,0.0
16696,10,PRNc,saline,F,1h,3.8313393340621396
16697,11,PRNc,saline,M,1h,0.0
16698,12,PRNc,morphine,M,1h,26.393670967983628
16699,13,PRNc,saline,M,4h,11.06831363173507
16700,14,PRNc,morphine,M,1h,162.61906951241525
16701,15,PRNc,morphine,F,4h,25.96796659753228
16702,16,PRNc,saline,F,4h,47.25318512009972
16703,17,PRNc,morphine,M,1h,23.839444745275536
16704,18,PRNc,saline,M,1h,78.75530853349953
16705,19,PRNc,morphine,F,1h,14.899652965797209
16706,20,PRNc,morphine,F,1h,1.7028174818053954
16707,21,PRNc,morphine,F,1h,2.979930593159442
16708,22,PRNc,morphine,M,4h,257.9768484935174
16709,23,PRNc,morphine,M,4h,25.54226222708093
16710,24,PRNc,saline,F,1h,0.0
16711,25,PRNc,saline,F,4h,52.361637565515906
16712,26,PRNc,saline,F,4h,0.42570437045134885
16713,0,SG,morphine,M,1h,0.0
16714,1,SG,morphine,M,4h,115.2073732718894
16715,2,SG,saline,M,1h,345.6221198156682
16716,3,SG,saline,M,4h,0.0
16717,4,SG,morphine,F,4h,0.0
16718,5,SG,saline,F,4h,0.0
16719,6,SG,morphine,M,1h,345.6221198156682
16720,7,SG,morphine,M,4h,0.0
16721,8,SG,saline,M,4h,0.0
16722,9,SG,morphine,F,4h,0.0
16723,10,SG,saline,F,1h,0.0
16724,11,SG,saline,M,1h,0.0
16725,12,SG,morphine,M,1h,0.0
16726,13,SG,saline,M,4h,57.6036866359447
16727,14,SG,morphine,M,1h,115.2073732718894
16728,15,SG,morphine,F,4h,345.6221198156682
16729,16,SG,saline,F,4h,57.6036866359447
16730,17,SG,morphine,M,1h,115.2073732718894
16731,18,SG,saline,M,1h,57.6036866359447
16732,19,SG,morphine,F,1h,172.8110599078341
16733,20,SG,morphine,F,1h,57.6036866359447
16734,21,SG,morphine,F,1h,0.0
16735,22,SG,morphine,M,4h,1843.3179723502303
16736,23,SG,morphine,M,4h,1094.4700460829492
16737,24,SG,saline,F,1h,0.0
16738,25,SG,saline,F,4h,0.0
16739,26,SG,saline,F,4h,57.6036866359447
16740,0,SUT,morphine,M,1h,0.0
16741,1,SUT,morphine,M,4h,0.0
16742,2,SUT,saline,M,1h,0.0
16743,3,SUT,saline,M,4h,0.0
16744,4,SUT,morphine,F,4h,431.43297380585517
16745,5,SUT,saline,F,4h,30.816640986132512
16746,6,SUT,morphine,M,1h,416.0246533127889
16747,7,SUT,morphine,M,4h,543.1432973805855
16748,8,SUT,saline,M,4h,7.704160246533128
16749,9,SUT,morphine,F,4h,3.852080123266564
16750,10,SUT,saline,F,1h,0.0
16751,11,SUT,saline,M,1h,0.0
16752,12,SUT,morphine,M,1h,0.0
16753,13,SUT,saline,M,4h,15.408320493066256
16754,14,SUT,morphine,M,1h,627.8890600924499
16755,15,SUT,morphine,F,4h,308.1664098613251
16756,16,SUT,saline,F,4h,96.3020030816641
16757,17,SUT,morphine,M,1h,3.852080123266564
16758,18,SUT,saline,M,1h,0.0
16759,19,SUT,morphine,F,1h,188.75192604006165
16760,20,SUT,morphine,F,1h,3.852080123266564
16761,21,SUT,morphine,F,1h,3.852080123266564
16762,22,SUT,morphine,M,4h,543.1432973805855
16763,23,SUT,morphine,M,4h,292.7580893682589
16764,24,SUT,saline,F,1h,0.0
16765,25,SUT,saline,F,4h,0.0
16766,26,SUT,saline,F,4h,0.0
16767,0,TRN,morphine,M,1h,0.0
16768,1,TRN,morphine,M,4h,0.0
16769,2,TRN,saline,M,1h,0.0
16770,3,TRN,saline,M,4h,0.0
16771,4,TRN,morphine,F,4h,243.59688195991095
16772,5,TRN,saline,F,4h,36.24953600593913
16773,6,TRN,morphine,M,1h,194.2975129918337
16774,7,TRN,morphine,M,4h,18.849758723088346
16775,8,TRN,saline,M,4h,1.449981440237565
16776,9,TRN,morphine,F,4h,0.0
16777,10,TRN,saline,F,1h,23.19970304380104
16778,11,TRN,saline,M,1h,0.0
16779,12,TRN,morphine,M,1h,49.29936896807721
16780,13,TRN,saline,M,4h,23.19970304380104
16781,14,TRN,morphine,M,1h,610.4421863400149
16782,15,TRN,morphine,F,4h,231.9970304380104
16783,16,TRN,saline,F,4h,75.39903489235338
16784,17,TRN,morphine,M,1h,111.6485708982925
16785,18,TRN,saline,M,1h,333.49573125463996
16786,19,TRN,morphine,F,1h,126.14838530066817
16787,20,TRN,morphine,F,1h,56.549276169265035
16788,21,TRN,morphine,F,1h,187.0476057906459
16789,22,TRN,morphine,M,4h,633.641889383816
16790,23,TRN,morphine,M,4h,114.54853377876763
16791,24,TRN,saline,F,1h,149.3480883444692
16792,25,TRN,saline,F,4h,285.6463437268003
16793,26,TRN,saline,F,4h,4.349944320712695
16794,0,V,morphine,M,1h,0.0
16795,1,V,morphine,M,4h,0.0
16796,2,V,saline,M,1h,2.8188229722796954
16797,3,V,saline,M,4h,0.0
16798,4,V,morphine,F,4h,5.637645944559391
16799,5,V,saline,F,4h,0.0
16800,6,V,morphine,M,1h,14.094114861398475
16801,7,V,morphine,M,4h,39.46352161191573
16802,8,V,saline,M,4h,0.0
16803,9,V,morphine,F,4h,0.0
16804,10,V,saline,F,1h,0.0
16805,11,V,saline,M,1h,0.0
16806,12,V,morphine,M,1h,0.0
16807,13,V,saline,M,4h,5.637645944559391
16808,14,V,morphine,M,1h,411.5481539528355
16809,15,V,morphine,F,4h,16.91293783367817
16810,16,V,saline,F,4h,5.637645944559391
16811,17,V,morphine,M,1h,2.8188229722796954
16812,18,V,saline,M,1h,2.8188229722796954
16813,19,V,morphine,F,1h,28.18822972279695
16814,20,V,morphine,F,1h,0.0
16815,21,V,morphine,F,1h,0.0
16816,22,V,morphine,M,4h,31.00705269507665
16817,23,V,morphine,M,4h,0.0
16818,24,V,saline,F,1h,0.0
16819,25,V,saline,F,4h,2.8188229722796954
16820,26,V,saline,F,4h,0.0
16821,0,P5,morphine,M,1h,0.0
16822,1,P5,morphine,M,4h,0.0
16823,2,P5,saline,M,1h,0.0
16824,3,P5,saline,M,4h,0.0
16825,4,P5,morphine,F,4h,46.66878231813176
16826,5,P5,saline,F,4h,3.1112521545421172
16827,6,P5,morphine,M,1h,80.89255601809505
16828,7,P5,morphine,M,4h,62.22504309084235
16829,8,P5,saline,M,4h,0.0
16830,9,P5,morphine,F,4h,0.0
16831,10,P5,saline,F,1h,0.0
16832,11,P5,saline,M,1h,0.0
16833,12,P5,morphine,M,1h,0.0
16834,13,P5,saline,M,4h,6.2225043090842345
16835,14,P5,morphine,M,1h,171.11886849981644
16836,15,P5,morphine,F,4h,40.446278009047525
16837,16,P5,saline,F,4h,9.333756463626353
16838,17,P5,morphine,M,1h,0.0
16839,18,P5,saline,M,1h,28.001269390879056
16840,19,P5,morphine,F,1h,102.67132109988987
16841,20,P5,morphine,F,1h,0.0
16842,21,P5,morphine,F,1h,3.1112521545421172
16843,22,P5,morphine,M,4h,21.77876508179482
16844,23,P5,morphine,M,4h,3.1112521545421172
16845,24,P5,saline,F,1h,0.0
16846,25,P5,saline,F,4h,0.0
16847,26,P5,saline,F,4h,0.0
16848,0,Acs5,morphine,M,1h,0.0
16849,1,Acs5,morphine,M,4h,0.0
16850,2,Acs5,saline,M,1h,0.0
16851,3,Acs5,saline,M,4h,0.0
16852,4,Acs5,morphine,F,4h,0.0
16853,5,Acs5,saline,F,4h,0.0
16854,6,Acs5,morphine,M,1h,0.0
16855,7,Acs5,morphine,M,4h,0.0
16856,8,Acs5,saline,M,4h,0.0
16857,9,Acs5,morphine,F,4h,0.0
16858,10,Acs5,saline,F,1h,0.0
16859,11,Acs5,saline,M,1h,0.0
16860,12,Acs5,morphine,M,1h,0.0
16861,13,Acs5,saline,M,4h,0.0
16862,14,Acs5,morphine,M,1h,143.7607820586544
16863,15,Acs5,morphine,F,4h,0.0
16864,16,Acs5,saline,F,4h,0.0
16865,17,Acs5,morphine,M,1h,0.0
16866,18,Acs5,saline,M,1h,71.8803910293272
16867,19,Acs5,morphine,F,1h,0.0
16868,20,Acs5,morphine,F,1h,0.0
16869,21,Acs5,morphine,F,1h,0.0
16870,22,Acs5,morphine,M,4h,0.0
16871,23,Acs5,morphine,M,4h,0.0
16872,24,Acs5,saline,F,1h,0.0
16873,25,Acs5,saline,F,4h,0.0
16874,26,Acs5,saline,F,4h,0.0
16875,0,PC5,morphine,M,1h,0.0
16876,1,PC5,morphine,M,4h,0.0
16877,2,PC5,saline,M,1h,0.0
16878,3,PC5,saline,M,4h,0.0
16879,4,PC5,morphine,F,4h,0.0
16880,5,PC5,saline,F,4h,0.0
16881,6,PC5,morphine,M,1h,28.285342535498106
16882,7,PC5,morphine,M,4h,0.0
16883,8,PC5,saline,M,4h,0.0
16884,9,PC5,morphine,F,4h,0.0
16885,10,PC5,saline,F,1h,14.142671267749053
16886,11,PC5,saline,M,1h,0.0
16887,12,PC5,morphine,M,1h,0.0
16888,13,PC5,saline,M,4h,0.0
16889,14,PC5,morphine,M,1h,127.28404140974149
16890,15,PC5,morphine,F,4h,14.142671267749053
16891,16,PC5,saline,F,4h,56.57068507099621
16892,17,PC5,morphine,M,1h,14.142671267749053
16893,18,PC5,saline,M,1h,0.0
16894,19,PC5,morphine,F,1h,0.0
16895,20,PC5,morphine,F,1h,0.0
16896,21,PC5,morphine,F,1h,42.42801380324716
16897,22,PC5,morphine,M,4h,113.14137014199243
16898,23,PC5,morphine,M,4h,14.142671267749053
16899,24,PC5,saline,F,1h,42.42801380324716
16900,25,PC5,saline,F,4h,0.0
16901,26,PC5,saline,F,4h,0.0
16902,0,I5,morphine,M,1h,0.0
16903,1,I5,morphine,M,4h,0.0
16904,2,I5,saline,M,1h,0.0
16905,3,I5,saline,M,4h,0.0
16906,4,I5,morphine,F,4h,0.0
16907,5,I5,saline,F,4h,0.0
16908,6,I5,morphine,M,1h,0.0
16909,7,I5,morphine,M,4h,0.0
16910,8,I5,saline,M,4h,0.0
16911,9,I5,morphine,F,4h,0.0
16912,10,I5,saline,F,1h,0.0
16913,11,I5,saline,M,1h,0.0
16914,12,I5,morphine,M,1h,0.0
16915,13,I5,saline,M,4h,0.0
16916,14,I5,morphine,M,1h,134.81934208161067
16917,15,I5,morphine,F,4h,0.0
16918,16,I5,saline,F,4h,0.0
16919,17,I5,morphine,M,1h,0.0
16920,18,I5,saline,M,1h,0.0
16921,19,I5,morphine,F,1h,22.46989034693511
16922,20,I5,morphine,F,1h,0.0
16923,21,I5,morphine,F,1h,0.0
16924,22,I5,morphine,M,4h,0.0
16925,23,I5,morphine,M,4h,0.0
16926,24,I5,saline,F,1h,0.0
16927,25,I5,saline,F,4h,0.0
16928,26,I5,saline,F,4h,0.0
16929,0,P-sat,morphine,M,1h,12.99821433419969
16930,1,P-sat,morphine,M,4h,2.310793659413278
16931,2,P-sat,saline,M,1h,6.065833355959855
16932,3,P-sat,saline,M,4h,7.7989286005198135
16933,4,P-sat,morphine,F,4h,90.12095271711785
16934,5,P-sat,saline,F,4h,28.018373120385995
16935,6,P-sat,morphine,M,1h,98.20873052506431
16936,7,P-sat,morphine,M,4h,39.86119062487904
16937,8,P-sat,saline,M,4h,5.776984148533195
16938,9,P-sat,morphine,F,4h,3.1773412816932574
16939,10,P-sat,saline,F,1h,9.243174637653112
16940,11,P-sat,saline,M,1h,0.5776984148533195
16941,12,P-sat,morphine,M,1h,27.151825498106017
16942,13,P-sat,saline,M,4h,51.126309714518776
16943,14,P-sat,morphine,M,1h,356.7287711719248
16944,15,P-sat,morphine,F,4h,122.47206394890374
16945,16,P-sat,saline,F,4h,31.773412816932574
16946,17,P-sat,morphine,M,1h,44.19392873627894
16947,18,P-sat,saline,M,1h,46.21587318826556
16948,19,P-sat,morphine,F,1h,112.36234168897064
16949,20,P-sat,morphine,F,1h,21.95253976442614
16950,21,P-sat,morphine,F,1h,7.7989286005198135
16951,22,P-sat,morphine,M,4h,162.62210378120943
16952,23,P-sat,morphine,M,4h,334.1985329926453
16953,24,P-sat,saline,F,1h,6.354682563386515
16954,25,P-sat,saline,F,4h,67.30186533041172
16955,26,P-sat,saline,F,4h,1.155396829706639
16956,0,CS,morphine,M,1h,0.0
16957,1,CS,morphine,M,4h,0.0
16958,2,CS,saline,M,1h,0.0
16959,3,CS,saline,M,4h,0.0
16960,4,CS,morphine,F,4h,63.159434357402624
16961,5,CS,saline,F,4h,28.255536423048543
16962,6,CS,morphine,M,1h,19.945084533916617
16963,7,CS,morphine,M,4h,23.269265289569386
16964,8,CS,saline,M,4h,1.6620903778263847
16965,9,CS,morphine,F,4h,0.0
16966,10,CS,saline,F,1h,23.269265289569386
16967,11,CS,saline,M,1h,0.0
16968,12,CS,morphine,M,1h,59.835253601749855
16969,13,CS,saline,M,4h,106.37378418088862
16970,14,CS,morphine,M,1h,561.7865477053181
16971,15,CS,morphine,F,4h,217.7338394952564
16972,16,CS,saline,F,4h,26.593446045222155
16973,17,CS,morphine,M,1h,46.53853057913877
16974,18,CS,saline,M,1h,53.18689209044431
16975,19,CS,morphine,F,1h,191.14039345003425
16976,20,CS,morphine,F,1h,0.0
16977,21,CS,morphine,F,1h,4.986271133479154
16978,22,CS,morphine,M,4h,13.296723022611078
16979,23,CS,morphine,M,4h,1.6620903778263847
16980,24,CS,saline,F,1h,16.62090377826385
16981,25,CS,saline,F,4h,41.55225944565962
16982,26,CS,saline,F,4h,1.6620903778263847
16983,0,LC,morphine,M,1h,0.0
16984,1,LC,morphine,M,4h,0.0
16985,2,LC,saline,M,1h,69.0321689907497
16986,3,LC,saline,M,4h,0.0
16987,4,LC,morphine,F,4h,4141.930139444981
16988,5,LC,saline,F,4h,276.1286759629988
16989,6,LC,morphine,M,1h,6212.895209167473
16990,7,LC,morphine,M,4h,966.4503658704957
16991,8,LC,saline,M,4h,345.1608449537485
16992,9,LC,morphine,F,4h,0.0
16993,10,LC,saline,F,1h,0.0
16994,11,LC,saline,M,1h,0.0
16995,12,LC,morphine,M,1h,276.1286759629988
16996,13,LC,saline,M,4h,0.0
16997,14,LC,morphine,M,1h,2001.9329007317413
16998,15,LC,morphine,F,4h,1104.5147038519951
16999,16,LC,saline,F,4h,0.0
17000,17,LC,morphine,M,1h,345.1608449537485
17001,18,LC,saline,M,1h,0.0
17002,19,LC,morphine,F,1h,1242.5790418334946
17003,20,LC,morphine,F,1h,138.0643379814994
17004,21,LC,morphine,F,1h,0.0
17005,22,LC,morphine,M,4h,2347.0937456854895
17006,23,LC,morphine,M,4h,8905.14979980671
17007,24,LC,saline,F,1h,69.0321689907497
17008,25,LC,saline,F,4h,207.09650697224907
17009,26,LC,saline,F,4h,69.0321689907497
17010,0,LDT,morphine,M,1h,206.4125498830329
17011,1,LDT,morphine,M,4h,34.40209164717215
17012,2,LDT,saline,M,1h,24.572922605122965
17013,3,LDT,saline,M,4h,127.77919754663941
17014,4,LDT,morphine,F,4h,142.5229511097132
17015,5,LDT,saline,F,4h,29.487507126147555
17016,6,LDT,morphine,M,1h,127.77919754663941
17017,7,LDT,morphine,M,4h,78.63335233639349
17018,8,LDT,saline,M,4h,0.0
17019,9,LDT,morphine,F,4h,29.487507126147555
17020,10,LDT,saline,F,1h,0.0
17021,11,LDT,saline,M,1h,9.829169042049186
17022,12,LDT,morphine,M,1h,137.6083665886886
17023,13,LDT,saline,M,4h,9.829169042049186
17024,14,LDT,morphine,M,1h,137.6083665886886
17025,15,LDT,morphine,F,4h,147.43753563073778
17026,16,LDT,saline,F,4h,19.65833808409837
17027,17,LDT,morphine,M,1h,393.16676168196744
17028,18,LDT,saline,M,1h,0.0
17029,19,LDT,morphine,F,1h,176.92504275688535
17030,20,LDT,morphine,F,1h,186.75421179893453
17031,21,LDT,morphine,F,1h,44.23126068922134
17032,22,LDT,morphine,M,4h,1366.2544968448367
17033,23,LDT,morphine,M,4h,2064.125498830329
17034,24,LDT,saline,F,1h,34.40209164717215
17035,25,LDT,saline,F,4h,122.86461302561482
17036,26,LDT,saline,F,4h,9.829169042049186
17037,0,NI,morphine,M,1h,0.0
17038,1,NI,morphine,M,4h,0.0
17039,2,NI,saline,M,1h,36.95832948350735
17040,3,NI,saline,M,4h,9.239582370876837
17041,4,NI,morphine,F,4h,83.15624133789153
17042,5,NI,saline,F,4h,46.19791185438419
17043,6,NI,morphine,M,1h,748.4061720410238
17044,7,NI,morphine,M,4h,46.19791185438419
17045,8,NI,saline,M,4h,9.239582370876837
17046,9,NI,morphine,F,4h,9.239582370876837
17047,10,NI,saline,F,1h,0.0
17048,11,NI,saline,M,1h,0.0
17049,12,NI,morphine,M,1h,36.95832948350735
17050,13,NI,saline,M,4h,36.95832948350735
17051,14,NI,morphine,M,1h,27.71874711263051
17052,15,NI,morphine,F,4h,397.30204194770397
17053,16,NI,saline,F,4h,175.5520650466599
17054,17,NI,morphine,M,1h,110.87498845052204
17055,18,NI,saline,M,1h,0.0
17056,19,NI,morphine,F,1h,36.95832948350735
17057,20,NI,morphine,F,1h,166.31248267578306
17058,21,NI,morphine,F,1h,0.0
17059,22,NI,morphine,M,4h,517.4166127691029
17060,23,NI,morphine,M,4h,2901.228864455327
17061,24,NI,saline,F,1h,0.0
17062,25,NI,saline,F,4h,776.1249191536543
17063,26,NI,saline,F,4h,0.0
17064,0,PRNr,morphine,M,1h,0.0
17065,1,PRNr,morphine,M,4h,0.4231811884112678
17066,2,PRNr,saline,M,1h,3.80863069570141
17067,3,PRNr,saline,M,4h,0.0
17068,4,PRNr,morphine,F,4h,52.47446736299721
17069,5,PRNr,saline,F,4h,23.698146551030998
17070,6,PRNr,morphine,M,1h,44.01084359477185
17071,7,PRNr,morphine,M,4h,31.315407942433815
17072,8,PRNr,saline,M,4h,5.501355449346481
17073,9,PRNr,morphine,F,4h,0.0
17074,10,PRNr,saline,F,1h,7.61726139140282
17075,11,PRNr,saline,M,1h,0.0
17076,12,PRNr,morphine,M,1h,3.80863069570141
17077,13,PRNr,saline,M,4h,44.43402478318312
17078,14,PRNr,morphine,M,1h,344.89266855518326
17079,15,PRNr,morphine,F,4h,72.78716440673806
17080,16,PRNr,saline,F,4h,22.85178417420846
17081,17,PRNr,morphine,M,1h,5.9245366377577495
17082,18,PRNr,saline,M,1h,54.167192116642276
17083,19,PRNr,morphine,F,1h,82.94351292860848
17084,20,PRNr,morphine,F,1h,6.347717826169017
17085,21,PRNr,morphine,F,1h,5.501355449346481
17086,22,PRNr,morphine,M,4h,14.388160405983106
17087,23,PRNr,morphine,M,4h,1.2695435652338034
17088,24,PRNr,saline,F,1h,1.6927247536450711
17089,25,PRNr,saline,F,4h,30.46904556561128
17090,26,PRNr,saline,F,4h,0.0
17091,0,RPO,morphine,M,1h,0.0
17092,1,RPO,morphine,M,4h,0.0
17093,2,RPO,saline,M,1h,0.0
17094,3,RPO,saline,M,4h,0.0
17095,4,RPO,morphine,F,4h,113.20366368220645
17096,5,RPO,saline,F,4h,41.16496861171144
17097,6,RPO,morphine,M,1h,10.29124215292786
17098,7,RPO,morphine,M,4h,10.29124215292786
17099,8,RPO,saline,M,4h,0.0
17100,9,RPO,morphine,F,4h,0.0
17101,10,RPO,saline,F,1h,0.0
17102,11,RPO,saline,M,1h,0.0
17103,12,RPO,morphine,M,1h,0.0
17104,13,RPO,saline,M,4h,20.58248430585572
17105,14,RPO,morphine,M,1h,0.0
17106,15,RPO,morphine,F,4h,236.69856951734076
17107,16,RPO,saline,F,4h,20.58248430585572
17108,17,RPO,morphine,M,1h,82.32993722342287
17109,18,RPO,saline,M,1h,0.0
17110,19,RPO,morphine,F,1h,0.0
17111,20,RPO,morphine,F,1h,0.0
17112,21,RPO,morphine,F,1h,0.0
17113,22,RPO,morphine,M,4h,10.29124215292786
17114,23,RPO,morphine,M,4h,41.16496861171144
17115,24,RPO,saline,F,1h,0.0
17116,25,RPO,saline,F,4h,195.53360090562933
17117,26,RPO,saline,F,4h,0.0
17118,0,SLC,morphine,M,1h,0.0
17119,1,SLC,morphine,M,4h,0.0
17120,2,SLC,saline,M,1h,0.0
17121,3,SLC,saline,M,4h,0.0
17122,4,SLC,morphine,F,4h,1009.9498765616819
17123,5,SLC,saline,F,4h,74.81110196753198
17124,6,SLC,morphine,M,1h,710.7054686915538
17125,7,SLC,morphine,M,4h,448.86661180519195
17126,8,SLC,saline,M,4h,0.0
17127,9,SLC,morphine,F,4h,112.21665295129799
17128,10,SLC,saline,F,1h,0.0
17129,11,SLC,saline,M,1h,0.0
17130,12,SLC,morphine,M,1h,37.40555098376599
17131,13,SLC,saline,M,4h,0.0
17132,14,SLC,morphine,M,1h,635.8943667240219
17133,15,SLC,morphine,F,4h,224.43330590259598
17134,16,SLC,saline,F,4h,0.0
17135,17,SLC,morphine,M,1h,74.81110196753198
17136,18,SLC,saline,M,1h,0.0
17137,19,SLC,morphine,F,1h,486.2721627889579
17138,20,SLC,morphine,F,1h,0.0
17139,21,SLC,morphine,F,1h,0.0
17140,22,SLC,morphine,M,4h,2468.7663649285555
17141,23,SLC,morphine,M,4h,3815.3662003441314
17142,24,SLC,saline,F,1h,0.0
17143,25,SLC,saline,F,4h,0.0
17144,26,SLC,saline,F,4h,0.0
17145,0,SLD,morphine,M,1h,63.54316699144286
17146,1,SLD,morphine,M,4h,0.0
17147,2,SLD,saline,M,1h,42.36211132762857
17148,3,SLD,saline,M,4h,0.0
17149,4,SLD,morphine,F,4h,296.5347792934
17150,5,SLD,saline,F,4h,63.54316699144286
17151,6,SLD,morphine,M,1h,148.2673896467
17152,7,SLD,morphine,M,4h,42.36211132762857
17153,8,SLD,saline,M,4h,0.0
17154,9,SLD,morphine,F,4h,21.181055663814284
17155,10,SLD,saline,F,1h,0.0
17156,11,SLD,saline,M,1h,0.0
17157,12,SLD,morphine,M,1h,254.17266796577144
17158,13,SLD,saline,M,4h,0.0
17159,14,SLD,morphine,M,1h,105.90527831907143
17160,15,SLD,morphine,F,4h,63.54316699144286
17161,16,SLD,saline,F,4h,317.71583495721427
17162,17,SLD,morphine,M,1h,84.72422265525714
17163,18,SLD,saline,M,1h,0.0
17164,19,SLD,morphine,F,1h,148.2673896467
17165,20,SLD,morphine,F,1h,63.54316699144286
17166,21,SLD,morphine,F,1h,42.36211132762857
17167,22,SLD,morphine,M,4h,1821.5707870880285
17168,23,SLD,morphine,M,4h,3897.314242141829
17169,24,SLD,saline,F,1h,0.0
17170,25,SLD,saline,F,4h,105.90527831907143
17171,26,SLD,saline,F,4h,0.0
17172,0,MY,morphine,M,1h,9.623678641472436
17173,1,MY,morphine,M,4h,6.426550502191325
17174,2,MY,saline,M,1h,38.494714565889744
17175,3,MY,saline,M,4h,2.2928898776662514
17176,4,MY,morphine,F,4h,39.205187485729994
17177,5,MY,saline,F,4h,14.919931316645187
17178,6,MY,morphine,M,1h,61.90802669698879
17179,7,MY,morphine,M,4h,9.106971063406801
17180,8,MY,saline,M,4h,1.194886274276779
17181,9,MY,morphine,F,4h,0.3875306835492256
17182,10,MY,saline,F,1h,0.032294223629102135
17183,11,MY,saline,M,1h,1.1302978270185746
17184,12,MY,morphine,M,1h,12.23951075542971
17185,13,MY,saline,M,4h,30.38886443498511
17186,14,MY,morphine,M,1h,200.12730382954592
17187,15,MY,morphine,F,4h,34.45793661225198
17188,16,MY,saline,F,4h,68.94816744813306
17189,17,MY,morphine,M,1h,30.937866236679845
17190,18,MY,saline,M,1h,9.365324852439619
17191,19,MY,morphine,F,1h,36.65394381903092
17192,20,MY,morphine,F,1h,10.657093797603704
17193,21,MY,morphine,F,1h,6.846375409369652
17194,22,MY,morphine,M,4h,235.10194801986353
17195,23,MY,morphine,M,4h,40.33548531274857
17196,24,MY,saline,F,1h,0.0
17197,25,MY,saline,F,4h,39.205187485729994
17198,26,MY,saline,F,4h,3.5523645992012347
17199,0,MY-sen,morphine,M,1h,11.849067087653095
17200,1,MY-sen,morphine,M,4h,17.647546726291846
17201,2,MY-sen,saline,M,1h,38.69854889265426
17202,3,MY-sen,saline,M,4h,6.554803069765542
17203,4,MY-sen,morphine,F,4h,70.96834862073078
17204,5,MY-sen,saline,F,4h,24.706565416808584
17205,6,MY-sen,morphine,M,1h,47.01810663504899
17206,7,MY-sen,morphine,M,4h,2.647132008943777
17207,8,MY-sen,saline,M,4h,0.37816171556339667
17208,9,MY-sen,morphine,F,4h,0.0
17209,10,MY-sen,saline,F,1h,0.0
17210,11,MY-sen,saline,M,1h,2.016862483004782
17211,12,MY-sen,morphine,M,1h,6.176641354202146
17212,13,MY-sen,saline,M,4h,10.588528035775107
17213,14,MY-sen,morphine,M,1h,217.5690403541409
17214,15,MY-sen,morphine,F,4h,32.14374582288872
17215,16,MY-sen,saline,F,4h,39.58092622896885
17216,17,MY-sen,morphine,M,1h,41.84989652234923
17217,18,MY-sen,saline,M,1h,8.193503837206928
17218,19,MY-sen,morphine,F,1h,33.530338779954505
17219,20,MY-sen,morphine,F,1h,33.9085004955179
17220,21,MY-sen,morphine,F,1h,3.4034554400705703
17221,22,MY-sen,morphine,M,4h,165.13061579601654
17222,23,MY-sen,morphine,M,4h,52.69053236849994
17223,24,MY-sen,saline,F,1h,0.0
17224,25,MY-sen,saline,F,4h,30.88320677101073
17225,26,MY-sen,saline,F,4h,6.302695259389945
17226,0,AP,morphine,M,1h,0.0
17227,1,AP,morphine,M,4h,0.0
17228,2,AP,saline,M,1h,0.0
17229,3,AP,saline,M,4h,0.0
17230,4,AP,morphine,F,4h,0.0
17231,5,AP,saline,F,4h,0.0
17232,6,AP,morphine,M,1h,0.0
17233,7,AP,morphine,M,4h,0.0
17234,8,AP,saline,M,4h,0.0
17235,9,AP,morphine,F,4h,0.0
17236,10,AP,saline,F,1h,0.0
17237,11,AP,saline,M,1h,0.0
17238,12,AP,morphine,M,1h,0.0
17239,13,AP,saline,M,4h,0.0
17240,14,AP,morphine,M,1h,0.0
17241,15,AP,morphine,F,4h,132.6159442255229
17242,16,AP,saline,F,4h,0.0
17243,17,AP,morphine,M,1h,0.0
17244,18,AP,saline,M,1h,75.78053955744166
17245,19,AP,morphine,F,1h,0.0
17246,20,AP,morphine,F,1h,0.0
17247,21,AP,morphine,F,1h,0.0
17248,22,AP,morphine,M,4h,170.50621400424373
17249,23,AP,morphine,M,4h,0.0
17250,24,AP,saline,F,1h,0.0
17251,25,AP,saline,F,4h,0.0
17252,26,AP,saline,F,4h,0.0
17253,0,CN,morphine,M,1h,0.0
17254,1,CN,morphine,M,4h,1.2275345827180317
17255,2,CN,saline,M,1h,15.957949575334412
17256,3,CN,saline,M,4h,1.2275345827180317
17257,4,CN,morphine,F,4h,236.3004071732211
17258,5,CN,saline,F,4h,116.61578535821302
17259,6,CN,morphine,M,1h,47.87384872600324
17260,7,CN,morphine,M,4h,4.910138330872127
17261,8,CN,saline,M,4h,1.2275345827180317
17262,9,CN,morphine,F,4h,0.0
17263,10,CN,saline,F,1h,0.0
17264,11,CN,saline,M,1h,4.296371039513111
17265,12,CN,morphine,M,1h,4.296371039513111
17266,13,CN,saline,M,4h,15.344182283975396
17267,14,CN,morphine,M,1h,244.27938196088832
17268,15,CN,morphine,F,4h,20.254320614847522
17269,16,CN,saline,F,4h,74.26584225444091
17270,17,CN,morphine,M,1h,3.682603748154095
17271,18,CN,saline,M,1h,0.0
17272,19,CN,morphine,F,1h,78.56221329395403
17273,20,CN,morphine,F,1h,158.9657284619851
17274,21,CN,morphine,F,1h,7.978974787667206
17275,22,CN,morphine,M,4h,26.39199352843768
17276,23,CN,morphine,M,4h,0.6137672913590159
17277,24,CN,saline,F,1h,0.0
17278,25,CN,saline,F,4h,33.757201024745875
17279,26,CN,saline,F,4h,9.820276661744254
17280,0,DCO,morphine,M,1h,0.0
17281,1,DCO,morphine,M,4h,3.266927585283145
17282,2,DCO,saline,M,1h,39.20313102339774
17283,3,DCO,saline,M,4h,3.266927585283145
17284,4,DCO,morphine,F,4h,524.3418774379447
17285,5,DCO,saline,F,4h,266.2545982005763
17286,6,DCO,morphine,M,1h,115.97592927755164
17287,7,DCO,morphine,M,4h,13.06771034113258
17288,8,DCO,saline,M,4h,3.266927585283145
17289,9,DCO,morphine,F,4h,0.0
17290,10,DCO,saline,F,1h,0.0
17291,11,DCO,saline,M,1h,11.434246548491007
17292,12,DCO,morphine,M,1h,11.434246548491007
17293,13,DCO,saline,M,4h,17.968101719057298
17294,14,DCO,morphine,M,1h,516.1745584747368
17295,15,DCO,morphine,F,4h,16.334637926415724
17296,16,DCO,saline,F,4h,151.91213271566625
17297,17,DCO,morphine,M,1h,8.167318963207862
17298,18,DCO,saline,M,1h,0.0
17299,19,DCO,morphine,F,1h,164.9798430567988
17300,20,DCO,morphine,F,1h,341.3939326620886
17301,21,DCO,morphine,F,1h,21.23502930434044
17302,22,DCO,morphine,M,4h,66.97201549830447
17303,23,DCO,morphine,M,4h,1.6334637926415725
17304,24,DCO,saline,F,1h,0.0
17305,25,DCO,saline,F,4h,76.7727982541539
17306,26,DCO,saline,F,4h,21.23502930434044
17307,0,VCO,morphine,M,1h,0.0
17308,1,VCO,morphine,M,4h,0.0
17309,2,VCO,saline,M,1h,1.9664020544968666
17310,3,VCO,saline,M,4h,0.0
17311,4,VCO,morphine,F,4h,62.92486574389973
17312,5,VCO,saline,F,4h,26.5464277357077
17313,6,VCO,morphine,M,1h,6.882407190739033
17314,7,VCO,morphine,M,4h,0.0
17315,8,VCO,saline,M,4h,0.0
17316,9,VCO,morphine,F,4h,0.0
17317,10,VCO,saline,F,1h,0.0
17318,11,VCO,saline,M,1h,0.0
17319,12,VCO,morphine,M,1h,0.0
17320,13,VCO,saline,M,4h,13.764814381478066
17321,14,VCO,morphine,M,1h,80.62248423437153
17322,15,VCO,morphine,F,4h,22.613623626713967
17323,16,VCO,saline,F,4h,27.529628762956133
17324,17,VCO,morphine,M,1h,0.9832010272484333
17325,18,VCO,saline,M,1h,0.0
17326,19,VCO,morphine,F,1h,26.5464277357077
17327,20,VCO,morphine,F,1h,49.16005136242167
17328,21,VCO,morphine,F,1h,0.0
17329,22,VCO,morphine,M,4h,1.9664020544968666
17330,23,VCO,morphine,M,4h,0.0
17331,24,VCO,saline,F,1h,0.0
17332,25,VCO,saline,F,4h,7.865608217987466
17333,26,VCO,saline,F,4h,2.9496030817453
17334,0,DCN,morphine,M,1h,4.8222052909236455
17335,1,DCN,morphine,M,4h,31.344334391003695
17336,2,DCN,saline,M,1h,69.92197671839286
17337,3,DCN,saline,M,4h,16.877718518232758
17338,4,DCN,morphine,F,4h,14.466615872770936
17339,5,DCN,saline,F,4h,2.4111026454618227
17340,6,DCN,morphine,M,1h,96.4441058184729
17341,7,DCN,morphine,M,4h,0.0
17342,8,DCN,saline,M,4h,0.0
17343,9,DCN,morphine,F,4h,0.0
17344,10,DCN,saline,F,1h,0.0
17345,11,DCN,saline,M,1h,0.0
17346,12,DCN,morphine,M,1h,19.288821163694582
17347,13,DCN,saline,M,4h,2.4111026454618227
17348,14,DCN,morphine,M,1h,4.8222052909236455
17349,15,DCN,morphine,F,4h,212.17703280064038
17350,16,DCN,saline,F,4h,16.877718518232758
17351,17,DCN,morphine,M,1h,28.93323174554187
17352,18,DCN,saline,M,1h,45.81095026377463
17353,19,DCN,morphine,F,1h,14.466615872770936
17354,20,DCN,morphine,F,1h,9.644410581847291
17355,21,DCN,morphine,F,1h,2.4111026454618227
17356,22,DCN,morphine,M,4h,216.99923809156402
17357,23,DCN,morphine,M,4h,2.4111026454618227
17358,24,DCN,saline,F,1h,0.0
17359,25,DCN,saline,F,4h,0.0
17360,26,DCN,saline,F,4h,9.644410581847291
17361,0,CU,morphine,M,1h,6.003770367790973
17362,1,CU,morphine,M,4h,39.024507390641325
17363,2,CU,saline,M,1h,87.05467033296911
17364,3,CU,saline,M,4h,18.01131110337292
17365,4,CU,morphine,F,4h,18.01131110337292
17366,5,CU,saline,F,4h,3.0018851838954865
17367,6,CU,morphine,M,1h,117.07352217192398
17368,7,CU,morphine,M,4h,0.0
17369,8,CU,saline,M,4h,0.0
17370,9,CU,morphine,F,4h,0.0
17371,10,CU,saline,F,1h,0.0
17372,11,CU,saline,M,1h,0.0
17373,12,CU,morphine,M,1h,24.015081471163892
17374,13,CU,saline,M,4h,3.0018851838954865
17375,14,CU,morphine,M,1h,6.003770367790973
17376,15,CU,morphine,F,4h,147.09237401087884
17377,16,CU,saline,F,4h,21.013196287268407
17378,17,CU,morphine,M,1h,21.013196287268407
17379,18,CU,saline,M,1h,57.035818494014244
17380,19,CU,morphine,F,1h,9.00565555168646
17381,20,CU,morphine,F,1h,12.007540735581946
17382,21,CU,morphine,F,1h,3.0018851838954865
17383,22,CU,morphine,M,4h,198.1244221371021
17384,23,CU,morphine,M,4h,3.0018851838954865
17385,24,CU,saline,F,1h,0.0
17386,25,CU,saline,F,4h,0.0
17387,26,CU,saline,F,4h,6.003770367790973
17388,0,GR,morphine,M,1h,0.0
17389,1,GR,morphine,M,4h,0.0
17390,2,GR,saline,M,1h,0.0
17391,3,GR,saline,M,4h,12.25129863765559
17392,4,GR,morphine,F,4h,0.0
17393,5,GR,saline,F,4h,0.0
17394,6,GR,morphine,M,1h,12.25129863765559
17395,7,GR,morphine,M,4h,0.0
17396,8,GR,saline,M,4h,0.0
17397,9,GR,morphine,F,4h,0.0
17398,10,GR,saline,F,1h,0.0
17399,11,GR,saline,M,1h,0.0
17400,12,GR,morphine,M,1h,0.0
17401,13,GR,saline,M,4h,0.0
17402,14,GR,morphine,M,1h,0.0
17403,15,GR,morphine,F,4h,477.80064686856804
17404,16,GR,saline,F,4h,0.0
17405,17,GR,morphine,M,1h,61.25649318827796
17406,18,GR,saline,M,1h,0.0
17407,19,GR,morphine,F,1h,36.753895912966776
17408,20,GR,morphine,F,1h,0.0
17409,21,GR,morphine,F,1h,0.0
17410,22,GR,morphine,M,4h,294.0311673037342
17411,23,GR,morphine,M,4h,0.0
17412,24,GR,saline,F,1h,0.0
17413,25,GR,saline,F,4h,0.0
17414,26,GR,saline,F,4h,24.50259727531118
17415,0,ECU,morphine,M,1h,0.0
17416,1,ECU,morphine,M,4h,4.884625153865692
17417,2,ECU,saline,M,1h,0.0
17418,3,ECU,saline,M,4h,4.884625153865692
17419,4,ECU,morphine,F,4h,4.884625153865692
17420,5,ECU,saline,F,4h,0.0
17421,6,ECU,morphine,M,1h,4.884625153865692
17422,7,ECU,morphine,M,4h,9.769250307731385
17423,8,ECU,saline,M,4h,0.0
17424,9,ECU,morphine,F,4h,0.0
17425,10,ECU,saline,F,1h,0.0
17426,11,ECU,saline,M,1h,0.0
17427,12,ECU,morphine,M,1h,0.0
17428,13,ECU,saline,M,4h,4.884625153865692
17429,14,ECU,morphine,M,1h,195.38500615462772
17430,15,ECU,morphine,F,4h,4.884625153865692
17431,16,ECU,saline,F,4h,14.653875461597078
17432,17,ECU,morphine,M,1h,0.0
17433,18,ECU,saline,M,1h,4.884625153865692
17434,19,ECU,morphine,F,1h,14.653875461597078
17435,20,ECU,morphine,F,1h,0.0
17436,21,ECU,morphine,F,1h,4.884625153865692
17437,22,ECU,morphine,M,4h,19.53850061546277
17438,23,ECU,morphine,M,4h,0.0
17439,24,ECU,saline,F,1h,0.0
17440,25,ECU,saline,F,4h,0.0
17441,26,ECU,saline,F,4h,4.884625153865692
17442,0,NTB,morphine,M,1h,0.0
17443,1,NTB,morphine,M,4h,0.0
17444,2,NTB,saline,M,1h,0.0
17445,3,NTB,saline,M,4h,0.0
17446,4,NTB,morphine,F,4h,58.269021598384015
17447,5,NTB,saline,F,4h,12.948671466307559
17448,6,NTB,morphine,M,1h,181.28140052830582
17449,7,NTB,morphine,M,4h,12.948671466307559
17450,8,NTB,saline,M,4h,0.0
17451,9,NTB,morphine,F,4h,0.0
17452,10,NTB,saline,F,1h,0.0
17453,11,NTB,saline,M,1h,0.0
17454,12,NTB,morphine,M,1h,19.42300719946134
17455,13,NTB,saline,M,4h,84.16636453099913
17456,14,NTB,morphine,M,1h,602.1132231833014
17457,15,NTB,morphine,F,4h,6.474335733153779
17458,16,NTB,saline,F,4h,19.42300719946134
17459,17,NTB,morphine,M,1h,32.3716786657689
17460,18,NTB,saline,M,1h,110.06370746361425
17461,19,NTB,morphine,F,1h,25.897342932615118
17462,20,NTB,morphine,F,1h,0.0
17463,21,NTB,morphine,F,1h,12.948671466307559
17464,22,NTB,morphine,M,4h,615.061894649609
17465,23,NTB,morphine,M,4h,161.85839332884447
17466,24,NTB,saline,F,1h,0.0
17467,25,NTB,saline,F,4h,32.3716786657689
17468,26,NTB,saline,F,4h,0.0
17469,0,NTS,morphine,M,1h,25.918089412696098
17470,1,NTS,morphine,M,4h,50.65808385208783
17471,2,NTS,saline,M,1h,168.46758118252464
17472,3,NTS,saline,M,4h,0.0
17473,4,NTS,morphine,F,4h,124.87806717026301
17474,5,NTS,saline,F,4h,1.178094973304368
17475,6,NTS,morphine,M,1h,172.00186610243773
17476,7,NTS,morphine,M,4h,3.534284919913104
17477,8,NTS,saline,M,4h,0.0
17478,9,NTS,morphine,F,4h,0.0
17479,10,NTS,saline,F,1h,0.0
17480,11,NTS,saline,M,1h,1.178094973304368
17481,12,NTS,morphine,M,1h,5.89047486652184
17482,13,NTS,saline,M,4h,0.0
17483,14,NTS,morphine,M,1h,18.849519572869887
17484,15,NTS,morphine,F,4h,53.014273798696564
17485,16,NTS,saline,F,4h,18.849519572869887
17486,17,NTS,morphine,M,1h,17.67142459956552
17487,18,NTS,saline,M,1h,7.068569839826208
17488,19,NTS,morphine,F,1h,76.57617326478392
17489,20,NTS,morphine,F,1h,4.712379893217472
17490,21,NTS,morphine,F,1h,7.068569839826208
17491,22,NTS,morphine,M,4h,686.8293694364465
17492,23,NTS,morphine,M,4h,15.315234652956784
17493,24,NTS,saline,F,1h,0.0
17494,25,NTS,saline,F,4h,7.068569839826208
17495,26,NTS,saline,F,4h,17.67142459956552
17496,0,SPVC,morphine,M,1h,38.074795556195426
17497,1,SPVC,morphine,M,4h,39.26463291732653
17498,2,SPVC,saline,M,1h,18.44247909753216
17499,3,SPVC,saline,M,4h,24.98658458375325
17500,4,SPVC,morphine,F,4h,16.062804375269945
17501,5,SPVC,saline,F,4h,0.0
17502,6,SPVC,morphine,M,1h,20.822153819794373
17503,7,SPVC,morphine,M,4h,0.0
17504,8,SPVC,saline,M,4h,0.5949186805655535
17505,9,SPVC,morphine,F,4h,0.0
17506,10,SPVC,saline,F,1h,0.0
17507,11,SPVC,saline,M,1h,3.569512083393321
17508,12,SPVC,morphine,M,1h,15.467885694704393
17509,13,SPVC,saline,M,4h,16.6577230558355
17510,14,SPVC,morphine,M,1h,379.5581182008232
17511,15,SPVC,morphine,F,4h,20.822153819794373
17512,16,SPVC,saline,F,4h,42.2392263201543
17513,17,SPVC,morphine,M,1h,85.66829000143971
17514,18,SPVC,saline,M,1h,4.759349444524428
17515,19,SPVC,morphine,F,1h,5.354268125089982
17516,20,SPVC,morphine,F,1h,0.0
17517,21,SPVC,morphine,F,1h,1.7847560416966606
17518,22,SPVC,morphine,M,4h,132.0719470855529
17519,23,SPVC,morphine,M,4h,223.09450521208257
17520,24,SPVC,saline,F,1h,0.0
17521,25,SPVC,saline,F,4h,75.5546724318253
17522,26,SPVC,saline,F,4h,4.759349444524428
17523,0,SPVI,morphine,M,1h,3.246075224547254
17524,1,SPVI,morphine,M,4h,7.574175523943593
17525,2,SPVI,saline,M,1h,38.4118901571425
17526,3,SPVI,saline,M,4h,0.0
17527,4,SPVI,morphine,F,4h,12.984300898189016
17528,5,SPVI,saline,F,4h,0.5410125374245424
17529,6,SPVI,morphine,M,1h,22.181514034406234
17530,7,SPVI,morphine,M,4h,2.1640501496981694
17531,8,SPVI,saline,M,4h,0.0
17532,9,SPVI,morphine,F,4h,0.0
17533,10,SPVI,saline,F,1h,0.0
17534,11,SPVI,saline,M,1h,1.0820250748490847
17535,12,SPVI,morphine,M,1h,0.0
17536,13,SPVI,saline,M,4h,4.328100299396339
17537,14,SPVI,morphine,M,1h,201.79767645935428
17538,15,SPVI,morphine,F,4h,3.246075224547254
17539,16,SPVI,saline,F,4h,34.08378985774617
17540,17,SPVI,morphine,M,1h,60.59340419154874
17541,18,SPVI,saline,M,1h,2.7050626871227115
17542,19,SPVI,morphine,F,1h,14.607338510462643
17543,20,SPVI,morphine,F,1h,1.0820250748490847
17544,21,SPVI,morphine,F,1h,0.0
17545,22,SPVI,morphine,M,4h,140.66325973038101
17546,23,SPVI,morphine,M,4h,1.0820250748490847
17547,24,SPVI,saline,F,1h,0.0
17548,25,SPVI,saline,F,4h,25.42758925895349
17549,26,SPVI,saline,F,4h,3.246075224547254
17550,0,SPVO,morphine,M,1h,0.0
17551,1,SPVO,morphine,M,4h,0.0
17552,2,SPVO,saline,M,1h,7.0255025743448725
17553,3,SPVO,saline,M,4h,0.0
17554,4,SPVO,morphine,F,4h,5.018216124532051
17555,5,SPVO,saline,F,4h,1.0036432249064102
17556,6,SPVO,morphine,M,1h,4.014572899625641
17557,7,SPVO,morphine,M,4h,2.0072864498128205
17558,8,SPVO,saline,M,4h,0.0
17559,9,SPVO,morphine,F,4h,0.0
17560,10,SPVO,saline,F,1h,0.0
17561,11,SPVO,saline,M,1h,0.0
17562,12,SPVO,morphine,M,1h,0.0
17563,13,SPVO,saline,M,4h,7.0255025743448725
17564,14,SPVO,morphine,M,1h,162.59020243483846
17565,15,SPVO,morphine,F,4h,39.142085771350004
17566,16,SPVO,saline,F,4h,30.10929674719231
17567,17,SPVO,morphine,M,1h,14.051005148689745
17568,18,SPVO,saline,M,1h,5.018216124532051
17569,19,SPVO,morphine,F,1h,24.087437397753845
17570,20,SPVO,morphine,F,1h,0.0
17571,21,SPVO,morphine,F,1h,1.0036432249064102
17572,22,SPVO,morphine,M,4h,3.0109296747192307
17573,23,SPVO,morphine,M,4h,1.0036432249064102
17574,24,SPVO,saline,F,1h,0.0
17575,25,SPVO,saline,F,4h,5.018216124532051
17576,26,SPVO,saline,F,4h,0.0
17577,0,Pa5,morphine,M,1h,0.0
17578,1,Pa5,morphine,M,4h,9.743359900227995
17579,2,Pa5,saline,M,1h,0.0
17580,3,Pa5,saline,M,4h,0.0
17581,4,Pa5,morphine,F,4h,0.0
17582,5,Pa5,saline,F,4h,0.0
17583,6,Pa5,morphine,M,1h,0.0
17584,7,Pa5,morphine,M,4h,0.0
17585,8,Pa5,saline,M,4h,0.0
17586,9,Pa5,morphine,F,4h,0.0
17587,10,Pa5,saline,F,1h,0.0
17588,11,Pa5,saline,M,1h,0.0
17589,12,Pa5,morphine,M,1h,0.0
17590,13,Pa5,saline,M,4h,9.743359900227995
17591,14,Pa5,morphine,M,1h,38.97343960091198
17592,15,Pa5,morphine,F,4h,0.0
17593,16,Pa5,saline,F,4h,0.0
17594,17,Pa5,morphine,M,1h,233.8406376054719
17595,18,Pa5,saline,M,1h,0.0
17596,19,Pa5,morphine,F,1h,0.0
17597,20,Pa5,morphine,F,1h,0.0
17598,21,Pa5,morphine,F,1h,0.0
17599,22,Pa5,morphine,M,4h,9.743359900227995
17600,23,Pa5,morphine,M,4h,0.0
17601,24,Pa5,saline,F,1h,0.0
17602,25,Pa5,saline,F,4h,0.0
17603,26,Pa5,saline,F,4h,0.0
17604,0,MY-mot,morphine,M,1h,8.290857459919136
17605,1,MY-mot,morphine,M,4h,1.944063128532763
17606,2,MY-mot,saline,M,1h,46.31444512092759
17607,3,MY-mot,saline,M,4h,0.9720315642663815
17608,4,MY-mot,morphine,F,4h,30.87629674728506
17609,5,MY-mot,saline,F,4h,13.151015281251043
17610,6,MY-mot,morphine,M,1h,79.76376659715307
17611,7,MY-mot,morphine,M,4h,13.551263572419554
17612,8,MY-mot,saline,M,4h,1.8297064739131887
17613,9,MY-mot,morphine,F,4h,0.6289616004076586
17614,10,MY-mot,saline,F,1h,0.05717832730978715
17615,11,MY-mot,saline,M,1h,0.80049658233702
17616,12,MY-mot,morphine,M,1h,16.86760655638721
17617,13,MY-mot,saline,M,4h,20.927267795382097
17618,14,MY-mot,morphine,M,1h,199.43800565653757
17619,15,MY-mot,morphine,F,4h,37.966409333698664
17620,16,MY-mot,saline,F,4h,79.13480499674542
17621,17,MY-mot,morphine,M,1h,30.476048456116548
17622,18,MY-mot,saline,M,1h,8.519570769158285
17623,19,MY-mot,morphine,F,1h,40.42507740801951
17624,20,MY-mot,morphine,F,1h,1.7153498192936145
17625,21,MY-mot,morphine,F,1h,8.919819060326795
17626,22,MY-mot,morphine,M,4h,280.57405210912555
17627,23,MY-mot,morphine,M,4h,38.824084243345474
17628,24,MY-mot,saline,F,1h,0.0
17629,25,MY-mot,saline,F,4h,38.59537093410633
17630,26,MY-mot,saline,F,4h,2.9160946927991445
17631,0,VI,morphine,M,1h,0.0
17632,1,VI,morphine,M,4h,0.0
17633,2,VI,saline,M,1h,0.0
17634,3,VI,saline,M,4h,0.0
17635,4,VI,morphine,F,4h,0.0
17636,5,VI,saline,F,4h,0.0
17637,6,VI,morphine,M,1h,0.0
17638,7,VI,morphine,M,4h,0.0
17639,8,VI,saline,M,4h,0.0
17640,9,VI,morphine,F,4h,0.0
17641,10,VI,saline,F,1h,0.0
17642,11,VI,saline,M,1h,0.0
17643,12,VI,morphine,M,1h,0.0
17644,13,VI,saline,M,4h,0.0
17645,14,VI,morphine,M,1h,0.0
17646,15,VI,morphine,F,4h,65.93696426216538
17647,16,VI,saline,F,4h,164.84241065541343
17648,17,VI,morphine,M,1h,0.0
17649,18,VI,saline,M,1h,0.0
17650,19,VI,morphine,F,1h,65.93696426216538
17651,20,VI,morphine,F,1h,0.0
17652,21,VI,morphine,F,1h,0.0
17653,22,VI,morphine,M,4h,3461.690623763682
17654,23,VI,morphine,M,4h,65.93696426216538
17655,24,VI,saline,F,1h,0.0
17656,25,VI,saline,F,4h,0.0
17657,26,VI,saline,F,4h,0.0
17658,0,VII,morphine,M,1h,0.0
17659,1,VII,morphine,M,4h,0.0
17660,2,VII,saline,M,1h,0.0
17661,3,VII,saline,M,4h,0.0
17662,4,VII,morphine,F,4h,16.359507818754103
17663,5,VII,saline,F,4h,33.809649492091815
17664,6,VII,morphine,M,1h,142.8730349504525
17665,7,VII,morphine,M,4h,5.453169272918035
17666,8,VII,saline,M,4h,0.0
17667,9,VII,morphine,F,4h,0.0
17668,10,VII,saline,F,1h,0.0
17669,11,VII,saline,M,1h,0.0
17670,12,VII,morphine,M,1h,19.631409382504923
17671,13,VII,saline,M,4h,93.79451149419019
17672,14,VII,morphine,M,1h,867.0539143939675
17673,15,VII,morphine,F,4h,23.99394480083935
17674,16,VII,saline,F,4h,210.49233393463612
17675,17,VII,morphine,M,1h,40.353452619593455
17676,18,VII,saline,M,1h,14.17824010958689
17677,19,VII,morphine,F,1h,8.725070836668856
17678,20,VII,morphine,F,1h,6.543803127501642
17679,21,VII,morphine,F,1h,29.447114073757387
17680,22,VII,morphine,M,4h,326.09952252049845
17681,23,VII,morphine,M,4h,6.543803127501642
17682,24,VII,saline,F,1h,0.0
17683,25,VII,saline,F,4h,56.71296043834756
17684,26,VII,saline,F,4h,0.0
17685,0,ACVII,morphine,M,1h,0.0
17686,1,ACVII,morphine,M,4h,0.0
17687,2,ACVII,saline,M,1h,0.0
17688,3,ACVII,saline,M,4h,0.0
17689,4,ACVII,morphine,F,4h,0.0
17690,5,ACVII,saline,F,4h,0.0
17691,6,ACVII,morphine,M,1h,355.3660270078181
17692,7,ACVII,morphine,M,4h,0.0
17693,8,ACVII,saline,M,4h,0.0
17694,9,ACVII,morphine,F,4h,0.0
17695,10,ACVII,saline,F,1h,0.0
17696,11,ACVII,saline,M,1h,0.0
17697,12,ACVII,morphine,M,1h,0.0
17698,13,ACVII,saline,M,4h,0.0
17699,14,ACVII,morphine,M,1h,355.3660270078181
17700,15,ACVII,morphine,F,4h,177.68301350390905
17701,16,ACVII,saline,F,4h,0.0
17702,17,ACVII,morphine,M,1h,0.0
17703,18,ACVII,saline,M,1h,0.0
17704,19,ACVII,morphine,F,1h,177.68301350390905
17705,20,ACVII,morphine,F,1h,0.0
17706,21,ACVII,morphine,F,1h,0.0
17707,22,ACVII,morphine,M,4h,0.0
17708,23,ACVII,morphine,M,4h,0.0
17709,24,ACVII,saline,F,1h,0.0
17710,25,ACVII,saline,F,4h,177.68301350390905
17711,26,ACVII,saline,F,4h,0.0
17712,0,AMB,morphine,M,1h,0.0
17713,1,AMB,morphine,M,4h,0.0
17714,2,AMB,saline,M,1h,0.0
17715,3,AMB,saline,M,4h,0.0
17716,4,AMB,morphine,F,4h,23.208317861121426
17717,5,AMB,saline,F,4h,0.0
17718,6,AMB,morphine,M,1h,533.7913108057928
17719,7,AMB,morphine,M,4h,46.41663572224285
17720,8,AMB,saline,M,4h,0.0
17721,9,AMB,morphine,F,4h,0.0
17722,10,AMB,saline,F,1h,0.0
17723,11,AMB,saline,M,1h,0.0
17724,12,AMB,morphine,M,1h,0.0
17725,13,AMB,saline,M,4h,0.0
17726,14,AMB,morphine,M,1h,92.8332714444857
17727,15,AMB,morphine,F,4h,0.0
17728,16,AMB,saline,F,4h,185.6665428889714
17729,17,AMB,morphine,M,1h,92.8332714444857
17730,18,AMB,saline,M,1h,0.0
17731,19,AMB,morphine,F,1h,0.0
17732,20,AMB,morphine,F,1h,0.0
17733,21,AMB,morphine,F,1h,0.0
17734,22,AMB,morphine,M,4h,464.16635722242853
17735,23,AMB,morphine,M,4h,0.0
17736,24,AMB,saline,F,1h,0.0
17737,25,AMB,saline,F,4h,116.04158930560713
17738,26,AMB,saline,F,4h,0.0
17739,0,AMBd,morphine,M,1h,0.0
17740,1,AMBd,morphine,M,4h,0.0
17741,2,AMBd,saline,M,1h,0.0
17742,3,AMBd,saline,M,4h,0.0
17743,4,AMBd,morphine,F,4h,47.15201810637496
17744,5,AMBd,saline,F,4h,0.0
17745,6,AMBd,morphine,M,1h,518.6721991701245
17746,7,AMBd,morphine,M,4h,0.0
17747,8,AMBd,saline,M,4h,0.0
17748,9,AMBd,morphine,F,4h,0.0
17749,10,AMBd,saline,F,1h,0.0
17750,11,AMBd,saline,M,1h,0.0
17751,12,AMBd,morphine,M,1h,0.0
17752,13,AMBd,saline,M,4h,0.0
17753,14,AMBd,morphine,M,1h,188.60807242549984
17754,15,AMBd,morphine,F,4h,0.0
17755,16,AMBd,saline,F,4h,94.30403621274992
17756,17,AMBd,morphine,M,1h,188.60807242549984
17757,18,AMBd,saline,M,1h,0.0
17758,19,AMBd,morphine,F,1h,0.0
17759,20,AMBd,morphine,F,1h,0.0
17760,21,AMBd,morphine,F,1h,0.0
17761,22,AMBd,morphine,M,4h,94.30403621274992
17762,23,AMBd,morphine,M,4h,0.0
17763,24,AMBd,saline,F,1h,0.0
17764,25,AMBd,saline,F,4h,94.30403621274992
17765,26,AMBd,saline,F,4h,0.0
17766,0,AMBv,morphine,M,1h,0.0
17767,1,AMBv,morphine,M,4h,0.0
17768,2,AMBv,saline,M,1h,0.0
17769,3,AMBv,saline,M,4h,0.0
17770,4,AMBv,morphine,F,4h,0.0
17771,5,AMBv,saline,F,4h,0.0
17772,6,AMBv,morphine,M,1h,548.4460694698355
17773,7,AMBv,morphine,M,4h,91.40767824497257
17774,8,AMBv,saline,M,4h,0.0
17775,9,AMBv,morphine,F,4h,0.0
17776,10,AMBv,saline,F,1h,0.0
17777,11,AMBv,saline,M,1h,0.0
17778,12,AMBv,morphine,M,1h,0.0
17779,13,AMBv,saline,M,4h,0.0
17780,14,AMBv,morphine,M,1h,0.0
17781,15,AMBv,morphine,F,4h,0.0
17782,16,AMBv,saline,F,4h,274.22303473491775
17783,17,AMBv,morphine,M,1h,0.0
17784,18,AMBv,saline,M,1h,0.0
17785,19,AMBv,morphine,F,1h,0.0
17786,20,AMBv,morphine,F,1h,0.0
17787,21,AMBv,morphine,F,1h,0.0
17788,22,AMBv,morphine,M,4h,822.6691042047532
17789,23,AMBv,morphine,M,4h,0.0
17790,24,AMBv,saline,F,1h,0.0
17791,25,AMBv,saline,F,4h,137.11151736745887
17792,26,AMBv,saline,F,4h,0.0
17793,0,DMX,morphine,M,1h,97.59233957541592
17794,1,DMX,morphine,M,4h,132.03669471968036
17795,2,DMX,saline,M,1h,160.7403240065674
17796,3,DMX,saline,M,4h,0.0
17797,4,DMX,morphine,F,4h,315.73992215575737
17798,5,DMX,saline,F,4h,17.22217757213222
17799,6,DMX,morphine,M,1h,160.7403240065674
17800,7,DMX,morphine,M,4h,74.6294361459063
17801,8,DMX,saline,M,4h,0.0
17802,9,DMX,morphine,F,4h,0.0
17803,10,DMX,saline,F,1h,0.0
17804,11,DMX,saline,M,1h,5.740725857377408
17805,12,DMX,morphine,M,1h,5.740725857377408
17806,13,DMX,saline,M,4h,0.0
17807,14,DMX,morphine,M,1h,11.481451714754815
17808,15,DMX,morphine,F,4h,40.18508100164185
17809,16,DMX,saline,F,4h,0.0
17810,17,DMX,morphine,M,1h,45.92580685901926
17811,18,DMX,saline,M,1h,51.66653271639667
17812,19,DMX,morphine,F,1h,11.481451714754815
17813,20,DMX,morphine,F,1h,0.0
17814,21,DMX,morphine,F,1h,0.0
17815,22,DMX,morphine,M,4h,2973.695994121497
17816,23,DMX,morphine,M,4h,137.77742057705777
17817,24,DMX,saline,F,1h,0.0
17818,25,DMX,saline,F,4h,5.740725857377408
17819,26,DMX,saline,F,4h,28.703629286887036
17820,0,GRN,morphine,M,1h,0.0
17821,1,GRN,morphine,M,4h,0.0
17822,2,GRN,saline,M,1h,2.2867997533305333
17823,3,GRN,saline,M,4h,0.0
17824,4,GRN,morphine,F,4h,11.433998766652667
17825,5,GRN,saline,F,4h,19.05666461108778
17826,6,GRN,morphine,M,1h,92.99652330210836
17827,7,GRN,morphine,M,4h,4.954732798882822
17828,8,GRN,saline,M,4h,0.0
17829,9,GRN,morphine,F,4h,0.0
17830,10,GRN,saline,F,1h,0.38113329222175557
17831,11,GRN,saline,M,1h,0.0
17832,12,GRN,morphine,M,1h,15.245331688870221
17833,13,GRN,saline,M,4h,12.577398643317933
17834,14,GRN,morphine,M,1h,73.93985869102058
17835,15,GRN,morphine,F,4h,25.917063871079378
17836,16,GRN,saline,F,4h,28.584996916631667
17837,17,GRN,morphine,M,1h,6.098132675548089
17838,18,GRN,saline,M,1h,18.67553131886602
17839,19,GRN,morphine,F,1h,36.58879605328853
17840,20,GRN,morphine,F,1h,0.38113329222175557
17841,21,GRN,morphine,F,1h,2.2867997533305333
17842,22,GRN,morphine,M,4h,137.207985199832
17843,23,GRN,morphine,M,4h,14.101931812204956
17844,24,GRN,saline,F,1h,0.0
17845,25,GRN,saline,F,4h,45.35486177438891
17846,26,GRN,saline,F,4h,0.7622665844435111
17847,0,ICB,morphine,M,1h,18.702775491882996
17848,1,ICB,morphine,M,4h,0.0
17849,2,ICB,saline,M,1h,336.64995885389396
17850,3,ICB,saline,M,4h,0.0
17851,4,ICB,morphine,F,4h,18.702775491882996
17852,5,ICB,saline,F,4h,18.702775491882996
17853,6,ICB,morphine,M,1h,130.91942844318098
17854,7,ICB,morphine,M,4h,0.0
17855,8,ICB,saline,M,4h,0.0
17856,9,ICB,morphine,F,4h,0.0
17857,10,ICB,saline,F,1h,0.0
17858,11,ICB,saline,M,1h,0.0
17859,12,ICB,morphine,M,1h,0.0
17860,13,ICB,saline,M,4h,0.0
17861,14,ICB,morphine,M,1h,0.0
17862,15,ICB,morphine,F,4h,37.40555098376599
17863,16,ICB,saline,F,4h,0.0
17864,17,ICB,morphine,M,1h,205.73053041071296
17865,18,ICB,saline,M,1h,0.0
17866,19,ICB,morphine,F,1h,56.108326475648994
17867,20,ICB,morphine,F,1h,0.0
17868,21,ICB,morphine,F,1h,0.0
17869,22,ICB,morphine,M,4h,0.0
17870,23,ICB,morphine,M,4h,0.0
17871,24,ICB,saline,F,1h,0.0
17872,25,ICB,saline,F,4h,18.702775491882996
17873,26,ICB,saline,F,4h,0.0
17874,0,IO,morphine,M,1h,5.862145779841254
17875,1,IO,morphine,M,4h,0.0
17876,2,IO,saline,M,1h,0.0
17877,3,IO,saline,M,4h,0.0
17878,4,IO,morphine,F,4h,0.0
17879,5,IO,saline,F,4h,3.908097186560836
17880,6,IO,morphine,M,1h,0.0
17881,7,IO,morphine,M,4h,15.632388746243343
17882,8,IO,saline,M,4h,0.0
17883,9,IO,morphine,F,4h,0.0
17884,10,IO,saline,F,1h,0.0
17885,11,IO,saline,M,1h,0.0
17886,12,IO,morphine,M,1h,7.816194373121672
17887,13,IO,saline,M,4h,13.678340152962926
17888,14,IO,morphine,M,1h,0.0
17889,15,IO,morphine,F,4h,5.862145779841254
17890,16,IO,saline,F,4h,320.46396929798857
17891,17,IO,morphine,M,1h,0.0
17892,18,IO,saline,M,1h,0.0
17893,19,IO,morphine,F,1h,19.54048593280418
17894,20,IO,morphine,F,1h,3.908097186560836
17895,21,IO,morphine,F,1h,0.0
17896,22,IO,morphine,M,4h,78.16194373121672
17897,23,IO,morphine,M,4h,1.954048593280418
17898,24,IO,saline,F,1h,0.0
17899,25,IO,saline,F,4h,41.03502045888877
17900,26,IO,saline,F,4h,0.0
17901,0,IRN,morphine,M,1h,3.2403496985394664
17902,1,IRN,morphine,M,4h,0.0
17903,2,IRN,saline,M,1h,20.882253612809894
17904,3,IRN,saline,M,4h,0.0
17905,4,IRN,morphine,F,4h,25.202719877529184
17906,5,IRN,saline,F,4h,9.361010240225125
17907,6,IRN,morphine,M,1h,104.77130691944275
17908,7,IRN,morphine,M,4h,5.760621686292385
17909,8,IRN,saline,M,4h,0.0
17910,9,IRN,morphine,F,4h,0.0
17911,10,IRN,saline,F,1h,0.0
17912,11,IRN,saline,M,1h,0.0
17913,12,IRN,morphine,M,1h,5.0405439755058365
17914,13,IRN,saline,M,4h,3.2403496985394664
17915,14,IRN,morphine,M,1h,124.57344396607283
17916,15,IRN,morphine,F,4h,21.96237017898972
17917,16,IRN,saline,F,4h,74.52804306640773
17918,17,IRN,morphine,M,1h,22.682447889776267
17919,18,IRN,saline,M,1h,12.241321083371318
17920,19,IRN,morphine,F,1h,38.16411867168705
17921,20,IRN,morphine,F,1h,0.36003885539327407
17922,21,IRN,morphine,F,1h,2.1602331323596444
17923,22,IRN,morphine,M,4h,117.01262800281407
17924,23,IRN,morphine,M,4h,25.562758732922457
17925,24,IRN,saline,F,1h,0.0
17926,25,IRN,saline,F,4h,52.56567288741801
17927,26,IRN,saline,F,4h,1.4401554215730963
17928,0,ISN,morphine,M,1h,0.0
17929,1,ISN,morphine,M,4h,0.0
17930,2,ISN,saline,M,1h,138.42746400885937
17931,3,ISN,saline,M,4h,0.0
17932,4,ISN,morphine,F,4h,0.0
17933,5,ISN,saline,F,4h,0.0
17934,6,ISN,morphine,M,1h,0.0
17935,7,ISN,morphine,M,4h,0.0
17936,8,ISN,saline,M,4h,0.0
17937,9,ISN,morphine,F,4h,0.0
17938,10,ISN,saline,F,1h,0.0
17939,11,ISN,saline,M,1h,0.0
17940,12,ISN,morphine,M,1h,0.0
17941,13,ISN,saline,M,4h,0.0
17942,14,ISN,morphine,M,1h,0.0
17943,15,ISN,morphine,F,4h,0.0
17944,16,ISN,saline,F,4h,0.0
17945,17,ISN,morphine,M,1h,0.0
17946,18,ISN,saline,M,1h,0.0
17947,19,ISN,morphine,F,1h,276.85492801771875
17948,20,ISN,morphine,F,1h,0.0
17949,21,ISN,morphine,F,1h,0.0
17950,22,ISN,morphine,M,4h,0.0
17951,23,ISN,morphine,M,4h,0.0
17952,24,ISN,saline,F,1h,0.0
17953,25,ISN,saline,F,4h,0.0
17954,26,ISN,saline,F,4h,0.0
17955,0,LIN,morphine,M,1h,0.0
17956,1,LIN,morphine,M,4h,0.0
17957,2,LIN,saline,M,1h,0.0
17958,3,LIN,saline,M,4h,0.0
17959,4,LIN,morphine,F,4h,65.25711302531977
17960,5,LIN,saline,F,4h,0.0
17961,6,LIN,morphine,M,1h,81.57139128164971
17962,7,LIN,morphine,M,4h,0.0
17963,8,LIN,saline,M,4h,0.0
17964,9,LIN,morphine,F,4h,0.0
17965,10,LIN,saline,F,1h,0.0
17966,11,LIN,saline,M,1h,0.0
17967,12,LIN,morphine,M,1h,0.0
17968,13,LIN,saline,M,4h,0.0
17969,14,LIN,morphine,M,1h,293.65700861393896
17970,15,LIN,morphine,F,4h,0.0
17971,16,LIN,saline,F,4h,48.942834768989826
17972,17,LIN,morphine,M,1h,81.57139128164971
17973,18,LIN,saline,M,1h,16.314278256329942
17974,19,LIN,morphine,F,1h,32.628556512659884
17975,20,LIN,morphine,F,1h,0.0
17976,21,LIN,morphine,F,1h,0.0
17977,22,LIN,morphine,M,4h,32.628556512659884
17978,23,LIN,morphine,M,4h,0.0
17979,24,LIN,saline,F,1h,0.0
17980,25,LIN,saline,F,4h,65.25711302531977
17981,26,LIN,saline,F,4h,0.0
17982,0,LRN,morphine,M,1h,3.510410121214462
17983,1,LRN,morphine,M,4h,0.0
17984,2,LRN,saline,M,1h,0.0
17985,3,LRN,saline,M,4h,0.0
17986,4,LRN,morphine,F,4h,7.020820242428924
17987,5,LRN,saline,F,4h,7.020820242428924
17988,6,LRN,morphine,M,1h,10.531230363643385
17989,7,LRN,morphine,M,4h,17.55205060607231
17990,8,LRN,saline,M,4h,0.0
17991,9,LRN,morphine,F,4h,0.0
17992,10,LRN,saline,F,1h,0.0
17993,11,LRN,saline,M,1h,0.0
17994,12,LRN,morphine,M,1h,19.307255666679538
17995,13,LRN,saline,M,4h,26.328075909108463
17996,14,LRN,morphine,M,1h,122.86435424250617
17997,15,LRN,morphine,F,4h,1.755205060607231
17998,16,LRN,saline,F,4h,100.04668845461215
17999,17,LRN,morphine,M,1h,3.510410121214462
18000,18,LRN,saline,M,1h,7.020820242428924
18001,19,LRN,morphine,F,1h,36.85930627275185
18002,20,LRN,morphine,F,1h,1.755205060607231
18003,21,LRN,morphine,F,1h,0.0
18004,22,LRN,morphine,M,4h,194.82776172740262
18005,23,LRN,morphine,M,4h,26.328075909108463
18006,24,LRN,saline,F,1h,0.0
18007,25,LRN,saline,F,4h,138.66119978797124
18008,26,LRN,saline,F,4h,7.020820242428924
18009,0,LRNm,morphine,M,1h,3.8997149308385564
18010,1,LRNm,morphine,M,4h,0.0
18011,2,LRNm,saline,M,1h,0.0
18012,3,LRNm,saline,M,4h,0.0
18013,4,LRNm,morphine,F,4h,7.799429861677113
18014,5,LRNm,saline,F,4h,7.799429861677113
18015,6,LRNm,morphine,M,1h,11.69914479251567
18016,7,LRNm,morphine,M,4h,19.498574654192783
18017,8,LRNm,saline,M,4h,0.0
18018,9,LRNm,morphine,F,4h,0.0
18019,10,LRNm,saline,F,1h,0.0
18020,11,LRNm,saline,M,1h,0.0
18021,12,LRNm,morphine,M,1h,21.44843211961206
18022,13,LRNm,saline,M,4h,15.598859723354225
18023,14,LRNm,morphine,M,1h,60.445581427997624
18024,15,LRNm,morphine,F,4h,1.9498574654192782
18025,16,LRNm,saline,F,4h,109.19201806347958
18026,17,LRNm,morphine,M,1h,3.8997149308385564
18027,18,LRNm,saline,M,1h,5.849572396257835
18028,19,LRNm,morphine,F,1h,38.997149308385566
18029,20,LRNm,morphine,F,1h,1.9498574654192782
18030,21,LRNm,morphine,F,1h,0.0
18031,22,LRNm,morphine,M,4h,175.48717188773503
18032,23,LRNm,morphine,M,4h,29.247861981289173
18033,24,LRNm,saline,F,1h,0.0
18034,25,LRNm,saline,F,4h,152.0888823027037
18035,26,LRNm,saline,F,4h,7.799429861677113
18036,0,LRNp,morphine,M,1h,0.0
18037,1,LRNp,morphine,M,4h,0.0
18038,2,LRNp,saline,M,1h,0.0
18039,3,LRNp,saline,M,4h,0.0
18040,4,LRNp,morphine,F,4h,0.0
18041,5,LRNp,saline,F,4h,0.0
18042,6,LRNp,morphine,M,1h,0.0
18043,7,LRNp,morphine,M,4h,0.0
18044,8,LRNp,saline,M,4h,0.0
18045,9,LRNp,morphine,F,4h,0.0
18046,10,LRNp,saline,F,1h,0.0
18047,11,LRNp,saline,M,1h,0.0
18048,12,LRNp,morphine,M,1h,0.0
18049,13,LRNp,saline,M,4h,123.0747591251143
18050,14,LRNp,morphine,M,1h,685.702229411351
18051,15,LRNp,morphine,F,4h,0.0
18052,16,LRNp,saline,F,4h,17.5821084464449
18053,17,LRNp,morphine,M,1h,0.0
18054,18,LRNp,saline,M,1h,17.5821084464449
18055,19,LRNp,morphine,F,1h,17.5821084464449
18056,20,LRNp,morphine,F,1h,0.0
18057,21,LRNp,morphine,F,1h,0.0
18058,22,LRNp,morphine,M,4h,369.22427737534287
18059,23,LRNp,morphine,M,4h,0.0
18060,24,LRNp,saline,F,1h,0.0
18061,25,LRNp,saline,F,4h,17.5821084464449
18062,26,LRNp,saline,F,4h,0.0
18063,0,MARN,morphine,M,1h,0.0
18064,1,MARN,morphine,M,4h,0.0
18065,2,MARN,saline,M,1h,0.0
18066,3,MARN,saline,M,4h,0.0
18067,4,MARN,morphine,F,4h,15.00003750009375
18068,5,MARN,saline,F,4h,37.50009375023437
18069,6,MARN,morphine,M,1h,48.750121875304686
18070,7,MARN,morphine,M,4h,9.375023437558593
18071,8,MARN,saline,M,4h,0.0
18072,9,MARN,morphine,F,4h,0.0
18073,10,MARN,saline,F,1h,0.0
18074,11,MARN,saline,M,1h,0.0
18075,12,MARN,morphine,M,1h,16.87504218760547
18076,13,MARN,saline,M,4h,39.37509843774609
18077,14,MARN,morphine,M,1h,24.375060937652343
18078,15,MARN,morphine,F,4h,54.37513593783984
18079,16,MARN,saline,F,4h,73.12518281295704
18080,17,MARN,morphine,M,1h,45.00011250028125
18081,18,MARN,saline,M,1h,11.250028125070312
18082,19,MARN,morphine,F,1h,60.000150000375
18083,20,MARN,morphine,F,1h,0.0
18084,21,MARN,morphine,F,1h,0.0
18085,22,MARN,morphine,M,4h,905.6272640681601
18086,23,MARN,morphine,M,4h,120.00030000075
18087,24,MARN,saline,F,1h,0.0
18088,25,MARN,saline,F,4h,11.250028125070312
18089,26,MARN,saline,F,4h,0.0
18090,0,MDRN,morphine,M,1h,9.821764440694714
18091,1,MDRN,morphine,M,4h,0.0
18092,2,MDRN,saline,M,1h,8.839587996625243
18093,3,MDRN,saline,M,4h,0.0
18094,4,MDRN,morphine,F,4h,42.724675317022005
18095,5,MDRN,saline,F,4h,10.803940884764184
18096,6,MDRN,morphine,M,1h,66.29690997468931
18097,7,MDRN,morphine,M,4h,2.4554411101736786
18098,8,MDRN,saline,M,4h,0.4910882220347357
18099,9,MDRN,morphine,F,4h,0.0
18100,10,MDRN,saline,F,1h,0.0
18101,11,MDRN,saline,M,1h,0.0
18102,12,MDRN,morphine,M,1h,14.732646661042072
18103,13,MDRN,saline,M,4h,1.9643528881389427
18104,14,MDRN,morphine,M,1h,64.82364530858511
18105,15,MDRN,morphine,F,4h,13.7504702169726
18106,16,MDRN,saline,F,4h,68.26126286282826
18107,17,MDRN,morphine,M,1h,6.8752351084863
18108,18,MDRN,saline,M,1h,1.473264666104207
18109,19,MDRN,morphine,F,1h,11.786117328833656
18110,20,MDRN,morphine,F,1h,0.9821764440694714
18111,21,MDRN,morphine,F,1h,0.0
18112,22,MDRN,morphine,M,4h,204.29270036645005
18113,23,MDRN,morphine,M,4h,63.35038064248091
18114,24,MDRN,saline,F,1h,0.0
18115,25,MDRN,saline,F,4h,47.635557537369365
18116,26,MDRN,saline,F,4h,3.43761755424315
18117,0,MDRNd,morphine,M,1h,11.7629600674651
18118,1,MDRNd,morphine,M,4h,0.0
18119,2,MDRNd,saline,M,1h,9.048430821126999
18120,3,MDRNd,saline,M,4h,0.0
18121,4,MDRNd,morphine,F,4h,73.2922896511287
18122,5,MDRNd,saline,F,4h,2.7145292463381
18123,6,MDRNd,morphine,M,1h,112.2005421819748
18124,7,MDRNd,morphine,M,4h,3.6193723284508
18125,8,MDRNd,saline,M,4h,0.9048430821127
18126,9,MDRNd,morphine,F,4h,0.0
18127,10,MDRNd,saline,F,1h,0.0
18128,11,MDRNd,saline,M,1h,0.0
18129,12,MDRNd,morphine,M,1h,25.3356062991556
18130,13,MDRNd,saline,M,4h,3.6193723284508
18131,14,MDRNd,morphine,M,1h,119.4392868388764
18132,15,MDRNd,morphine,F,4h,15.382332395915899
18133,16,MDRNd,saline,F,4h,104.0569544429605
18134,17,MDRNd,morphine,M,1h,10.8581169853524
18135,18,MDRNd,saline,M,1h,0.9048430821127
18136,19,MDRNd,morphine,F,1h,3.6193723284508
18137,20,MDRNd,morphine,F,1h,1.8096861642254
18138,21,MDRNd,morphine,F,1h,0.0
18139,22,MDRNd,morphine,M,4h,296.7885309329656
18140,23,MDRNd,morphine,M,4h,64.2438588300017
18141,24,MDRNd,saline,F,1h,0.0
18142,25,MDRNd,saline,F,4h,40.7179386950715
18143,26,MDRNd,saline,F,4h,5.4290584926762
18144,0,MDRNv,morphine,M,1h,7.517747253337343
18145,1,MDRNv,morphine,M,4h,0.0
18146,2,MDRNv,saline,M,1h,8.59171114667125
18147,3,MDRNv,saline,M,4h,0.0
18148,4,MDRNv,morphine,F,4h,6.443783360003437
18149,5,MDRNv,saline,F,4h,20.405313973344217
18150,6,MDRNv,morphine,M,1h,11.813602826672968
18151,7,MDRNv,morphine,M,4h,1.0739638933339062
18152,8,MDRNv,saline,M,4h,0.0
18153,9,MDRNv,morphine,F,4h,0.0
18154,10,MDRNv,saline,F,1h,0.0
18155,11,MDRNv,saline,M,1h,0.0
18156,12,MDRNv,morphine,M,1h,2.1479277866678124
18157,13,MDRNv,saline,M,4h,0.0
18158,14,MDRNv,morphine,M,1h,0.0
18159,15,MDRNv,morphine,F,4h,11.813602826672968
18160,16,MDRNv,saline,F,4h,25.775133440013747
18161,17,MDRNv,morphine,M,1h,2.1479277866678124
18162,18,MDRNv,saline,M,1h,2.1479277866678124
18163,19,MDRNv,morphine,F,1h,21.47927786667812
18164,20,MDRNv,morphine,F,1h,0.0
18165,21,MDRNv,morphine,F,1h,0.0
18166,22,MDRNv,morphine,M,4h,94.50882261338374
18167,23,MDRNv,morphine,M,4h,62.28990581336655
18168,24,MDRNv,saline,F,1h,0.0
18169,25,MDRNv,saline,F,4h,55.846122453363115
18170,26,MDRNv,saline,F,4h,1.0739638933339062
18171,0,PARN,morphine,M,1h,1.7932282322266424
18172,1,PARN,morphine,M,4h,0.0
18173,2,PARN,saline,M,1h,10.759369393359854
18174,3,PARN,saline,M,4h,0.0
18175,4,PARN,morphine,F,4h,21.07043172866305
18176,5,PARN,saline,F,4h,0.0
18177,6,PARN,morphine,M,1h,40.795942283156116
18178,7,PARN,morphine,M,4h,2.241535290283303
18179,8,PARN,saline,M,4h,0.0
18180,9,PARN,morphine,F,4h,0.0
18181,10,PARN,saline,F,1h,0.0
18182,11,PARN,saline,M,1h,0.4483070580566606
18183,12,PARN,morphine,M,1h,0.0
18184,13,PARN,saline,M,4h,4.483070580566606
18185,14,PARN,morphine,M,1h,234.4645913636335
18186,15,PARN,morphine,F,4h,25.105195251172994
18187,16,PARN,saline,F,4h,54.245154024855935
18188,17,PARN,morphine,M,1h,48.865469328176005
18189,18,PARN,saline,M,1h,5.379684696679927
18190,19,PARN,morphine,F,1h,24.208581135059674
18191,20,PARN,morphine,F,1h,0.0
18192,21,PARN,morphine,F,1h,1.3449211741699818
18193,22,PARN,morphine,M,4h,42.1408634573261
18194,23,PARN,morphine,M,4h,14.7941329158698
18195,24,PARN,saline,F,1h,0.0
18196,25,PARN,saline,F,4h,26.001809367286317
18197,26,PARN,saline,F,4h,1.3449211741699818
18198,0,PAS,morphine,M,1h,0.0
18199,1,PAS,morphine,M,4h,35.832019492618606
18200,2,PAS,saline,M,1h,214.99211695571162
18201,3,PAS,saline,M,4h,0.0
18202,4,PAS,morphine,F,4h,358.32019492618605
18203,5,PAS,saline,F,4h,0.0
18204,6,PAS,morphine,M,1h,107.49605847785581
18205,7,PAS,morphine,M,4h,0.0
18206,8,PAS,saline,M,4h,0.0
18207,9,PAS,morphine,F,4h,0.0
18208,10,PAS,saline,F,1h,0.0
18209,11,PAS,saline,M,1h,0.0
18210,12,PAS,morphine,M,1h,0.0
18211,13,PAS,saline,M,4h,0.0
18212,14,PAS,morphine,M,1h,0.0
18213,15,PAS,morphine,F,4h,35.832019492618606
18214,16,PAS,saline,F,4h,0.0
18215,17,PAS,morphine,M,1h,0.0
18216,18,PAS,saline,M,1h,0.0
18217,19,PAS,morphine,F,1h,0.0
18218,20,PAS,morphine,F,1h,0.0
18219,21,PAS,morphine,F,1h,0.0
18220,22,PAS,morphine,M,4h,179.16009746309302
18221,23,PAS,morphine,M,4h,0.0
18222,24,PAS,saline,F,1h,0.0
18223,25,PAS,saline,F,4h,0.0
18224,26,PAS,saline,F,4h,143.32807797047442
18225,0,PGRN,morphine,M,1h,0.0
18226,1,PGRN,morphine,M,4h,0.0
18227,2,PGRN,saline,M,1h,6.335783873740499
18228,3,PGRN,saline,M,4h,0.0
18229,4,PGRN,morphine,F,4h,34.84681130557274
18230,5,PGRN,saline,F,4h,17.95138764226475
18231,6,PGRN,morphine,M,1h,171.06616459099348
18232,7,PGRN,morphine,M,4h,40.12663120035649
18233,8,PGRN,saline,M,4h,1.0559639789567499
18234,9,PGRN,morphine,F,4h,0.0
18235,10,PGRN,saline,F,1h,0.0
18236,11,PGRN,saline,M,1h,1.0559639789567499
18237,12,PGRN,morphine,M,1h,25.343135494961995
18238,13,PGRN,saline,M,4h,22.175243558091747
18239,14,PGRN,morphine,M,1h,28.511027431832247
18240,15,PGRN,morphine,F,4h,11.615603768524249
18241,16,PGRN,saline,F,4h,140.44320920124773
18242,17,PGRN,morphine,M,1h,32.73488334765924
18243,18,PGRN,saline,M,1h,4.2238559158269995
18244,19,PGRN,morphine,F,1h,16.895423663307998
18245,20,PGRN,morphine,F,1h,1.0559639789567499
18246,21,PGRN,morphine,F,1h,2.1119279579134997
18247,22,PGRN,morphine,M,4h,638.8582072688337
18248,23,PGRN,morphine,M,4h,49.63030701096724
18249,24,PGRN,saline,F,1h,0.0
18250,25,PGRN,saline,F,4h,58.07801884262124
18251,26,PGRN,saline,F,4h,1.0559639789567499
18252,0,PGRNd,morphine,M,1h,0.0
18253,1,PGRNd,morphine,M,4h,0.0
18254,2,PGRNd,saline,M,1h,25.07229177461681
18255,3,PGRNd,saline,M,4h,0.0
18256,4,PGRNd,morphine,F,4h,4.178715295769469
18257,5,PGRNd,saline,F,4h,8.357430591538938
18258,6,PGRNd,morphine,M,1h,37.608437661925215
18259,7,PGRNd,morphine,M,4h,16.714861183077875
18260,8,PGRNd,saline,M,4h,0.0
18261,9,PGRNd,morphine,F,4h,0.0
18262,10,PGRNd,saline,F,1h,0.0
18263,11,PGRNd,saline,M,1h,4.178715295769469
18264,12,PGRNd,morphine,M,1h,0.0
18265,13,PGRNd,saline,M,4h,0.0
18266,14,PGRNd,morphine,M,1h,0.0
18267,15,PGRNd,morphine,F,4h,4.178715295769469
18268,16,PGRNd,saline,F,4h,0.0
18269,17,PGRNd,morphine,M,1h,0.0
18270,18,PGRNd,saline,M,1h,0.0
18271,19,PGRNd,morphine,F,1h,25.07229177461681
18272,20,PGRNd,morphine,F,1h,4.178715295769469
18273,21,PGRNd,morphine,F,1h,0.0
18274,22,PGRNd,morphine,M,4h,480.5522590134889
18275,23,PGRNd,morphine,M,4h,33.42972236615575
18276,24,PGRNd,saline,F,1h,0.0
18277,25,PGRNd,saline,F,4h,37.608437661925215
18278,26,PGRNd,saline,F,4h,0.0
18279,0,PGRNl,morphine,M,1h,0.0
18280,1,PGRNl,morphine,M,4h,0.0
18281,2,PGRNl,saline,M,1h,0.0
18282,3,PGRNl,saline,M,4h,0.0
18283,4,PGRNl,morphine,F,4h,45.217283176061976
18284,5,PGRNl,saline,F,4h,21.19560148877905
18285,6,PGRNl,morphine,M,1h,216.19513518554632
18286,7,PGRNl,morphine,M,4h,48.04336337456585
18287,8,PGRNl,saline,M,4h,1.4130400992519367
18288,9,PGRNl,morphine,F,4h,0.0
18289,10,PGRNl,saline,F,1h,0.0
18290,11,PGRNl,saline,M,1h,0.0
18291,12,PGRNl,morphine,M,1h,33.91296238204648
18292,13,PGRNl,saline,M,4h,29.67384208429067
18293,14,PGRNl,morphine,M,1h,38.15208267980229
18294,15,PGRNl,morphine,F,4h,14.130400992519368
18295,16,PGRNl,saline,F,4h,187.93433320050758
18296,17,PGRNl,morphine,M,1h,43.80424307681004
18297,18,PGRNl,saline,M,1h,5.652160397007747
18298,19,PGRNl,morphine,F,1h,14.130400992519368
18299,20,PGRNl,morphine,F,1h,0.0
18300,21,PGRNl,morphine,F,1h,2.8260801985038735
18301,22,PGRNl,morphine,M,4h,692.3896486334489
18302,23,PGRNl,morphine,M,4h,55.108563870825535
18303,24,PGRNl,saline,F,1h,0.0
18304,25,PGRNl,saline,F,4h,64.99984456558909
18305,26,PGRNl,saline,F,4h,1.4130400992519367
18306,0,PHY,morphine,M,1h,14.59694194066343
18307,1,PHY,morphine,M,4h,0.0
18308,2,PHY,saline,M,1h,124.07400649563917
18309,3,PHY,saline,M,4h,3.6492354851658577
18310,4,PHY,morphine,F,4h,7.298470970331715
18311,5,PHY,saline,F,4h,7.298470970331715
18312,6,PHY,morphine,M,1h,29.19388388132686
18313,7,PHY,morphine,M,4h,21.895412910995148
18314,8,PHY,saline,M,4h,0.0
18315,9,PHY,morphine,F,4h,0.0
18316,10,PHY,saline,F,1h,0.0
18317,11,PHY,saline,M,1h,3.6492354851658577
18318,12,PHY,morphine,M,1h,0.0
18319,13,PHY,saline,M,4h,3.6492354851658577
18320,14,PHY,morphine,M,1h,29.19388388132686
18321,15,PHY,morphine,F,4h,0.0
18322,16,PHY,saline,F,4h,0.0
18323,17,PHY,morphine,M,1h,3.6492354851658577
18324,18,PHY,saline,M,1h,10.947706455497574
18325,19,PHY,morphine,F,1h,29.19388388132686
18326,20,PHY,morphine,F,1h,7.298470970331715
18327,21,PHY,morphine,F,1h,0.0
18328,22,PHY,morphine,M,4h,324.7819581797613
18329,23,PHY,morphine,M,4h,211.65565813961976
18330,24,PHY,saline,F,1h,0.0
18331,25,PHY,saline,F,4h,7.298470970331715
18332,26,PHY,saline,F,4h,10.947706455497574
18333,0,NR,morphine,M,1h,0.0
18334,1,NR,morphine,M,4h,0.0
18335,2,NR,saline,M,1h,0.0
18336,3,NR,saline,M,4h,0.0
18337,4,NR,morphine,F,4h,66.68444918644973
18338,5,NR,saline,F,4h,0.0
18339,6,NR,morphine,M,1h,33.34222459322486
18340,7,NR,morphine,M,4h,0.0
18341,8,NR,saline,M,4h,0.0
18342,9,NR,morphine,F,4h,0.0
18343,10,NR,saline,F,1h,0.0
18344,11,NR,saline,M,1h,0.0
18345,12,NR,morphine,M,1h,0.0
18346,13,NR,saline,M,4h,0.0
18347,14,NR,morphine,M,1h,0.0
18348,15,NR,morphine,F,4h,0.0
18349,16,NR,saline,F,4h,0.0
18350,17,NR,morphine,M,1h,0.0
18351,18,NR,saline,M,1h,0.0
18352,19,NR,morphine,F,1h,0.0
18353,20,NR,morphine,F,1h,0.0
18354,21,NR,morphine,F,1h,0.0
18355,22,NR,morphine,M,4h,366.7644705254735
18356,23,NR,morphine,M,4h,0.0
18357,24,NR,saline,F,1h,0.0
18358,25,NR,saline,F,4h,66.68444918644973
18359,26,NR,saline,F,4h,0.0
18360,0,PRP,morphine,M,1h,16.390889943369476
18361,1,PRP,morphine,M,4h,0.0
18362,2,PRP,saline,M,1h,139.32256451864055
18363,3,PRP,saline,M,4h,4.097722485842369
18364,4,PRP,morphine,F,4h,0.0
18365,5,PRP,saline,F,4h,8.195444971684738
18366,6,PRP,morphine,M,1h,28.684057400896585
18367,7,PRP,morphine,M,4h,24.586334915054216
18368,8,PRP,saline,M,4h,0.0
18369,9,PRP,morphine,F,4h,0.0
18370,10,PRP,saline,F,1h,0.0
18371,11,PRP,saline,M,1h,4.097722485842369
18372,12,PRP,morphine,M,1h,0.0
18373,13,PRP,saline,M,4h,4.097722485842369
18374,14,PRP,morphine,M,1h,32.78177988673895
18375,15,PRP,morphine,F,4h,0.0
18376,16,PRP,saline,F,4h,0.0
18377,17,PRP,morphine,M,1h,4.097722485842369
18378,18,PRP,saline,M,1h,12.293167457527108
18379,19,PRP,morphine,F,1h,32.78177988673895
18380,20,PRP,morphine,F,1h,8.195444971684738
18381,21,PRP,morphine,F,1h,0.0
18382,22,PRP,morphine,M,4h,319.6223538957048
18383,23,PRP,morphine,M,4h,237.6679041788574
18384,24,PRP,saline,F,1h,0.0
18385,25,PRP,saline,F,4h,0.0
18386,26,PRP,saline,F,4h,12.293167457527108
18387,0,PPY,morphine,M,1h,0.0
18388,1,PPY,morphine,M,4h,0.0
18389,2,PPY,saline,M,1h,0.0
18390,3,PPY,saline,M,4h,0.0
18391,4,PPY,morphine,F,4h,0.0
18392,5,PPY,saline,F,4h,31.75409627841992
18393,6,PPY,morphine,M,1h,31.75409627841992
18394,7,PPY,morphine,M,4h,10.584698759473307
18395,8,PPY,saline,M,4h,0.0
18396,9,PPY,morphine,F,4h,0.0
18397,10,PPY,saline,F,1h,0.0
18398,11,PPY,saline,M,1h,0.0
18399,12,PPY,morphine,M,1h,52.92349379736653
18400,13,PPY,saline,M,4h,275.202167746306
18401,14,PPY,morphine,M,1h,148.18578263262629
18402,15,PPY,morphine,F,4h,10.584698759473307
18403,16,PPY,saline,F,4h,211.69397518946613
18404,17,PPY,morphine,M,1h,31.75409627841992
18405,18,PPY,saline,M,1h,31.75409627841992
18406,19,PPY,morphine,F,1h,0.0
18407,20,PPY,morphine,F,1h,0.0
18408,21,PPY,morphine,F,1h,0.0
18409,22,PPY,morphine,M,4h,1788.8140903509889
18410,23,PPY,morphine,M,4h,0.0
18411,24,PPY,saline,F,1h,0.0
18412,25,PPY,saline,F,4h,42.33879503789323
18413,26,PPY,saline,F,4h,0.0
18414,0,VNC,morphine,M,1h,15.900402373711835
18415,1,VNC,morphine,M,4h,2.8059533600667943
18416,2,VNC,saline,M,1h,186.12823955109735
18417,3,VNC,saline,M,4h,4.988361529007634
18418,4,VNC,morphine,F,4h,50.19538788563932
18419,5,VNC,saline,F,4h,14.965084587022904
18420,6,VNC,morphine,M,1h,67.34288064160306
18421,7,VNC,morphine,M,4h,32.7361225341126
18422,8,VNC,saline,M,4h,9.353177866889315
18423,9,VNC,morphine,F,4h,3.429498551192749
18424,10,VNC,saline,F,1h,0.0
18425,11,VNC,saline,M,1h,2.8059533600667943
18426,12,VNC,morphine,M,1h,42.40107299656489
18427,13,VNC,saline,M,4h,40.84221001875001
18428,14,VNC,morphine,M,1h,396.57474155610697
18429,15,VNC,morphine,F,4h,111.61458921154582
18430,16,VNC,saline,F,4h,59.86033834809162
18431,17,VNC,morphine,M,1h,60.483883539217565
18432,18,VNC,saline,M,1h,2.494180764503817
18433,19,VNC,morphine,F,1h,94.77886905114505
18434,20,VNC,morphine,F,1h,4.36481633788168
18435,21,VNC,morphine,F,1h,34.91853070305344
18436,22,VNC,morphine,M,4h,338.8968113769562
18437,23,VNC,morphine,M,4h,53.93665903239505
18438,24,VNC,saline,F,1h,0.0
18439,25,VNC,saline,F,4h,4.988361529007634
18440,26,VNC,saline,F,4h,5.611906720133589
18441,0,LAV,morphine,M,1h,0.0
18442,1,LAV,morphine,M,4h,0.0
18443,2,LAV,saline,M,1h,159.96327799531238
18444,3,LAV,saline,M,4h,3.4774625651154865
18445,4,LAV,morphine,F,4h,10.43238769534646
18446,5,LAV,saline,F,4h,0.0
18447,6,LAV,morphine,M,1h,10.43238769534646
18448,7,LAV,morphine,M,4h,0.0
18449,8,LAV,saline,M,4h,0.0
18450,9,LAV,morphine,F,4h,3.4774625651154865
18451,10,LAV,saline,F,1h,0.0
18452,11,LAV,saline,M,1h,0.0
18453,12,LAV,morphine,M,1h,34.774625651154864
18454,13,LAV,saline,M,4h,139.09850260461945
18455,14,LAV,morphine,M,1h,688.5375878928663
18456,15,LAV,morphine,F,4h,107.8013395185801
18457,16,LAV,saline,F,4h,69.54925130230973
18458,17,LAV,morphine,M,1h,59.11686360696327
18459,18,LAV,saline,M,1h,0.0
18460,19,LAV,morphine,F,1h,173.87312825577433
18461,20,LAV,morphine,F,1h,0.0
18462,21,LAV,morphine,F,1h,10.43238769534646
18463,22,LAV,morphine,M,4h,13.909850260461946
18464,23,LAV,morphine,M,4h,17.387312825577432
18465,24,LAV,saline,F,1h,0.0
18466,25,LAV,saline,F,4h,0.0
18467,26,LAV,saline,F,4h,0.0
18468,0,MV,morphine,M,1h,12.106937275058609
18469,1,MV,morphine,M,4h,2.751576653422411
18470,2,MV,saline,M,1h,170.04743718150502
18471,3,MV,saline,M,4h,3.301891984106893
18472,4,MV,morphine,F,4h,60.53468637529304
18473,5,MV,saline,F,4h,22.56292855806377
18474,6,MV,morphine,M,1h,85.84919158677923
18475,7,MV,morphine,M,4h,46.22648777749651
18476,8,MV,saline,M,4h,8.805045290951716
18477,9,MV,morphine,F,4h,3.8522073147913756
18478,10,MV,saline,F,1h,0.0
18479,11,MV,saline,M,1h,2.201261322737929
18480,12,MV,morphine,M,1h,45.12585711612754
18481,13,MV,saline,M,4h,20.911982566010323
18482,14,MV,morphine,M,1h,308.7269005139945
18483,15,MV,morphine,F,4h,129.8744180415378
18484,16,MV,saline,F,4h,55.03153306844822
18485,17,MV,morphine,M,1h,42.924595793389614
18486,18,MV,saline,M,1h,3.8522073147913756
18487,19,MV,morphine,F,1h,84.74856092541026
18488,20,MV,morphine,F,1h,4.95283797616034
18489,21,MV,morphine,F,1h,53.380587076394775
18490,22,MV,morphine,M,4h,548.1140693617443
18491,23,MV,morphine,M,4h,81.44666894130337
18492,24,MV,saline,F,1h,0.0
18493,25,MV,saline,F,4h,8.254729960267234
18494,26,MV,saline,F,4h,8.254729960267234
18495,0,SPIV,morphine,M,1h,26.699916963258243
18496,1,SPIV,morphine,M,4h,5.339983392651649
18497,2,SPIV,saline,M,1h,208.2593523134143
18498,3,SPIV,saline,M,4h,12.01496263346621
18499,4,SPIV,morphine,F,4h,46.72485468570193
18500,5,SPIV,saline,F,4h,6.674979240814561
18501,6,SPIV,morphine,M,1h,48.05985053386484
18502,7,SPIV,morphine,M,4h,25.36492111509533
18503,8,SPIV,saline,M,4h,16.019950177954946
18504,9,SPIV,morphine,F,4h,2.6699916963258246
18505,10,SPIV,saline,F,1h,0.0
18506,11,SPIV,saline,M,1h,6.674979240814561
18507,12,SPIV,morphine,M,1h,45.389858837539016
18508,13,SPIV,saline,M,4h,28.034912811421155
18509,14,SPIV,morphine,M,1h,452.56359252722723
18510,15,SPIV,morphine,F,4h,88.10972597875221
18511,16,SPIV,saline,F,4h,77.4297591934489
18512,17,SPIV,morphine,M,1h,112.13965124568462
18513,18,SPIV,saline,M,1h,0.0
18514,19,SPIV,morphine,F,1h,113.47464709384754
18515,20,SPIV,morphine,F,1h,6.674979240814561
18516,21,SPIV,morphine,F,1h,12.01496263346621
18517,22,SPIV,morphine,M,4h,90.77971767507803
18518,23,SPIV,morphine,M,4h,24.02992526693242
18519,24,SPIV,saline,F,1h,0.0
18520,25,SPIV,saline,F,4h,1.3349958481629123
18521,26,SPIV,saline,F,4h,4.004987544488737
18522,0,SUV,morphine,M,1h,25.44572427013181
18523,1,SUV,morphine,M,4h,0.0
18524,2,SUV,saline,M,1h,243.14803191459282
18525,3,SUV,saline,M,4h,0.0
18526,4,SUV,morphine,F,4h,36.75493505685706
18527,5,SUV,saline,F,4h,5.654605393362624
18528,6,SUV,morphine,M,1h,59.373356630307555
18529,7,SUV,morphine,M,4h,5.654605393362624
18530,8,SUV,saline,M,4h,5.654605393362624
18531,9,SUV,morphine,F,4h,2.827302696681312
18532,10,SUV,saline,F,1h,0.0
18533,11,SUV,saline,M,1h,0.0
18534,12,SUV,morphine,M,1h,28.27302696681312
18535,13,SUV,saline,M,4h,90.47368629380199
18536,14,SUV,morphine,M,1h,491.9506692225483
18537,15,SUV,morphine,F,4h,70.6825674170328
18538,16,SUV,saline,F,4h,39.582237753538365
18539,17,SUV,morphine,M,1h,42.40954045021968
18540,18,SUV,saline,M,1h,2.827302696681312
18541,19,SUV,morphine,F,1h,42.40954045021968
18542,20,SUV,morphine,F,1h,0.0
18543,21,SUV,morphine,F,1h,8.481908090043936
18544,22,SUV,morphine,M,4h,53.718751236944925
18545,23,SUV,morphine,M,4h,5.654605393362624
18546,24,SUV,saline,F,1h,0.0
18547,25,SUV,saline,F,4h,0.0
18548,26,SUV,saline,F,4h,0.0
18549,0,x,morphine,M,1h,0.0
18550,1,x,morphine,M,4h,17.52786931220641
18551,2,x,saline,M,1h,52.583607936619224
18552,3,x,saline,M,4h,0.0
18553,4,x,morphine,F,4h,35.05573862441282
18554,5,x,saline,F,4h,0.0
18555,6,x,morphine,M,1h,0.0
18556,7,x,morphine,M,4h,0.0
18557,8,x,saline,M,4h,0.0
18558,9,x,morphine,F,4h,0.0
18559,10,x,saline,F,1h,0.0
18560,11,x,saline,M,1h,0.0
18561,12,x,morphine,M,1h,17.52786931220641
18562,13,x,saline,M,4h,35.05573862441282
18563,14,x,morphine,M,1h,666.0590338638435
18564,15,x,morphine,F,4h,122.69508518544487
18565,16,x,saline,F,4h,350.55738624412817
18566,17,x,morphine,M,1h,122.69508518544487
18567,18,x,saline,M,1h,0.0
18568,19,x,morphine,F,1h,262.91803968309614
18569,20,x,morphine,F,1h,0.0
18570,21,x,morphine,F,1h,0.0
18571,22,x,morphine,M,4h,105.16721587323845
18572,23,x,morphine,M,4h,0.0
18573,24,x,saline,F,1h,0.0
18574,25,x,saline,F,4h,0.0
18575,26,x,saline,F,4h,0.0
18576,0,XII,morphine,M,1h,120.29351617947792
18577,1,XII,morphine,M,4h,0.0
18578,2,XII,saline,M,1h,0.0
18579,3,XII,saline,M,4h,0.0
18580,4,XII,morphine,F,4h,31.84240134162651
18581,5,XII,saline,F,4h,3.5380445935140568
18582,6,XII,morphine,M,1h,49.53262430919679
18583,7,XII,morphine,M,4h,17.690222967570282
18584,8,XII,saline,M,4h,0.0
18585,9,XII,morphine,F,4h,0.0
18586,10,XII,saline,F,1h,0.0
18587,11,XII,saline,M,1h,3.5380445935140568
18588,12,XII,morphine,M,1h,0.0
18589,13,XII,saline,M,4h,0.0
18590,14,XII,morphine,M,1h,3.5380445935140568
18591,15,XII,morphine,F,4h,17.690222967570282
18592,16,XII,saline,F,4h,28.304356748112454
18593,17,XII,morphine,M,1h,10.61413378054217
18594,18,XII,saline,M,1h,0.0
18595,19,XII,morphine,F,1h,0.0
18596,20,XII,morphine,F,1h,0.0
18597,21,XII,morphine,F,1h,0.0
18598,22,XII,morphine,M,4h,608.5436700844177
18599,23,XII,morphine,M,4h,67.22284727676707
18600,24,XII,saline,F,1h,0.0
18601,25,XII,saline,F,4h,28.304356748112454
18602,26,XII,saline,F,4h,0.0
18603,0,y,morphine,M,1h,0.0
18604,1,y,morphine,M,4h,0.0
18605,2,y,saline,M,1h,468.5636394615778
18606,3,y,saline,M,4h,0.0
18607,4,y,morphine,F,4h,42.59669449650707
18608,5,y,saline,F,4h,0.0
18609,6,y,morphine,M,1h,0.0
18610,7,y,morphine,M,4h,0.0
18611,8,y,saline,M,4h,0.0
18612,9,y,morphine,F,4h,0.0
18613,10,y,saline,F,1h,0.0
18614,11,y,saline,M,1h,0.0
18615,12,y,morphine,M,1h,85.19338899301414
18616,13,y,saline,M,4h,0.0
18617,14,y,morphine,M,1h,1235.304140398705
18618,15,y,morphine,F,4h,42.59669449650707
18619,16,y,saline,F,4h,0.0
18620,17,y,morphine,M,1h,42.59669449650707
18621,18,y,saline,M,1h,0.0
18622,19,y,morphine,F,1h,42.59669449650707
18623,20,y,morphine,F,1h,0.0
18624,21,y,morphine,F,1h,0.0
18625,22,y,morphine,M,4h,42.59669449650707
18626,23,y,morphine,M,4h,0.0
18627,24,y,saline,F,1h,0.0
18628,25,y,saline,F,4h,0.0
18629,26,y,saline,F,4h,0.0
18630,0,MY-sat,morphine,M,1h,0.0
18631,1,MY-sat,morphine,M,4h,0.0
18632,2,MY-sat,saline,M,1h,0.0
18633,3,MY-sat,saline,M,4h,0.0
18634,4,MY-sat,morphine,F,4h,4.4735523584568035
18635,5,MY-sat,saline,F,4h,4.4735523584568035
18636,6,MY-sat,morphine,M,1h,272.886693865865
18637,7,MY-sat,morphine,M,4h,4.4735523584568035
18638,8,MY-sat,saline,M,4h,0.0
18639,9,MY-sat,morphine,F,4h,0.0
18640,10,MY-sat,saline,F,1h,0.0
18641,11,MY-sat,saline,M,1h,0.0
18642,12,MY-sat,morphine,M,1h,4.4735523584568035
18643,13,MY-sat,saline,M,4h,129.7330183952473
18644,14,MY-sat,morphine,M,1h,35.78841886765443
18645,15,MY-sat,morphine,F,4h,31.314866509197625
18646,16,MY-sat,saline,F,4h,53.68262830148164
18647,17,MY-sat,morphine,M,1h,0.0
18648,18,MY-sat,saline,M,1h,13.42065707537041
18649,19,MY-sat,morphine,F,1h,17.894209433827214
18650,20,MY-sat,morphine,F,1h,35.78841886765443
18651,21,MY-sat,morphine,F,1h,84.99749481067927
18652,22,MY-sat,morphine,M,4h,572.6147018824709
18653,23,MY-sat,morphine,M,4h,4.4735523584568035
18654,24,MY-sat,saline,F,1h,0.0
18655,25,MY-sat,saline,F,4h,134.2065707537041
18656,26,MY-sat,saline,F,4h,0.0
18657,0,RM,morphine,M,1h,0.0
18658,1,RM,morphine,M,4h,0.0
18659,2,RM,saline,M,1h,0.0
18660,3,RM,saline,M,4h,0.0
18661,4,RM,morphine,F,4h,8.551978927923923
18662,5,RM,saline,F,4h,8.551978927923923
18663,6,RM,morphine,M,1h,521.6707146033592
18664,7,RM,morphine,M,4h,0.0
18665,8,RM,saline,M,4h,0.0
18666,9,RM,morphine,F,4h,0.0
18667,10,RM,saline,F,1h,0.0
18668,11,RM,saline,M,1h,0.0
18669,12,RM,morphine,M,1h,8.551978927923923
18670,13,RM,saline,M,4h,34.20791571169569
18671,14,RM,morphine,M,1h,68.41583142339138
18672,15,RM,morphine,F,4h,51.31187356754353
18673,16,RM,saline,F,4h,17.103957855847845
18674,17,RM,morphine,M,1h,0.0
18675,18,RM,saline,M,1h,25.655936783771764
18676,19,RM,morphine,F,1h,34.20791571169569
18677,20,RM,morphine,F,1h,68.41583142339138
18678,21,RM,morphine,F,1h,162.4875996305545
18679,22,RM,morphine,M,4h,923.6137242157836
18680,23,RM,morphine,M,4h,8.551978927923923
18681,24,RM,saline,F,1h,0.0
18682,25,RM,saline,F,4h,128.27968391885884
18683,26,RM,saline,F,4h,0.0
18684,0,RPA,morphine,M,1h,0.0
18685,1,RPA,morphine,M,4h,0.0
18686,2,RPA,saline,M,1h,0.0
18687,3,RPA,saline,M,4h,0.0
18688,4,RPA,morphine,F,4h,0.0
18689,5,RPA,saline,F,4h,0.0
18690,6,RPA,morphine,M,1h,0.0
18691,7,RPA,morphine,M,4h,15.011859368901433
18692,8,RPA,saline,M,4h,0.0
18693,9,RPA,morphine,F,4h,0.0
18694,10,RPA,saline,F,1h,0.0
18695,11,RPA,saline,M,1h,0.0
18696,12,RPA,morphine,M,1h,0.0
18697,13,RPA,saline,M,4h,360.2846248536344
18698,14,RPA,morphine,M,1h,0.0
18699,15,RPA,morphine,F,4h,15.011859368901433
18700,16,RPA,saline,F,4h,90.0711562134086
18701,17,RPA,morphine,M,1h,0.0
18702,18,RPA,saline,M,1h,0.0
18703,19,RPA,morphine,F,1h,0.0
18704,20,RPA,morphine,F,1h,0.0
18705,21,RPA,morphine,F,1h,0.0
18706,22,RPA,morphine,M,4h,45.0355781067043
18707,23,RPA,morphine,M,4h,0.0
18708,24,RPA,saline,F,1h,0.0
18709,25,RPA,saline,F,4h,210.16603116462008
18710,26,RPA,saline,F,4h,0.0
18711,0,RO,morphine,M,1h,0.0
18712,1,RO,morphine,M,4h,0.0
18713,2,RO,saline,M,1h,0.0
18714,3,RO,saline,M,4h,0.0
18715,4,RO,morphine,F,4h,0.0
18716,5,RO,saline,F,4h,0.0
18717,6,RO,morphine,M,1h,0.0
18718,7,RO,morphine,M,4h,0.0
18719,8,RO,saline,M,4h,0.0
18720,9,RO,morphine,F,4h,0.0
18721,10,RO,saline,F,1h,0.0
18722,11,RO,saline,M,1h,0.0
18723,12,RO,morphine,M,1h,0.0
18724,13,RO,saline,M,4h,25.006251562890725
18725,14,RO,morphine,M,1h,0.0
18726,15,RO,morphine,F,4h,0.0
18727,16,RO,saline,F,4h,100.0250062515629
18728,17,RO,morphine,M,1h,0.0
18729,18,RO,saline,M,1h,0.0
18730,19,RO,morphine,F,1h,0.0
18731,20,RO,morphine,F,1h,0.0
18732,21,RO,morphine,F,1h,0.0
18733,22,RO,morphine,M,4h,425.1062765691423
18734,23,RO,morphine,M,4h,0.0
18735,24,RO,saline,F,1h,0.0
18736,25,RO,saline,F,4h,25.006251562890725
18737,26,RO,saline,F,4h,0.0
18738,0,CB,morphine,M,1h,161.17412321406982
18739,1,CB,morphine,M,4h,124.88301503703681
18740,2,CB,saline,M,1h,235.2235849857334
18741,3,CB,saline,M,4h,99.82840657704831
18742,4,CB,morphine,F,4h,44.073080708341514
18743,5,CB,saline,F,4h,17.45836319673031
18744,6,CB,morphine,M,1h,65.30170744649337
18745,7,CB,morphine,M,4h,22.51014488769908
18746,8,CB,saline,M,4h,21.50721764022734
18747,9,CB,morphine,F,4h,10.623599732478445
18748,10,CB,saline,F,1h,11.16220880982438
18749,11,CB,saline,M,1h,11.849399701610572
18750,12,CB,morphine,M,1h,8.784899778780252
18751,13,CB,saline,M,4h,13.298072392403087
18752,14,CB,morphine,M,1h,117.23105159336353
18753,15,CB,morphine,F,4h,18.01554500088128
18754,16,CB,saline,F,4h,12.889472402692379
18755,17,CB,morphine,M,1h,33.30089916142281
18756,18,CB,saline,M,1h,21.042899470101535
18757,19,CB,morphine,F,1h,32.725144630466815
18758,20,CB,morphine,F,1h,8.413445242679607
18759,21,CB,morphine,F,1h,11.570808799535088
18760,22,CB,morphine,M,4h,46.710407914656095
18761,23,CB,morphine,M,4h,39.838498996794165
18762,24,CB,saline,F,1h,1.355809056767354
18763,25,CB,saline,F,4h,12.629454227421927
18764,26,CB,saline,F,4h,14.523872361535215
18765,0,CBX,morphine,M,1h,166.63710128506347
18766,1,CBX,morphine,M,4h,129.9796717180787
18767,2,CBX,saline,M,1h,239.0150293118897
18768,3,CBX,saline,M,4h,104.37022145615958
18769,4,CBX,morphine,F,4h,43.4696994918398
18770,5,CBX,saline,F,4h,17.157550899563173
18771,6,CBX,morphine,M,1h,63.53564070316055
18772,7,CBX,morphine,M,4h,22.349710784982744
18773,8,CBX,saline,M,4h,21.939803425607515
18774,9,CBX,morphine,F,4h,10.657591343755962
18775,10,CBX,saline,F,1h,10.384319770839143
18776,11,CBX,saline,M,1h,12.160584994798471
18777,12,CBX,morphine,M,1h,8.490938158486895
18778,13,CBX,saline,M,4h,13.526942859382569
18779,14,CBX,morphine,M,1h,116.37465126643416
18780,15,CBX,morphine,F,4h,17.97736561831363
18781,16,CBX,saline,F,4h,12.375298373518829
18782,17,CBX,morphine,M,1h,31.62142486608912
18783,18,CBX,saline,M,1h,22.017881017869463
18784,19,CBX,morphine,F,1h,30.235547603439535
18785,20,CBX,morphine,F,1h,8.061511401046177
18786,21,CBX,morphine,F,1h,11.672600043161292
18787,22,CBX,morphine,M,4h,43.00123393826811
18788,23,CBX,morphine,M,4h,39.33158710195653
18789,24,CBX,saline,F,1h,1.2687608742566623
18790,25,CBX,saline,F,4h,12.453375965780777
18791,26,CBX,saline,F,4h,14.815223131704718
18792,0,VERM,morphine,M,1h,127.06166930227559
18793,1,VERM,morphine,M,4h,98.60103918293824
18794,2,VERM,saline,M,1h,215.69902168433663
18795,3,VERM,saline,M,4h,68.70997878030663
18796,4,VERM,morphine,F,4h,31.716092143386337
18797,5,VERM,saline,F,4h,30.285661860092084
18798,6,VERM,morphine,M,1h,72.21206671526842
18799,7,VERM,morphine,M,4h,28.65793084806759
18800,8,VERM,saline,M,4h,25.353143641836045
18801,9,VERM,morphine,F,4h,14.402953197307635
18802,10,VERM,saline,F,1h,15.636082751871646
18803,11,VERM,saline,M,1h,12.627246638735462
18804,12,VERM,morphine,M,1h,7.201476598653818
18805,13,VERM,saline,M,4h,15.192156112228602
18806,14,VERM,morphine,M,1h,109.6005548096492
18807,15,VERM,morphine,F,4h,33.54112388414107
18808,16,VERM,saline,F,4h,17.510439674808943
18809,17,VERM,morphine,M,1h,45.82309424759861
18810,18,VERM,saline,M,1h,13.959026557664592
18811,19,VERM,morphine,F,1h,40.69327530061233
18812,20,VERM,morphine,F,1h,6.017672226272368
18813,21,VERM,morphine,F,1h,18.151667043182226
18814,22,VERM,morphine,M,4h,40.545299754064644
18815,23,VERM,morphine,M,4h,58.15438979323871
18816,24,VERM,saline,F,1h,1.2824547367465704
18817,25,VERM,saline,F,4h,12.824547367465703
18818,26,VERM,saline,F,4h,23.92271335854179
18819,0,LING,morphine,M,1h,57.55253724471339
18820,1,LING,morphine,M,4h,24.665373104877165
18821,2,LING,saline,M,1h,131.5486565593449
18822,3,LING,saline,M,4h,0.0
18823,4,LING,morphine,F,4h,16.44358206991811
18824,5,LING,saline,F,4h,8.221791034959056
18825,6,LING,morphine,M,1h,90.43970138454961
18826,7,LING,morphine,M,4h,8.221791034959056
18827,8,LING,saline,M,4h,0.0
18828,9,LING,morphine,F,4h,0.0
18829,10,LING,saline,F,1h,0.0
18830,11,LING,saline,M,1h,0.0
18831,12,LING,morphine,M,1h,8.221791034959056
18832,13,LING,saline,M,4h,0.0
18833,14,LING,morphine,M,1h,8.221791034959056
18834,15,LING,morphine,F,4h,8.221791034959056
18835,16,LING,saline,F,4h,0.0
18836,17,LING,morphine,M,1h,8.221791034959056
18837,18,LING,saline,M,1h,0.0
18838,19,LING,morphine,F,1h,0.0
18839,20,LING,morphine,F,1h,8.221791034959056
18840,21,LING,morphine,F,1h,8.221791034959056
18841,22,LING,morphine,M,4h,90.43970138454961
18842,23,LING,morphine,M,4h,131.5486565593449
18843,24,LING,saline,F,1h,0.0
18844,25,LING,saline,F,4h,0.0
18845,26,LING,saline,F,4h,147.992238629263
18846,0,CENT,morphine,M,1h,22.061959788401293
18847,1,CENT,morphine,M,4h,58.09649410945674
18848,2,CENT,saline,M,1h,94.62129420358777
18849,3,CENT,saline,M,4h,23.532757107628047
18850,4,CENT,morphine,F,4h,59.3221585421457
18851,5,CENT,saline,F,4h,50.25224174024739
18852,6,CENT,morphine,M,1h,138.00981512077698
18853,7,CENT,morphine,M,4h,67.65667668443064
18854,8,CENT,saline,M,4h,16.423903398032074
18855,9,CENT,morphine,F,4h,28.68054772492168
18856,10,CENT,saline,F,1h,28.190281951846096
18857,11,CENT,saline,M,1h,8.334518142284933
18858,12,CENT,morphine,M,1h,10.540714121125063
18859,13,CENT,saline,M,4h,28.925680611459473
18860,14,CENT,morphine,M,1h,151.73725676689335
18861,15,CENT,morphine,F,4h,85.55137740168946
18862,16,CENT,saline,F,4h,13.972574532654152
18863,17,CENT,morphine,M,1h,105.89740698432621
18864,18,CENT,saline,M,1h,0.4902657730755843
18865,19,CENT,morphine,F,1h,69.12747400365738
18866,20,CENT,morphine,F,1h,12.011511440351816
18867,21,CENT,morphine,F,1h,23.042491334552462
18868,22,CENT,morphine,M,4h,50.987640399860766
18869,23,CENT,morphine,M,4h,115.70272244583789
18870,24,CENT,saline,F,1h,3.186727524991298
18871,25,CENT,saline,F,4h,14.953106078805321
18872,26,CENT,saline,F,4h,30.64161081722402
18873,0,CENT2,morphine,M,1h,30.69643472141114
18874,1,CENT2,morphine,M,4h,44.172918257640426
18875,2,CENT2,saline,M,1h,127.27790006438765
18876,3,CENT2,saline,M,4h,17.968644714972374
18877,4,CENT2,morphine,F,4h,62.89025650240331
18878,5,CENT2,saline,F,4h,59.89548238324125
18879,6,CENT2,morphine,M,1h,132.51875477292126
18880,7,CENT2,morphine,M,4h,124.28312594522559
18881,8,CENT2,saline,M,4h,11.230402946857735
18882,9,CENT2,morphine,F,4h,51.65985355554558
18883,10,CENT2,saline,F,1h,52.408547085336096
18884,11,CENT2,saline,M,1h,10.481709417067218
18885,12,CENT2,morphine,M,1h,25.455580012877533
18886,13,CENT2,saline,M,4h,9.733015887276704
18887,14,CENT2,morphine,M,1h,150.48739948789364
18888,15,CENT2,morphine,F,4h,151.98478654747467
18889,16,CENT2,saline,F,4h,9.733015887276704
18890,17,CENT2,morphine,M,1h,130.27267418354973
18891,18,CENT2,saline,M,1h,0.0
18892,19,CENT2,morphine,F,1h,85.35106239611878
18893,20,CENT2,morphine,F,1h,8.984322357486187
18894,21,CENT2,morphine,F,1h,18.717338244762892
18895,22,CENT2,morphine,M,4h,84.60236886632826
18896,23,CENT2,morphine,M,4h,62.141562972612796
18897,24,CENT2,saline,F,1h,5.240854708533609
18898,25,CENT2,saline,F,4h,25.455580012877533
18899,26,CENT2,saline,F,4h,44.172918257640426
18900,0,CENT3,morphine,M,1h,17.858704842989184
18901,1,CENT3,morphine,M,4h,64.87447881738927
18902,2,CENT3,saline,M,1h,78.72408665480945
18903,3,CENT3,saline,M,4h,26.24136221826982
18904,4,CENT3,morphine,F,4h,57.58521153453655
18905,5,CENT3,saline,F,4h,45.55792051782955
18906,6,CENT3,morphine,M,1h,140.68285855905765
18907,7,CENT3,morphine,M,4h,40.09097005569
18908,8,CENT3,saline,M,4h,18.952094935417094
18909,9,CENT3,morphine,F,4h,17.494241478846547
18910,10,CENT3,saline,F,1h,16.400851386418637
18911,11,CENT3,saline,M,1h,7.289267282852728
18912,12,CENT3,morphine,M,1h,3.2801702772837276
18913,13,CENT3,saline,M,4h,38.26865323497682
18914,14,CENT3,morphine,M,1h,152.345686211622
18915,15,CENT3,morphine,F,4h,53.211651164824914
18916,16,CENT3,saline,F,4h,16.036388022276
18917,17,CENT3,morphine,M,1h,94.03154794880018
18918,18,CENT3,saline,M,1h,0.7289267282852727
18919,19,CENT3,morphine,F,1h,61.229845175962915
18920,20,CENT3,morphine,F,1h,13.485144473277547
18921,21,CENT3,morphine,F,1h,25.14797212584191
18922,22,CENT3,morphine,M,4h,34.62401959355046
18923,23,CENT3,morphine,M,4h,141.77624865148556
18924,24,CENT3,saline,F,1h,2.1867801848558184
18925,25,CENT3,saline,F,4h,9.840510831851182
18926,26,CENT3,saline,F,4h,24.054582033414
18927,0,CUL,morphine,M,1h,145.26204857253646
18928,1,CUL,morphine,M,4h,122.06769895399431
18929,2,CUL,saline,M,1h,223.1712742143063
18930,3,CUL,saline,M,4h,113.14679525455502
18931,4,CUL,morphine,F,4h,23.04566789021817
18932,5,CUL,saline,F,4h,29.141618751501685
18933,6,CUL,morphine,M,1h,69.88041231227446
18934,7,CUL,morphine,M,4h,16.057626658990724
18935,8,CUL,saline,M,4h,31.817889861333473
18936,9,CUL,morphine,F,4h,11.448493080947092
18937,10,CUL,saline,F,1h,22.004895791950254
18938,11,CUL,saline,M,1h,20.220715052062396
18939,12,CUL,morphine,M,1h,6.244632589607504
18940,13,CUL,saline,M,4h,20.66676023703436
18941,14,CUL,morphine,M,1h,157.15658683845552
18942,15,CUL,morphine,F,4h,29.438982208149664
18943,16,CUL,saline,F,4h,14.422127647426855
18944,17,CUL,morphine,M,1h,46.24001750876033
18945,18,CUL,saline,M,1h,9.961675797707208
18946,19,CUL,morphine,F,1h,56.05301157814355
18947,20,CUL,morphine,F,1h,4.16308839307167
18948,21,CUL,morphine,F,1h,22.896986161894183
18949,22,CUL,morphine,M,4h,36.72438689602509
18950,23,CUL,morphine,M,4h,62.74368935272302
18951,24,CUL,saline,F,1h,0.8920903699439292
18952,25,CUL,saline,F,4h,10.259039254355185
18953,26,CUL,saline,F,4h,5.649905676311551
18954,0,"CUL4, 5",morphine,M,1h,145.26204857253646
18955,1,"CUL4, 5",morphine,M,4h,122.06769895399431
18956,2,"CUL4, 5",saline,M,1h,223.1712742143063
18957,3,"CUL4, 5",saline,M,4h,113.14679525455502
18958,4,"CUL4, 5",morphine,F,4h,23.04566789021817
18959,5,"CUL4, 5",saline,F,4h,29.141618751501685
18960,6,"CUL4, 5",morphine,M,1h,69.88041231227446
18961,7,"CUL4, 5",morphine,M,4h,16.057626658990724
18962,8,"CUL4, 5",saline,M,4h,31.817889861333473
18963,9,"CUL4, 5",morphine,F,4h,11.448493080947092
18964,10,"CUL4, 5",saline,F,1h,22.004895791950254
18965,11,"CUL4, 5",saline,M,1h,20.220715052062396
18966,12,"CUL4, 5",morphine,M,1h,6.244632589607504
18967,13,"CUL4, 5",saline,M,4h,20.66676023703436
18968,14,"CUL4, 5",morphine,M,1h,157.15658683845552
18969,15,"CUL4, 5",morphine,F,4h,29.438982208149664
18970,16,"CUL4, 5",saline,F,4h,14.422127647426855
18971,17,"CUL4, 5",morphine,M,1h,46.24001750876033
18972,18,"CUL4, 5",saline,M,1h,9.961675797707208
18973,19,"CUL4, 5",morphine,F,1h,56.05301157814355
18974,20,"CUL4, 5",morphine,F,1h,4.16308839307167
18975,21,"CUL4, 5",morphine,F,1h,22.896986161894183
18976,22,"CUL4, 5",morphine,M,4h,36.72438689602509
18977,23,"CUL4, 5",morphine,M,4h,62.74368935272302
18978,24,"CUL4, 5",saline,F,1h,0.8920903699439292
18979,25,"CUL4, 5",saline,F,4h,10.259039254355185
18980,26,"CUL4, 5",saline,F,4h,5.649905676311551
18981,0,DEC,morphine,M,1h,164.63013097241532
18982,1,DEC,morphine,M,4h,163.43064003636857
18983,2,DEC,saline,M,1h,389.5346814811794
18984,3,DEC,saline,M,4h,113.3518934564171
18985,4,DEC,morphine,F,4h,29.987273401168547
18986,5,DEC,saline,F,4h,16.4930003706427
18987,6,DEC,morphine,M,1h,39.283328155530796
18988,7,DEC,morphine,M,4h,29.68740066715686
18989,8,DEC,saline,M,4h,24.889436922969892
18990,9,DEC,morphine,F,4h,22.49045505087641
18991,10,DEC,saline,F,1h,16.193127636631015
18992,11,DEC,saline,M,1h,14.094018498549216
18993,12,DEC,morphine,M,1h,7.796691084303822
18994,13,DEC,saline,M,4h,6.59720014825708
18995,14,DEC,morphine,M,1h,79.76614724710834
18996,15,DEC,morphine,F,4h,5.397709212210338
18997,16,DEC,saline,F,4h,6.897072882268765
18998,17,DEC,morphine,M,1h,12.294782094479103
18999,18,DEC,saline,M,1h,16.4930003706427
19000,19,DEC,morphine,F,1h,15.293509434595958
19001,20,DEC,morphine,F,1h,7.496818350292137
19002,21,DEC,morphine,F,1h,15.293509434595958
19003,22,DEC,morphine,M,4h,20.99109138081798
19004,23,DEC,morphine,M,4h,28.188036997098433
19005,24,DEC,saline,F,1h,1.1994909360467418
19006,25,DEC,saline,F,4h,21.890709582853038
19007,26,DEC,saline,F,4h,28.787782465121804
19008,0,FOTU,morphine,M,1h,270.5530103531618
19009,1,FOTU,morphine,M,4h,92.0829544009007
19010,2,FOTU,saline,M,1h,392.0645378100205
19011,3,FOTU,saline,M,4h,71.19816061925312
19012,4,FOTU,morphine,F,4h,29.428573055957955
19013,5,FOTU,saline,F,4h,17.08755854862075
19014,6,FOTU,morphine,M,1h,67.40092538622629
19015,7,FOTU,morphine,M,4h,18.986176165134165
19016,8,FOTU,saline,M,4h,26.580646631187832
19017,9,FOTU,morphine,F,4h,16.13824974036404
19018,10,FOTU,saline,F,1h,0.0
19019,11,FOTU,saline,M,1h,9.493088082567082
19020,12,FOTU,morphine,M,1h,3.797235233026833
19021,13,FOTU,saline,M,4h,3.797235233026833
19022,14,FOTU,morphine,M,1h,43.66820517980858
19023,15,FOTU,morphine,F,4h,13.290323315593916
19024,16,FOTU,saline,F,4h,8.543779274310374
19025,17,FOTU,morphine,M,1h,19.935484973390874
19026,18,FOTU,saline,M,1h,10.44239689082379
19027,19,FOTU,morphine,F,1h,22.783411398160997
19028,20,FOTU,morphine,F,1h,1.8986176165134165
19029,21,FOTU,morphine,F,1h,9.493088082567082
19030,22,FOTU,morphine,M,4h,69.2995430027397
19031,23,FOTU,morphine,M,4h,91.13364559264399
19032,24,FOTU,saline,F,1h,0.0
19033,25,FOTU,saline,F,4h,5.695852849540249
19034,26,FOTU,saline,F,4h,38.92166113852504
19035,0,PYR,morphine,M,1h,190.7023776900654
19036,1,PYR,morphine,M,4h,72.91561499914265
19037,2,PYR,saline,M,1h,135.41471356983635
19038,3,PYR,saline,M,4h,15.224139395425388
19039,4,PYR,morphine,F,4h,26.44192631837041
19040,5,PYR,saline,F,4h,11.217786922945024
19041,6,PYR,morphine,M,1h,34.454631263331144
19042,7,PYR,morphine,M,4h,17.62795087891361
19043,8,PYR,saline,M,4h,24.839385329378267
19044,9,PYR,morphine,F,4h,3.205081977984292
19045,10,PYR,saline,F,1h,0.0
19046,11,PYR,saline,M,1h,6.410163955968584
19047,12,PYR,morphine,M,1h,11.217786922945024
19048,13,PYR,saline,M,4h,6.410163955968584
19049,14,PYR,morphine,M,1h,80.12704944960731
19050,15,PYR,morphine,F,4h,12.019057417441097
19051,16,PYR,saline,F,4h,6.410163955968584
19052,17,PYR,morphine,M,1h,24.839385329378267
19053,18,PYR,saline,M,1h,29.647008296354702
19054,19,PYR,morphine,F,1h,19.230491867905755
19055,20,PYR,morphine,F,1h,0.0
19056,21,PYR,morphine,F,1h,8.012704944960731
19057,22,PYR,morphine,M,4h,41.6660657137958
19058,23,PYR,morphine,M,4h,20.8330328568979
19059,24,PYR,saline,F,1h,0.0
19060,25,PYR,saline,F,4h,20.031762362401828
19061,26,PYR,saline,F,4h,19.230491867905755
19062,0,UVU,morphine,M,1h,69.81411194168103
19063,1,UVU,morphine,M,4h,65.70739947452333
19064,2,UVU,saline,M,1h,114.53164769517608
19065,3,UVU,saline,M,4h,26.009178958665483
19066,4,UVU,morphine,F,4h,23.271370647227013
19067,5,UVU,saline,F,4h,9.126027704794907
19068,6,UVU,morphine,M,1h,23.271370647227013
19069,7,UVU,morphine,M,4h,10.038630475274397
19070,8,UVU,saline,M,4h,21.902466491507777
19071,9,UVU,morphine,F,4h,0.0
19072,10,UVU,saline,F,1h,0.0
19073,11,UVU,saline,M,1h,5.019315237637199
19074,12,UVU,morphine,M,1h,3.1941096966782174
19075,13,UVU,saline,M,4h,1.8252055409589814
19076,14,UVU,morphine,M,1h,51.10575514685148
19077,15,UVU,morphine,F,4h,22.35876787674752
19078,16,UVU,saline,F,4h,19.164658180069303
19079,17,UVU,morphine,M,1h,29.659590040583446
19080,18,UVU,saline,M,1h,49.73685099113224
19081,19,UVU,morphine,F,1h,23.271370647227013
19082,20,UVU,morphine,F,1h,0.9126027704794907
19083,21,UVU,morphine,F,1h,9.582329090034651
19084,22,UVU,morphine,M,4h,10.951233245753889
19085,23,UVU,morphine,M,4h,4.106712467157708
19086,24,UVU,saline,F,1h,1.368904155719236
19087,25,UVU,saline,F,4h,11.407534630993634
19088,26,UVU,saline,F,4h,35.591508048700135
19089,0,NOD,morphine,M,1h,182.34504949647754
19090,1,NOD,morphine,M,4h,40.15540801185967
19091,2,NOD,saline,M,1h,222.5004575083372
19092,3,NOD,saline,M,4h,4.607997640705208
19093,4,NOD,morphine,F,4h,19.090275940064434
19094,5,NOD,saline,F,4h,69.11996461057812
19095,6,NOD,morphine,M,1h,81.62738677820656
19096,7,NOD,morphine,M,4h,21.72341744903884
19097,8,NOD,saline,M,4h,28.30627122147485
19098,9,NOD,morphine,F,4h,1.3165707544872025
19099,10,NOD,saline,F,1h,0.0
19100,11,NOD,saline,M,1h,6.582853772436012
19101,12,NOD,morphine,M,1h,5.924568395192411
19102,13,NOD,saline,M,4h,8.557709904166815
19103,14,NOD,morphine,M,1h,13.823992922115625
19104,15,NOD,morphine,F,4h,23.698273580769644
19105,16,NOD,saline,F,4h,78.33595989198854
19106,17,NOD,morphine,M,1h,17.77370518557723
19107,18,NOD,saline,M,1h,1.3165707544872025
19108,19,NOD,morphine,F,1h,10.53256603589762
19109,20,NOD,morphine,F,1h,9.874280658654017
19110,21,NOD,morphine,F,1h,17.77370518557723
19111,22,NOD,morphine,M,4h,90.18509668237337
19112,23,NOD,morphine,M,4h,28.964556598718453
19113,24,NOD,saline,F,1h,0.0
19114,25,NOD,saline,F,4h,0.6582853772436013
19115,26,NOD,saline,F,4h,42.78854952083408
19116,0,HEM,morphine,M,1h,192.5545073647496
19117,1,HEM,morphine,M,4h,150.5291065793882
19118,2,HEM,saline,M,1h,254.28436201565322
19119,3,HEM,saline,M,4h,127.72362390877704
19120,4,HEM,morphine,F,4h,51.16697528363754
19121,5,HEM,saline,F,4h,8.560131597325725
19122,6,HEM,morphine,M,1h,57.853568644567446
19123,7,HEM,morphine,M,4h,18.218544229780033
19124,8,HEM,saline,M,4h,19.704453865542234
19125,9,HEM,morphine,F,4h,8.204805380078241
19126,10,HEM,saline,F,1h,6.945012428018984
19127,11,HEM,saline,M,1h,11.854974702711475
19128,12,HEM,morphine,M,1h,9.33538879859296
19129,13,HEM,saline,M,4h,12.436417603661901
19130,14,HEM,morphine,M,1h,120.8109138641442
19131,15,HEM,morphine,F,4h,7.784874396058489
19132,16,HEM,saline,F,4h,9.012364964731612
19133,17,HEM,morphine,M,1h,22.320946919819153
19134,18,HEM,saline,M,1h,27.295513961283916
19135,19,HEM,morphine,F,1h,23.3869255715616
19136,20,HEM,morphine,F,1h,9.39999356536523
19137,21,HEM,morphine,F,1h,7.4295481788110065
19138,22,HEM,morphine,M,4h,44.609591456252176
19139,23,HEM,morphine,M,4h,27.004792510808702
19140,24,HEM,saline,F,1h,1.2597929520592577
19141,25,HEM,saline,F,4h,12.210300919958959
19142,26,HEM,saline,F,4h,8.850853047800937
19143,0,SIM,morphine,M,1h,196.97867714597913
19144,1,SIM,morphine,M,4h,142.7305387875945
19145,2,SIM,saline,M,1h,288.62116330480364
19146,3,SIM,saline,M,4h,133.9525228719983
19147,4,SIM,morphine,F,4h,41.43223512161415
19148,5,SIM,saline,F,4h,18.43383342275206
19149,6,SIM,morphine,M,1h,72.68197178113668
19150,7,SIM,morphine,M,4h,14.044825464953949
19151,8,SIM,saline,M,4h,29.318573158091368
19152,9,SIM,morphine,F,4h,13.6937048283301
19153,10,SIM,saline,F,1h,26.685168383412503
19154,11,SIM,saline,M,1h,22.47172074392632
19155,12,SIM,morphine,M,1h,8.07577464234852
19156,13,SIM,saline,M,4h,9.304696870531991
19157,14,SIM,morphine,M,1h,69.69744636983397
19158,15,SIM,morphine,F,4h,5.4423698676696555
19159,16,SIM,saline,F,4h,6.495731777541201
19160,17,SIM,morphine,M,1h,42.83671766810954
19161,18,SIM,saline,M,1h,30.19637474965099
19162,19,SIM,morphine,F,1h,23.173962017174016
19163,20,SIM,morphine,F,1h,11.23586037196316
19164,21,SIM,morphine,F,1h,9.480257188843915
19165,22,SIM,morphine,M,4h,36.69210652719219
19166,23,SIM,morphine,M,4h,46.34792403434803
19167,24,SIM,saline,F,1h,3.1600857296146385
19168,25,SIM,saline,F,4h,7.549093687412747
19169,26,SIM,saline,F,4h,7.022412732476974
19170,0,AN,morphine,M,1h,214.42521825655365
19171,1,AN,morphine,M,4h,233.9520724007629
19172,2,AN,saline,M,1h,377.30324334569235
19173,3,AN,saline,M,4h,160.28678378090243
19174,4,AN,morphine,F,4h,78.66268257145904
19175,5,AN,saline,F,4h,7.8662682571459035
19176,6,AN,morphine,M,1h,70.33369265212808
19177,7,AN,morphine,M,4h,28.226021393288242
19178,8,AN,saline,M,4h,24.61679242824483
19179,9,AN,morphine,F,4h,11.197864224878286
19180,10,AN,saline,F,1h,5.645204278657649
19181,11,AN,saline,M,1h,14.62200452504768
19182,12,AN,morphine,M,1h,5.83029294353167
19183,13,AN,saline,M,4h,4.627216621850532
19184,14,AN,morphine,M,1h,144.27661426929959
19185,15,AN,morphine,F,4h,4.442127956976511
19186,16,AN,saline,F,4h,7.496090927397861
19187,17,AN,morphine,M,1h,14.899637522358711
19188,18,AN,saline,M,1h,11.938218884374372
19189,19,AN,morphine,F,1h,22.673361447067606
19190,20,AN,morphine,F,1h,12.400940546559426
19191,21,AN,morphine,F,1h,9.994787903197148
19192,22,AN,morphine,M,4h,65.79902036271456
19193,23,AN,morphine,M,4h,32.668149350264756
19194,24,AN,saline,F,1h,1.758342316303202
19195,25,AN,saline,F,4h,17.30579016572099
19196,26,AN,saline,F,4h,14.066738530425615
19197,0,ANcr1,morphine,M,1h,158.7697452307606
19198,1,ANcr1,morphine,M,4h,179.31848438120196
19199,2,ANcr1,saline,M,1h,296.99075131107986
19200,3,ANcr1,saline,M,4h,132.24957760925082
19201,4,ANcr1,morphine,F,4h,64.6319316868583
19202,5,ANcr1,saline,F,4h,7.3764704642610015
19203,6,ANcr1,morphine,M,1h,75.6966373832498
19204,7,ANcr1,morphine,M,4h,18.616806409801576
19205,8,ANcr1,saline,M,4h,21.60252064533579
19206,9,ANcr1,morphine,F,4h,10.88907544724243
19207,10,ANcr1,saline,F,1h,8.605882208304502
19208,11,ANcr1,saline,M,1h,11.94285694213686
19209,12,ANcr1,morphine,M,1h,6.849579716813787
19210,13,ANcr1,saline,M,4h,1.7563024914907146
19211,14,ANcr1,morphine,M,1h,143.66554380394047
19212,15,ANcr1,morphine,F,4h,2.8100839863851435
19213,16,ANcr1,saline,F,4h,5.268907474472144
19214,17,ANcr1,morphine,M,1h,17.73865516405622
19215,18,ANcr1,saline,M,1h,11.591596443838716
19216,19,ANcr1,morphine,F,1h,22.129411392783005
19217,20,ANcr1,morphine,F,1h,11.591596443838716
19218,21,ANcr1,morphine,F,1h,9.65966370319893
19219,22,ANcr1,morphine,M,4h,45.66386477875858
19220,23,ANcr1,morphine,M,4h,31.086554099385648
19221,24,ANcr1,saline,F,1h,2.4588234880870004
19222,25,ANcr1,saline,F,4h,9.65966370319893
19223,26,ANcr1,saline,F,4h,12.118487191285931
19224,0,ANcr2,morphine,M,1h,276.4164533714982
19225,1,ANcr2,morphine,M,4h,294.80509216620516
19226,2,ANcr2,saline,M,1h,466.75842727841103
19227,3,ANcr2,saline,M,4h,191.5157168087026
19228,4,ANcr2,morphine,F,4h,94.29067977711405
19229,5,ANcr2,saline,F,4h,8.411824129493578
19230,6,ANcr2,morphine,M,1h,64.36023578147412
19231,7,ANcr2,morphine,M,4h,38.92913957602841
19232,8,ANcr2,saline,M,4h,27.974205825990268
19233,9,ANcr2,morphine,F,4h,11.541805200933048
19234,10,ANcr2,saline,F,1h,2.347485803579603
19235,11,ANcr2,saline,M,1h,17.60614352684702
19236,12,ANcr2,morphine,M,1h,4.694971607159206
19237,13,ANcr2,saline,M,4h,7.8249526785986765
19238,14,ANcr2,morphine,M,1h,144.9572483710405
19239,15,ANcr2,morphine,F,4h,6.259962142878941
19240,16,ANcr2,saline,F,4h,9.976814665213313
19241,17,ANcr2,morphine,M,1h,11.737429017898014
19242,18,ANcr2,saline,M,1h,12.324300468792915
19243,19,ANcr2,morphine,F,1h,23.27923421883106
19244,20,ANcr2,morphine,F,1h,13.30241955361775
19245,21,ANcr2,morphine,F,1h,10.368062299143245
19246,22,ANcr2,morphine,M,4h,88.22634145120007
19247,23,ANcr2,morphine,M,4h,34.429791785834176
19248,24,ANcr2,saline,F,1h,0.9781190848248346
19249,25,ANcr2,saline,F,4h,25.822343839375634
19250,26,ANcr2,saline,F,4h,16.236776808092255
19251,0,PRM,morphine,M,1h,251.0637443884386
19252,1,PRM,morphine,M,4h,99.93401897353837
19253,2,PRM,saline,M,1h,238.36720919098087
19254,3,PRM,saline,M,4h,108.94446330721806
19255,4,PRM,morphine,F,4h,66.34963554800498
19256,5,PRM,saline,F,4h,4.91478781837074
19257,6,PRM,morphine,M,1h,53.44831752478179
19258,7,PRM,morphine,M,4h,23.550024963026463
19259,8,PRM,saline,M,4h,23.140459311495565
19260,9,PRM,morphine,F,4h,8.1913130306179
19261,10,PRM,saline,F,1h,0.20478282576544748
19262,11,PRM,saline,M,1h,10.443924114037822
19263,12,PRM,morphine,M,1h,5.1195706441361875
19264,13,PRM,saline,M,4h,28.055247129866306
19265,14,PRM,morphine,M,1h,108.94446330721806
19266,15,PRM,morphine,F,4h,5.529136295667082
19267,16,PRM,saline,F,4h,5.938701947197977
19268,17,PRM,morphine,M,1h,13.106100848988639
19269,18,PRM,saline,M,1h,5.1195706441361875
19270,19,PRM,morphine,F,1h,36.86090863778055
19271,20,PRM,morphine,F,1h,14.74436345511222
19272,21,PRM,morphine,F,1h,7.986530204852452
19273,22,PRM,morphine,M,4h,60.410933600807006
19274,23,PRM,morphine,M,4h,36.04177733471876
19275,24,PRM,saline,F,1h,0.0
19276,25,PRM,saline,F,4h,22.321328008433778
19277,26,PRM,saline,F,4h,7.576964553321557
19278,0,COPY,morphine,M,1h,157.6116449069493
19279,1,COPY,morphine,M,4h,76.61122992945383
19280,2,COPY,saline,M,1h,151.22737574616147
19281,3,COPY,saline,M,4h,35.512497206882244
19282,4,COPY,morphine,F,4h,54.6653046892457
19283,5,COPY,saline,F,4h,14.763622434321832
19284,6,COPY,morphine,M,1h,65.83777572062438
19285,7,COPY,morphine,M,4h,17.5567401921665
19286,8,COPY,saline,M,4h,23.142975707855843
19287,9,COPY,morphine,F,4h,4.788201870590864
19288,10,COPY,saline,F,1h,0.3990168225492387
19289,11,COPY,saline,M,1h,3.9901682254923867
19290,12,COPY,morphine,M,1h,3.9901682254923867
19291,13,COPY,saline,M,4h,14.763622434321832
19292,14,COPY,morphine,M,1h,98.9561719922112
19293,15,COPY,morphine,F,4h,9.17738691863249
19294,16,COPY,saline,F,4h,17.5567401921665
19295,17,COPY,morphine,M,1h,39.50266543237463
19296,18,COPY,saline,M,1h,23.142975707855843
19297,19,COPY,morphine,F,1h,36.31053085198072
19298,20,COPY,morphine,F,1h,1.9950841127461933
19299,21,COPY,morphine,F,1h,3.9901682254923867
19300,22,COPY,morphine,M,4h,30.72429533629138
19301,23,COPY,morphine,M,4h,13.965588789223354
19302,24,COPY,saline,F,1h,0.0
19303,25,COPY,saline,F,4h,13.167555144124877
19304,26,COPY,saline,F,4h,5.98525233823858
19305,0,PFL,morphine,M,1h,154.12435374244652
19306,1,PFL,morphine,M,4h,110.83687953165746
19307,2,PFL,saline,M,1h,101.76047364875008
19308,3,PFL,saline,M,4h,145.22249412651811
19309,4,PFL,morphine,F,4h,5.2363880093696435
19310,5,PFL,saline,F,4h,2.0945552037478574
19311,6,PFL,morphine,M,1h,33.33833699298673
19312,7,PFL,morphine,M,4h,2.967286538642798
19313,8,PFL,saline,M,4h,1.0472776018739287
19314,9,PFL,morphine,F,4h,0.34909253395797624
19315,10,PFL,saline,F,1h,0.0
19316,11,PFL,saline,M,1h,3.141832805621786
19317,12,PFL,morphine,M,1h,25.30920871195328
19318,13,PFL,saline,M,4h,16.93098789696185
19319,14,PFL,morphine,M,1h,159.36074175181616
19320,15,PFL,morphine,F,4h,10.472776018739287
19321,16,PFL,saline,F,4h,14.83643269321399
19322,17,PFL,morphine,M,1h,19.898274435604645
19323,18,PFL,saline,M,1h,80.29128281033454
19324,19,PFL,morphine,F,1h,12.741877489466132
19325,20,PFL,morphine,F,1h,2.79274027166381
19326,21,PFL,morphine,F,1h,2.967286538642798
19327,22,PFL,morphine,M,4h,12.567331222487145
19328,23,PFL,morphine,M,4h,1.2218238688529168
19329,24,PFL,saline,F,1h,0.34909253395797624
19330,25,PFL,saline,F,4h,1.0472776018739287
19331,26,PFL,saline,F,4h,4.538202941453691
19332,0,FL,morphine,M,1h,13.460298848546215
19333,1,FL,morphine,M,4h,2.991177521899159
19334,2,FL,saline,M,1h,18.694859511869744
19335,3,FL,saline,M,4h,4.4867662828487385
19336,4,FL,morphine,F,4h,5.234560663323528
19337,5,FL,saline,F,4h,1.4955887609495795
19338,6,FL,morphine,M,1h,0.0
19339,7,FL,morphine,M,4h,2.2433831414243692
19340,8,FL,saline,M,4h,0.0
19341,9,FL,morphine,F,4h,0.7477943804747897
19342,10,FL,saline,F,1h,0.0
19343,11,FL,saline,M,1h,1.4955887609495795
19344,12,FL,morphine,M,1h,0.0
19345,13,FL,saline,M,4h,8.225738185222687
19346,14,FL,morphine,M,1h,68.04928862320587
19347,15,FL,morphine,F,4h,38.88530778468906
19348,16,FL,saline,F,4h,2.2433831414243692
19349,17,FL,morphine,M,1h,6.730149424273107
19350,18,FL,saline,M,1h,0.7477943804747897
19351,19,FL,morphine,F,1h,2.2433831414243692
19352,20,FL,morphine,F,1h,0.0
19353,21,FL,morphine,F,1h,1.4955887609495795
19354,22,FL,morphine,M,4h,12.712504468071424
19355,23,FL,morphine,M,4h,0.7477943804747897
19356,24,FL,saline,F,1h,0.0
19357,25,FL,saline,F,4h,0.0
19358,26,FL,saline,F,4h,2.991177521899159
19359,0,CBN,morphine,M,1h,47.13698906870778
19360,1,CBN,morphine,M,4h,1.1223092635406613
19361,2,CBN,saline,M,1h,172.2744719534915
19362,3,CBN,saline,M,4h,6.733855581243968
19363,4,CBN,morphine,F,4h,47.698143700478106
19364,5,CBN,saline,F,4h,8.41731947655496
19365,6,CBN,morphine,M,1h,62.849318758277036
19366,7,CBN,morphine,M,4h,12.906556530717605
19367,8,CBN,saline,M,4h,6.172700949473637
19368,9,CBN,morphine,F,4h,0.0
19369,10,CBN,saline,F,1h,2.2446185270813226
19370,11,CBN,saline,M,1h,3.366927790621984
19371,12,CBN,morphine,M,1h,4.489237054162645
19372,13,CBN,saline,M,4h,3.366927790621984
19373,14,CBN,morphine,M,1h,77.43933918430564
19374,15,CBN,morphine,F,4h,4.489237054162645
19375,16,CBN,saline,F,4h,16.83463895310992
19376,17,CBN,morphine,M,1h,57.79892707234406
19377,18,CBN,saline,M,1h,0.5611546317703306
19378,19,CBN,morphine,F,1h,10.100783371865953
19379,20,CBN,morphine,F,1h,0.5611546317703306
19380,21,CBN,morphine,F,1h,2.8057731588516535
19381,22,CBN,morphine,M,4h,48.82045296401877
19382,23,CBN,morphine,M,4h,27.496576956746203
19383,24,CBN,saline,F,1h,0.5611546317703306
19384,25,CBN,saline,F,4h,8.41731947655496
19385,26,CBN,saline,F,4h,3.9280824223923148
19386,0,FN,morphine,M,1h,65.73233791998982
19387,1,FN,morphine,M,4h,1.991889027878479
19388,2,FN,saline,M,1h,177.27812348118465
19389,3,FN,saline,M,4h,7.967556111513916
19390,4,FN,morphine,F,4h,39.83778055756958
19391,5,FN,saline,F,4h,9.959445139392395
19392,6,FN,morphine,M,1h,95.610673338167
19393,7,FN,morphine,M,4h,13.943223195149354
19394,8,FN,saline,M,4h,17.92700125090631
19395,9,FN,morphine,F,4h,0.0
19396,10,FN,saline,F,1h,0.0
19397,11,FN,saline,M,1h,1.991889027878479
19398,12,FN,morphine,M,1h,5.975667083635438
19399,13,FN,saline,M,4h,0.0
19400,14,FN,morphine,M,1h,47.8053366690835
19401,15,FN,morphine,F,4h,9.959445139392395
19402,16,FN,saline,F,4h,9.959445139392395
19403,17,FN,morphine,M,1h,23.90266833454175
19404,18,FN,saline,M,1h,1.991889027878479
19405,19,FN,morphine,F,1h,9.959445139392395
19406,20,FN,morphine,F,1h,0.0
19407,21,FN,morphine,F,1h,3.983778055756958
19408,22,FN,morphine,M,4h,81.66745014301765
19409,23,FN,morphine,M,4h,61.74855986423285
19410,24,FN,saline,F,1h,0.0
19411,25,FN,saline,F,4h,23.90266833454175
19412,26,FN,saline,F,4h,3.983778055756958
19413,0,IP,morphine,M,1h,40.70363797486609
19414,1,IP,morphine,M,4h,1.162961084996174
19415,2,IP,saline,M,1h,201.1922677043381
19416,3,IP,saline,M,4h,5.81480542498087
19417,4,IP,morphine,F,4h,45.35548231485078
19418,5,IP,saline,F,4h,3.488883254988522
19419,6,IP,morphine,M,1h,59.31101533480487
19420,7,IP,morphine,M,4h,16.281455189946435
19421,8,IP,saline,M,4h,2.325922169992348
19422,9,IP,morphine,F,4h,0.0
19423,10,IP,saline,F,1h,0.0
19424,11,IP,saline,M,1h,5.81480542498087
19425,12,IP,morphine,M,1h,5.81480542498087
19426,13,IP,saline,M,4h,4.651844339984696
19427,14,IP,morphine,M,1h,91.87392571469775
19428,15,IP,morphine,F,4h,3.488883254988522
19429,16,IP,saline,F,4h,8.140727594973217
19430,17,IP,morphine,M,1h,77.91839269474366
19431,18,IP,saline,M,1h,0.0
19432,19,IP,morphine,F,1h,6.977766509977044
19433,20,IP,morphine,F,1h,0.0
19434,21,IP,morphine,F,1h,1.162961084996174
19435,22,IP,morphine,M,4h,25.58514386991583
19436,23,IP,morphine,M,4h,4.651844339984696
19437,24,IP,saline,F,1h,0.0
19438,25,IP,saline,F,4h,2.325922169992348
19439,26,IP,saline,F,4h,2.325922169992348
19440,0,DN,morphine,M,1h,29.852172044037925
19441,1,DN,morphine,M,4h,0.0
19442,2,DN,saline,M,1h,71.64521290569101
19443,3,DN,saline,M,4h,5.970434408807585
19444,4,DN,morphine,F,4h,74.6304301100948
19445,5,DN,saline,F,4h,14.926086022018962
19446,6,DN,morphine,M,1h,32.83738924844172
19447,7,DN,morphine,M,4h,5.970434408807585
19448,8,DN,saline,M,4h,0.0
19449,9,DN,morphine,F,4h,0.0
19450,10,DN,saline,F,1h,11.94086881761517
19451,11,DN,saline,M,1h,0.0
19452,12,DN,morphine,M,1h,0.0
19453,13,DN,saline,M,4h,5.970434408807585
19454,14,DN,morphine,M,1h,98.51216774532514
19455,15,DN,morphine,F,4h,0.0
19456,16,DN,saline,F,4h,47.76347527046068
19457,17,DN,morphine,M,1h,53.733909679268265
19458,18,DN,saline,M,1h,0.0
19459,19,DN,morphine,F,1h,5.970434408807585
19460,20,DN,morphine,F,1h,0.0
19461,21,DN,morphine,F,1h,5.970434408807585
19462,22,DN,morphine,M,4h,53.733909679268265
19463,23,DN,morphine,M,4h,5.970434408807585
19464,24,DN,saline,F,1h,2.9852172044037926
19465,25,DN,saline,F,4h,0.0
19466,26,DN,saline,F,4h,2.9852172044037926
19467,0,VeCB,morphine,M,1h,70.46719751955465
19468,1,VeCB,morphine,M,4h,0.0
19469,2,VeCB,saline,M,1h,246.63519131844126
19470,3,VeCB,saline,M,4h,11.744532919925774
19471,4,VeCB,morphine,F,4h,11.744532919925774
19472,5,VeCB,saline,F,4h,23.48906583985155
19473,6,VeCB,morphine,M,1h,23.48906583985155
19474,7,VeCB,morphine,M,4h,0.0
19475,8,VeCB,saline,M,4h,0.0
19476,9,VeCB,morphine,F,4h,0.0
19477,10,VeCB,saline,F,1h,0.0
19478,11,VeCB,saline,M,1h,0.0
19479,12,VeCB,morphine,M,1h,0.0
19480,13,VeCB,saline,M,4h,0.0
19481,14,VeCB,morphine,M,1h,23.48906583985155
19482,15,VeCB,morphine,F,4h,0.0
19483,16,VeCB,saline,F,4h,23.48906583985155
19484,17,VeCB,morphine,M,1h,70.46719751955465
19485,18,VeCB,saline,M,1h,0.0
19486,19,VeCB,morphine,F,1h,58.72266459962887
19487,20,VeCB,morphine,F,1h,11.744532919925774
19488,21,VeCB,morphine,F,1h,0.0
19489,22,VeCB,morphine,M,4h,70.46719751955465
19490,23,VeCB,morphine,M,4h,140.9343950391093
19491,24,VeCB,saline,F,1h,0.0
19492,25,VeCB,saline,F,4h,11.744532919925774
19493,26,VeCB,saline,F,4h,23.48906583985155
